codigo,tipo,nombre,direccion,comuna_codigo,comuna,region_codigo,region,servicio_salud,dependencia,latitud,longitud
110485,PSR,Posta de Salud Rural Loica,Calle Aldea Loica,13505,San Pedro,13,Metropolitana de Santiago,Servicio de Salud Metropolitano Occidente,Municipal,-33.976637,-71.468749
126412,PSR,Posta de Salud Rural Cameron,Otro Caserío de Camerón,12303,Timaukel,12,Magallanes y de la Antártica Chilena,Servicio de Salud Magallanes,Municipal,-53.64055,-69.64585
126414,PSR,Posta de Salud Rural Agua Fresca,Otro Caserío de Agua Fresca,12101,Punta Arenas,12,Magallanes y de la Antártica Chilena,Servicio de Salud Magallanes,Municipal,-53.40424,-70.99016
200311,CECOSF,CECOSF FORTALECIENDO VIDAS,Calle Linao 370,12101,Punta Arenas,12,Magallanes y de la Antártica Chilena,Servicio de Salud Magallanes,Municipal,-53.18041,-70.95141
126606,COSAM,COSAM Punta Arenas,Calle Junta de Gobierno 225,12101,Punta Arenas,12,Magallanes y de la Antártica Chilena,Servicio de Salud Magallanes,Municipal,-53.178248,-70.922132
126801,SAR,SAR Dr. Juan Damianovic,Calle Zenteno 2850,12101,Punta Arenas,12,Magallanes y de la Antártica Chilena,Servicio de Salud Magallanes,Municipal,-53.174898,-70.938015
126301,CESFAM,Centro de Salud Familiar Dr. Juan Damianovic,Calle Zenteno 1102,12101,Punta Arenas,12,Magallanes y de la Antártica Chilena,Servicio de Salud Magallanes,Municipal,-53.17495,-70.93796
200171,SAPU,SAPU 18 de Septiembre,Calle Mateo de Toro y Zambrano 1893,12101,Punta Arenas,12,Magallanes y de la Antártica Chilena,Servicio de Salud Magallanes,Municipal,-53.165297,-70.930831
126302,CESFAM,Centro de Salud Familiar 18 Septiembre,Calle Mateo de Toro y Zambrano 1893,12101,Punta Arenas,12,Magallanes y de la Antártica Chilena,Servicio de Salud Magallanes,Municipal,-53.16522,-70.93107
126304,CESFAM,Centro de Salud Familiar Carlos Ibáñez,Avenida Eduardo Frei,12101,Punta Arenas,12,Magallanes y de la Antártica Chilena,Servicio de Salud Magallanes,Municipal,-53.15522,-70.93044
201069,SAPU,SAPU Carlos  Ibañez,Avenida Frei 1102,12101,Punta Arenas,12,Magallanes y de la Antártica Chilena,Servicio de Salud Magallanes,Municipal,-53.155217,-70.93044
126303,CESFAM,Centro de Salud Familiar Dr. Thomas Fenton,Calle Prolongación Velastegui 762,12101,Punta Arenas,12,Magallanes y de la Antártica Chilena,Servicio de Salud Magallanes,Municipal,-53.14821,-70.88754
126300,CESFAM,Centro de Salud Familiar Dr. Mateo Bencur,Calle Capitán Guillermo 781,12101,Punta Arenas,12,Magallanes y de la Antártica Chilena,Servicio de Salud Magallanes,Municipal,-53.14212,-70.91263
126800,SAPU,SAPU Dr. Mateo Bencur,Calle Capitán Guillermo 781,12101,Punta Arenas,12,Magallanes y de la Antártica Chilena,Servicio de Salud Magallanes,Municipal,-53.141867,-70.912506
126700,CECOSF,CECOSF  Sandra Vargas,Calle Juan Ruiz García 1814,12101,Punta Arenas,12,Magallanes y de la Antártica Chilena,Servicio de Salud Magallanes,Municipal,-53.12652,-70.91809
126701,CECOSF,Centro Comunitario de Salud Familiar Río Seco,Calle Sector Río Seco,12101,Punta Arenas,12,Magallanes y de la Antártica Chilena,Servicio de Salud Magallanes,Municipal,-53.05755,-70.85788
126402,PSR,Posta de Salud Rural Germán Saldivia Teneb,Calle Caserío de Río Verde,12103,Río Verde,12,Magallanes y de la Antártica Chilena,Servicio de Salud Magallanes,Municipal,-52.65109,-71.46342
126403,PSR,Posta de Atención Primaria Fernando Ampuero Cheuquel,Calle Caserío de Villa Tehuenches,12102,Laguna Blanca,12,Magallanes y de la Antártica Chilena,Servicio de Salud Magallanes,Municipal,-52.42827,-71.41302
126404,PSR,Posta de Salud Rural Punta Delgada,Calle Sector Punta Delgada,12104,San Gregorio,12,Magallanes y de la Antártica Chilena,Servicio de Salud Magallanes,Municipal,-52.31638,-69.68958
126305,CESFAM,Centro de Salud Familiar Natales,Calle Javiera Carrera,12401,Natales,12,Magallanes y de la Antártica Chilena,Servicio de Salud Magallanes,Municipal,-51.72835,-72.48268
201079,SAPU,"SAPU ""Dr. Juan Lozic Perez""",Calle Javiera Carrera,12401,Natales,12,Magallanes y de la Antártica Chilena,Servicio de Salud Magallanes,Municipal,-51.728207,-72.482647
126413,PSR,Posta de Salud Rural Dorotea,Calle Caserío de Villa Dorotea,12401,Natales,12,Magallanes y de la Antártica Chilena,Servicio de Salud Magallanes,Municipal,-51.60621,-72.33238
126400,PSR,Posta de Salud Rural Cerro Castillo (Torres del Paine),Calle Caserío de Cerro Castillo,12402,Torres del Paine,12,Magallanes y de la Antártica Chilena,Servicio de Salud Magallanes,Municipal,-51.25538,-72.34362
126410,PSR,Posta de Salud Rural Puerto Edén,Calle Caserío de Villa Puerto Edén,12401,Natales,12,Magallanes y de la Antártica Chilena,Servicio de Salud Magallanes,Municipal,-49.12549,-74.41271
125425,PSR,Posta de Salud Rural Villa O'Higgins,Calle Aldea de O'Higgins,11302,O'Higgins,11,Aysén del General Carlos Ibañez del Campo,Servicio de Salud Aysén,Servicio de Salud,-48.469779,-72.560767
125428,PSR,Posta de Salud Rural Caleta Tortel,Calle Aldea de Tortel,11303,Tortel,11,Aysén del General Carlos Ibañez del Campo,Servicio de Salud Aysén,Servicio de Salud,-47.79589,-73.5323
125409,PSR,Posta de Salud Rural Puerto Bertrand,Calle Caserío de Puerto Bertrand,11401,Chile Chico,11,Aysén del General Carlos Ibañez del Campo,Servicio de Salud Aysén,Servicio de Salud,-47.01695,-72.82942
125410,PSR,Posta de Salud Rural Bernardita Zuñiga Vargas,Calle Aldea de Puerto Guadal,11401,Chile Chico,11,Aysén del General Carlos Ibañez del Campo,Servicio de Salud Aysén,Servicio de Salud,-46.84436,-72.70212
125411,PSR,Posta de Salud Rural Mallín Grande,Calle Caserío de Mallín Grande,11401,Chile Chico,11,Aysén del General Carlos Ibañez del Campo,Servicio de Salud Aysén,Servicio de Salud,-46.72719,-72.46432
125412,PSR,Posta de Salud Rural Río Tranquilo,Calle Aldea de Río Tranquilo,11402,Río Ibáñez,11,Aysén del General Carlos Ibañez del Campo,Servicio de Salud Aysén,Servicio de Salud,-46.62364,-72.67736
125408,PSR,Posta de Salud Rural Puerto Sánchez,Calle Caserío de Puerto Sánchez,11402,Río Ibáñez,11,Aysén del General Carlos Ibañez del Campo,Servicio de Salud Aysén,Servicio de Salud,-46.59205,-72.57875
125407,PSR,Posta de Salud Rural Bahía Murta,Calle Aldea de Bahía Murta,11402,Río Ibáñez,11,Aysén del General Carlos Ibañez del Campo,Servicio de Salud Aysén,Servicio de Salud,-46.458216,-72.673995
125419,PSR,Posta de Salud Rural Puerto Ibáñez,Calle Aldea de Puerto Ibáñez,11402,Río Ibáñez,11,Aysén del General Carlos Ibañez del Campo,Servicio de Salud Aysén,Servicio de Salud,-46.29201,-71.93383
125420,PSR,Posta de Salud Rural Cerro Castillo (Río Ibáñez),Calle Aldea de Cerro Castillo,11402,Río Ibáñez,11,Aysén del General Carlos Ibañez del Campo,Servicio de Salud Aysén,Servicio de Salud,-46.12091,-72.1607
125400,PSR,Posta de Salud Rural Balmaceda,Calle Aldea de Balmaceda,11101,Coyhaique,11,Aysén del General Carlos Ibañez del Campo,Servicio de Salud Aysén,Servicio de Salud,-45.90909,-71.69802
125413,PSR,Posta de Salud Rural El Blanco,Calle Aldea de el Blanco,11101,Coyhaique,11,Aysén del General Carlos Ibañez del Campo,Servicio de Salud Aysén,Servicio de Salud,-45.81443,-71.91623
125414,PSR,Posta de Salud Rural Valle Simpson,Calle Aldea de Valle Simpson,11101,Coyhaique,11,Aysén del General Carlos Ibañez del Campo,Servicio de Salud Aysén,Servicio de Salud,-45.71442,-72.08107
125423,PSR,Posta de Salud Rural Lago Atravesado,Calle Sector Lago Atravesado,11101,Coyhaique,11,Aysén del General Carlos Ibañez del Campo,Servicio de Salud Aysén,Servicio de Salud,-45.66848,-72.21204
125300,CGU,CESFAM  Víctor Domingo Silva,Calle Alejandro Gutiérrez,11101,Coyhaique,11,Aysén del General Carlos Ibañez del Campo,Servicio de Salud Aysén,Servicio de Salud,-45.58272,-72.06043
200170,SAPU,SAPU Dr. Alejandro Gutiérrez,Calle Francisco Bilbao 1955,11101,Coyhaique,11,Aysén del General Carlos Ibañez del Campo,Servicio de Salud Aysén,Servicio de Salud,-45.579991,-72.046529
125301,CGU,Consultorio Alejandro Gutiérrez,Calle Bilbao,11101,Coyhaique,11,Aysén del General Carlos Ibañez del Campo,Servicio de Salud Aysén,Servicio de Salud,-45.57986,-72.04638
200256,COSAM,COSAM Coyhaique,Calle Freire 1435,11101,Coyhaique,11,Aysén del General Carlos Ibañez del Campo,Servicio de Salud Aysén,Servicio de Salud,-45.578087,-72.055291
200359,CECOSF,Centro Comunitario de Salud Familiar Alejandro Gutierrez,Calle Lautaro 63,11101,Coyhaique,11,Aysén del General Carlos Ibañez del Campo,Servicio de Salud Aysén,Servicio de Salud,-45.57408,-72.07655
125417,CECOSF,Centro Comunitario de Salud Familiar Puerto Chacabuco,"Calle O""higgins, Puerto Chacabuco 331",11201,Aisén,11,Aysén del General Carlos Ibañez del Campo,Servicio de Salud Aysén,Servicio de Salud,-45.461686,-72.816539
125701,CECOSF,Centro Comunitario de Salud Familiar Ribera Sur,Calle Lago Portales,11201,Aisén,11,Aysén del General Carlos Ibañez del Campo,Servicio de Salud Aysén,Servicio de Salud,-45.41131,-72.69291
200380,CESFAM,Centro de Salud Familiar Puerto Aysen,Calle Eleuterio Ramirez 1035,11201,Aisén,11,Aysén del General Carlos Ibañez del Campo,Servicio de Salud Aysén,Servicio de Salud,-45.405278,-72.702222
125415,PSR,Posta de Salud Rural Villa Ortega,Calle Caserío de Villa Ortega,11101,Coyhaique,11,Aysén del General Carlos Ibañez del Campo,Servicio de Salud Aysén,Servicio de Salud,-45.37192,-71.99313
125416,PSR,Posta de Salud Rural Ñirehuao,Calle Caserío de Ñireguao,11101,Coyhaique,11,Aysén del General Carlos Ibañez del Campo,Servicio de Salud Aysén,Servicio de Salud,-45.26776,-71.71719
125418,CECOSF,Centro Comunitario de Salud Familiar  Villa Mañihuales,Calle Arturo Prat 134,11201,Aisén,11,Aysén del General Carlos Ibañez del Campo,Servicio de Salud Aysén,Servicio de Salud,-45.17201,-72.14587
125402,PSR,Posta de Salud Rural Puerto Aguirre,Calle Aldea de Puerto Aguirre,11201,Aisén,11,Aysén del General Carlos Ibañez del Campo,Servicio de Salud Aysén,Servicio de Salud,-45.16343,-73.52313
125403,PSR,Posta de Salud Rural Caleta Andrade,Calle Aldea de Caleta Andrade,11201,Aisén,11,Aysén del General Carlos Ibañez del Campo,Servicio de Salud Aysén,Servicio de Salud,-45.15335,-73.51016
125426,PSR,Posta de Salud Rural El Gato,Calle Sector El Gato,11101,Coyhaique,11,Aysén del General Carlos Ibañez del Campo,Servicio de Salud Aysén,Servicio de Salud,-45.14893,-71.87475
125406,PSR,Posta de Salud Rural Villa Amengual,Calle Caserío Villa Amengual,11102,Lago Verde,11,Aysén del General Carlos Ibañez del Campo,Servicio de Salud Aysén,Servicio de Salud,-44.74812,-72.21031
125405,PSR,Posta de Salud Rural La Tapera,Calle Caserío Villa La Tapera,11102,Lago Verde,11,Aysén del General Carlos Ibañez del Campo,Servicio de Salud Aysén,Servicio de Salud,-44.6443,-71.67117
125421,PSR,Posta de Salud Rural Puyuhuapi,Calle Aldea Puerto Puyuhuapi,11202,Cisnes,11,Aysén del General Carlos Ibañez del Campo,Servicio de Salud Aysén,Servicio de Salud,-44.32358,-72.5573
125429,PSR,Posta de Salud Rural Isla Toto,Calle Sector Isla Toto,11202,Cisnes,11,Aysén del General Carlos Ibañez del Campo,Servicio de Salud Aysén,Servicio de Salud,-44.25715,-73.208813
125404,PSR,Posta de Salud Rural Lago Verde,Calle Aldea de Lago Verde,11102,Lago Verde,11,Aysén del General Carlos Ibañez del Campo,Servicio de Salud Aysén,Servicio de Salud,-44.24014,-71.8513
125427,PSR,Posta de Salud Rural Melimoyu,Calle Caserío de Melimoyu,11202,Cisnes,11,Aysén del General Carlos Ibañez del Campo,Servicio de Salud Aysén,Servicio de Salud,-44.10994,-73.11775
125442,CESFAM,Centro de Salud Familiar La Junta,"Calle Diego Portales, La Junta",11202,Cisnes,11,Aysén del General Carlos Ibañez del Campo,Servicio de Salud Aysén,Servicio de Salud,-43.97125,-72.40613
125401,PSR,Posta de Salud Rural Melinka,Calle Pueblo de Melinka,11203,Guaitecas,11,Aysén del General Carlos Ibañez del Campo,Servicio de Salud Aysén,Servicio de Salud,-43.896661,-73.745897
125424,PSR,Posta de Salud Rural Raúl Marín Balmaceda,Calle Caserío Raúl Marín Balmaceda,11202,Cisnes,11,Aysén del General Carlos Ibañez del Campo,Servicio de Salud Aysén,Servicio de Salud,-43.773497,-72.954818
124536,PSR,Posta de Salud Rural El Malito,Calle Ruta CH 235 - Km.,10404,Palena,10,Los Lagos,Servicio de Salud Del Reloncaví,Municipal,-43.61861,-72.00663
124534,PSR,Posta de Salud Rural Puerto Ramírez,Calle Sector Puerto Ramírez,10404,Palena,10,Los Lagos,Servicio de Salud Del Reloncaví,Municipal,-43.481403,-72.128405
124532,PSR,Posta de Salud Rural El Frío o Santa Lucía,Calle Sector El Frío o Santa Lucía,10401,Chaitén,10,Los Lagos,Servicio de Salud Del Reloncaví,Municipal,-43.41555,-72.36728
133558,PSR,Posta de Salud Rural Inio,"Calle Sector Inio, parque Tantauco",10208,Quellón,10,Los Lagos,Servicio de Salud Chiloé,Municipal,-43.36262,-74.12243
124535,PSR,Posta de Salud Rural El Azul,Calle Sector El Azul,10402,Futaleufú,10,Los Lagos,Servicio de Salud Del Reloncaví,Municipal,-43.3231,-72.00914
133529,PSR,Posta de Salud Rural Piedras Blancas,Calle Sector Piedras Blancas,10208,Quellón,10,Los Lagos,Servicio de Salud Chiloé,Municipal,-43.24874,-73.6953
133527,PSR,Posta de Salud Rural Punta Liles o Laitec,Calle Sector Isla Laitec,10208,Quellón,10,Los Lagos,Servicio de Salud Chiloé,Municipal,-43.219119,-73.619778
133528,PSR,Posta de Salud Rural Punta Paula o Coldita,Calle Sector Isla Coldita,10208,Quellón,10,Los Lagos,Servicio de Salud Chiloé,Municipal,-43.189104,-73.692227
133526,PSR,Posta de Salud Rural Pelu,Calle Sector Isla Cailin,10208,Quellón,10,Los Lagos,Servicio de Salud Chiloé,Municipal,-43.150328,-73.551745
133797,CECOSF,Centro Comunitario de Salud Familiar Vista Hermosa,Calle Las Industrias,10208,Quellón,10,Los Lagos,Servicio de Salud Chiloé,Municipal,-43.11766,-73.60235
133796,CECOSF,Centro Comunitario de Salud Familiar Rukalaf,Pasaje Lautaro,10208,Quellón,10,Los Lagos,Servicio de Salud Chiloé,Municipal,-43.1176,-73.63138
200493,CECOSF,Centro Comunitario de Salud Familiar Villa Aytue,Calle Los Caciques 288,10208,Quellón,10,Los Lagos,Servicio de Salud Chiloé,Municipal,-43.111504,-73.618482
133396,CESFAM,Centro de Salud Familiar Quellón,Calle Galvarino Riveros 590,10208,Quellón,10,Los Lagos,Servicio de Salud Chiloé,Municipal,-43.11444,-73.61254
133551,PSR,Posta de Salud Rural Yaldad,Calle Sector Yaldad,10208,Quellón,10,Los Lagos,Servicio de Salud Chiloé,Municipal,-43.11152,-73.7089
124540,PSR,Posta de Salud Rural El Espolón,Calle Sector El Espolón,10402,Futaleufú,10,Los Lagos,Servicio de Salud Del Reloncaví,Municipal,-43.09361,-72.02093
133523,PSR,Posta de Salud Rural Candelaria (Quellón),Calle Sector Candelaria,10208,Quellón,10,Los Lagos,Servicio de Salud Chiloé,Municipal,-43.06352,-73.56214
133561,PSR,Posta de Salud Rural Chaullín,Calle Sector Isla Chaullín,10208,Quellón,10,Los Lagos,Servicio de Salud Chiloé,Municipal,-43.04116,-73.46106
133548,PSR,Posta de Salud Rural Coinco,Calle Sector Coinco,10208,Quellón,10,Los Lagos,Servicio de Salud Chiloé,Municipal,-43.039279,-73.640811
133522,PSR,Posta de Salud Rural Curanue,Calle Sector Curanué,10208,Quellón,10,Los Lagos,Servicio de Salud Chiloé,Municipal,-43.03516,-73.56828
133550,PSR,Posta de Salud Rural Auchac,Calle Sector Auchac,10208,Quellón,10,Los Lagos,Servicio de Salud Chiloé,Municipal,-43.028841,-73.539411
133499,PSR,Posta de Salud Rural Alqui,Calle Sector Alqui,10207,Queilén,10,Los Lagos,Servicio de Salud Chiloé,Municipal,-42.98198,-73.4666
133525,PSR,Posta de Salud Rural San Juan de Chadmo,Calle Sector San Juan de Chadmo,10208,Quellón,10,Los Lagos,Servicio de Salud Chiloé,Municipal,-42.97182,-73.58271
133502,PSR,Posta de Salud Rural Nepúe,Calle Sector Nepué,10207,Queilén,10,Los Lagos,Servicio de Salud Chiloé,Municipal,-42.943622,-73.528561
133560,PSR,Posta de Salud Rural San José,Calle Sector Rural San José. Isla Tranqui,10207,Queilén,10,Los Lagos,Servicio de Salud Chiloé,Municipal,-42.92723,-73.58581
133549,PSR,Posta de Salud Rural Chadmo Central,Calle Sector Chadmo Central,10208,Quellón,10,Los Lagos,Servicio de Salud Chiloé,Municipal,-42.92164,-73.68547
133524,PSR,Posta de Salud Rural Compu,Calle Sector Compu,10208,Quellón,10,Los Lagos,Servicio de Salud Chiloé,Municipal,-42.877799,-73.698668
133536,PSR,Posta de Salud Rural Pureo,Calle Sector Pureo,10207,Queilén,10,Los Lagos,Servicio de Salud Chiloé,Municipal,-42.85865,-73.66488
133553,PSR,Posta de Salud Rural Natri,Calle Sector Natri,10203,Chonchi,10,Los Lagos,Servicio de Salud Chiloé,Municipal,-42.84144,-73.74953
133534,PSR,Posta de Salud Rural de CONTUY,Calle Localidad de Contuy,10207,Queilén,10,Los Lagos,Servicio de Salud Chiloé,Municipal,-42.83526,-73.60461
133500,PSR,Posta de Salud Rural Apeche,Calle Sector Apeche,10207,Queilén,10,Los Lagos,Servicio de Salud Chiloé,Municipal,-42.834244,-73.618558
133501,PSR,Posta de Salud Rural Pío - Pío,Calle Sector Pío - Pío,10207,Queilén,10,Los Lagos,Servicio de Salud Chiloé,Municipal,-42.81525,-73.54212
133498,PSR,Posta de Salud Rural Agoni Alto,Calle Sector Agoni Alto,10207,Queilén,10,Los Lagos,Servicio de Salud Chiloé,Municipal,-42.77188,-73.60496
133538,PSR,Posta de Salud Rural Pulpito,Calle Sector Pulpito,10203,Chonchi,10,Los Lagos,Servicio de Salud Chiloé,Municipal,-42.76111,-73.78861
124533,PSR,Posta de Salud Rural Chana,Calle Caserío de Chana,10401,Chaitén,10,Los Lagos,Servicio de Salud Del Reloncaví,Municipal,-42.745111,-72.831228
124520,PSR,Posta de Salud Rural Talcán,Calle Sector Talcán,10401,Chaitén,10,Los Lagos,Servicio de Salud Del Reloncaví,Municipal,-42.74491,-72.96194
133480,PSR,Posta de Salud Rural Terao,Calle Sector Terao,10203,Chonchi,10,Los Lagos,Servicio de Salud Chiloé,Municipal,-42.71918,-73.66289
124521,PSR,Posta de Salud Rural Nayahue,Calle Sector Nayahue - Auteni,10401,Chaitén,10,Los Lagos,Servicio de Salud Del Reloncaví,Municipal,-42.71586,-73.07577
133477,PSR,Posta de Salud Rural Detif,Calle Caserío de Detif,10206,Puqueldón,10,Los Lagos,Servicio de Salud Chiloé,Municipal,-42.68489,-73.55596
133745,CECOSF,Centro Comunitario de Salud Familiar Huillinco,Calle Huillinco,10203,Chonchi,10,Los Lagos,Servicio de Salud Chiloé,Municipal,-42.67532,-73.89807
133478,PSR,Posta de Salud Rural Liucura (Puqueldón),Calle Caserío de Liucura,10206,Puqueldón,10,Los Lagos,Servicio de Salud Chiloé,Municipal,-42.6512,-73.60856
133556,PSR,Posta de Salud Rural Cucao,Calle Sector Cucao,10203,Chonchi,10,Los Lagos,Servicio de Salud Chiloé,Municipal,-42.636638,-74.108388
133511,PSR,Posta de Salud Rural Capilla Antigüa,Calle Isla Chaulinec Sector Capilla antigua,10210,Quinchao,10,Los Lagos,Servicio de Salud Chiloé,Municipal,-42.633906,-73.267579
124518,PSR,Posta de Salud Rural Chulín,Calle Sector Chulín,10401,Chaitén,10,Los Lagos,Servicio de Salud Del Reloncaví,Municipal,-42.63047,-73.04044
133552,PSR,Posta de Salud Rural Chaulinec La Villa,"Calle Sector la Villa, Isla Chaulinec",10210,Quinchao,10,Los Lagos,Servicio de Salud Chiloé,Municipal,-42.626615,-73.296979
133345,CESFAM,Centro de Salud Familiar Chonchi,Calle Chonchi,10203,Chonchi,10,Los Lagos,Servicio de Salud Chiloé,Municipal,-42.62453,-73.7675
200733,SUR,SUR Chonchi,Calle Chonchi,10203,Chonchi,10,Los Lagos,Servicio de Salud Chiloé,Municipal,-42.622752,-73.777951
133483,PSR,Posta de Salud Rural Petanes Bajos,Calle Sector Petantes Bajos,10203,Chonchi,10,Los Lagos,Servicio de Salud Chiloé,Municipal,-42.622737,-73.918767
133476,PSR,Posta de Salud Rural Ichuac,Calle Caserío de Ichuac,10206,Puqueldón,10,Los Lagos,Servicio de Salud Chiloé,Municipal,-42.61617,-73.71893
133469,PSR,Posta de Salud Rural Quehui,Calle Sector Quehui,10201,Castro,10,Los Lagos,Servicio de Salud Chiloé,Municipal,-42.61354,-73.49468
133482,PSR,Posta de Salud Rural Chanquín,Calle Sector Chanquín,10203,Chonchi,10,Los Lagos,Servicio de Salud Chiloé,Municipal,-42.60277,-74.120282
133510,PSR,Posta de Salud Rural Isla Alao,Calle Sector Isla Alao,10210,Quinchao,10,Los Lagos,Servicio de Salud Chiloé,Municipal,-42.60089,-73.29903
200735,SUR,SUR Puqueldón,Calle Puqueldón,10206,Puqueldón,10,Los Lagos,Servicio de Salud Chiloé,Municipal,-42.598831,-73.676567
133355,CESFAM,Centro de Salud Familiar Puqueldón,Calle Puqueldón,10206,Puqueldón,10,Los Lagos,Servicio de Salud Chiloé,Municipal,-42.5988,-73.6765
133703,CECOSF,Centro Comunitario de Salud Familiar Carlina Paillacar,"Calle Sector Apiao, Isla de Apiao",10210,Quinchao,10,Los Lagos,Servicio de Salud Chiloé,Municipal,-42.5976,-73.21151
133554,PSR,Posta de Salud Rural Curaco de Vilupulli,Calle Sector Vilupulli,10203,Chonchi,10,Los Lagos,Servicio de Salud Chiloé,Municipal,-42.59437,-73.86074
133470,PSR,Posta de Salud Rural Chelín,Calle Sector Chelín,10201,Castro,10,Los Lagos,Servicio de Salud Chiloé,Municipal,-42.58519,-73.51912
133475,PSR,Posta de Salud Rural Aldachildo,Calle Caserío de Aldachildo,10206,Puqueldón,10,Los Lagos,Servicio de Salud Chiloé,Municipal,-42.58297,-73.61163
124550,PSR,Posta de Salud Rural Casa de Pesca,Calle Sector Casa de Pesca,10401,Chaitén,10,Los Lagos,Servicio de Salud Del Reloncaví,Municipal,-42.56428,-72.82447
133466,PSR,Posta de Salud Rural Curahue,Calle Sector Curahue,10201,Castro,10,Los Lagos,Servicio de Salud Chiloé,Municipal,-42.54984,-73.68143
133484,PSR,Posta de Salud Rural Rauco,Calle Sector Rauco,10203,Chonchi,10,Los Lagos,Servicio de Salud Chiloé,Municipal,-42.54645,-73.79598
133503,PSR,Posta de Salud Rural Quinchao,Calle Sector Quinchao,10210,Quinchao,10,Los Lagos,Servicio de Salud Chiloé,Municipal,-42.53985,-73.42386
133555,PSR,Posta de Salud Rural Nalhuitad,Calle Sector Nalhuitad,10203,Chonchi,10,Los Lagos,Servicio de Salud Chiloé,Municipal,-42.52989,-73.84049
124530,PSR,Posta de Salud Rural Chumeldén,Calle Sector Chumeldén,10401,Chaitén,10,Los Lagos,Servicio de Salud Del Reloncaví,Municipal,-42.52119,-72.81197
133468,CECOSF,Centro Comunitario de Salud Familiar Rilán,"Avenida 18 de Septiembre, Sector Rilán Rural 8",10201,Castro,10,Los Lagos,Servicio de Salud Chiloé,Municipal,-42.52041,-73.62747
133471,PSR,Posta de Salud Rural Yutuy,Calle Sector Yutuy,10201,Castro,10,Los Lagos,Servicio de Salud Chiloé,Municipal,-42.51786,-73.75289
133509,PSR,Posta de Salud Rural Isla Cahuach,Calle Sector Isla Cahuach,10210,Quinchao,10,Los Lagos,Servicio de Salud Chiloé,Municipal,-42.5098,-73.2662
133467,PSR,Posta de Salud Rural Puyán,Calle Sector Puyán,10201,Castro,10,Los Lagos,Servicio de Salud Chiloé,Municipal,-42.50873,-73.72288
200442,CECOSF,Centro Comunitario de Salud Familiar Gamboa,Calle Profesor César Vera 301,10201,Castro,10,Los Lagos,Servicio de Salud Chiloé,Municipal,-42.480916,-73.781801
133375,CESFAM,Centro de Salud Familiar Dr. René Tapia Salgado,Calle Galvarino Riveros 939,10201,Castro,10,Los Lagos,Servicio de Salud Chiloé,Municipal,-42.47437,-73.77202
133776,CECOSF,Centro Comunitario de Salud Familiar Kintunien,Calle Inés de Bazan,10201,Castro,10,Los Lagos,Servicio de Salud Chiloé,Municipal,-42.46459,-73.77779
200009,CESFAM,Centro de Salud Familiar Quillahue,Calle Galvarino Riveros Norte 2719,10201,Castro,10,Los Lagos,Servicio de Salud Chiloé,Municipal,-42.46066,-73.79259
200176,SAR,SAR Castro,Calle Galvarino Riveros Norte 2719,10201,Castro,10,Los Lagos,Servicio de Salud Chiloé,Municipal,-42.460482,-73.792562
133507,PSR,Posta de Salud Rural Isla Quenac,Calle Sector Isla Quenac,10210,Quinchao,10,Los Lagos,Servicio de Salud Chiloé,Municipal,-42.458186,-73.331314
133360,CESFAM,Centro de Salud Familiar Curaco de Vélez,Calle Gabriela Mistral 6,10204,Curaco de Vélez,10,Los Lagos,Servicio de Salud Chiloé,Municipal,-42.43967,-73.60028
200983,SUR,SUR Curaco de Vélez,Calle Gabriela Mistral 6,10204,Curaco de Vélez,10,Los Lagos,Servicio de Salud Chiloé,Municipal,-42.43967,-73.600279
133775,CECOSF,Centro Comunitario de Salud Familiar Llau Llao,Calle Arturo Prat 218,10201,Castro,10,Los Lagos,Servicio de Salud Chiloé,Municipal,-42.43555,-73.76907
133505,PSR,Posta de Salud Rural Isla Llingua,Calle Sector Isla Llingua,10210,Quinchao,10,Los Lagos,Servicio de Salud Chiloé,Municipal,-42.432643,-73.45283
133506,CECOSF,Centro Comunitario de Salud Familiar Isla Meulín,"Calle Isla Meulín, Sector San Francisco",10210,Quinchao,10,Los Lagos,Servicio de Salud Chiloé,Municipal,-42.416416,-73.299654
133513,PSR,Posta de Salud Rural Palqui,Calle Sector Palqui,10204,Curaco de Vélez,10,Los Lagos,Servicio de Salud Chiloé,Municipal,-42.40884,-73.52866
133547,PSR,Posta de Salud Rural Pid - Pid,Calle Caserío de Pid Pid,10201,Castro,10,Los Lagos,Servicio de Salud Chiloé,Municipal,-42.40386,-73.7741
133512,PSR,Posta de Salud Rural Huyar Alto,Calle Sector Huyar Alto,10204,Curaco de Vélez,10,Los Lagos,Servicio de Salud Chiloé,Municipal,-42.40249,-73.56671
124519,PSR,Posta de Salud Rural Buill,Calle Caserío Buill,10401,Chaitén,10,Los Lagos,Servicio de Salud Del Reloncaví,Municipal,-42.40182,-72.71769
133504,PSR,Posta de Salud Rural Isla Lin-Lin,Calle Sector Isla Lin-Lin,10210,Quinchao,10,Los Lagos,Servicio de Salud Chiloé,Municipal,-42.3883,-73.43407
133515,PSR,Posta de Salud Rural Tac,Calle Isla Tac,10209,Quemchi,10,Los Lagos,Servicio de Salud Chiloé,Municipal,-42.38676,-73.13622
133350,CESFAM,Centro de Salud Familiar Dalcahue,Calle Ramón Freire 315,10205,Dalcahue,10,Los Lagos,Servicio de Salud Chiloé,Municipal,-42.37922,-73.65206
133472,PSR,Posta de Salud Rural Mocopulli,Calle Aldea de Mocopulli,10205,Dalcahue,10,Los Lagos,Servicio de Salud Chiloé,Municipal,-42.35281,-73.70994
133473,PSR,Posta de Salud Rural Quetalco,Calle Sector Quetalco,10205,Dalcahue,10,Los Lagos,Servicio de Salud Chiloé,Municipal,-42.31899,-73.5562
133474,PSR,Posta de Salud Rural Calén,Calle Caserío Calén,10205,Dalcahue,10,Los Lagos,Servicio de Salud Chiloé,Municipal,-42.32826,-73.4599
124731,CECOSF,Centro Comunitario de Salud Familiar de Ayacara,Calle Sector Ayacara,10401,Chaitén,10,Los Lagos,Servicio de Salud Del Reloncaví,Municipal,-42.31861,-72.78786
133496,PSR,Posta de Salud Rural Tenaún,Calle Caserío de Tenaún,10205,Dalcahue,10,Los Lagos,Servicio de Salud Chiloé,Municipal,-42.31577,-73.3866
133514,PSR,Posta de Salud Rural Mechuque,Calle Sector Mechuque,10209,Quemchi,10,Los Lagos,Servicio de Salud Chiloé,Municipal,-42.315142,-73.26871
133517,PSR,Posta de Salud Rural Voigue,Calle Sector Voigue,10209,Quemchi,10,Los Lagos,Servicio de Salud Chiloé,Municipal,-42.301222,-73.218194
133740,CECOSF,Centro Comunitario de Salud Familiar Metahue,"Calle Isla Butachauques, sector Metahue",10209,Quemchi,10,Los Lagos,Servicio de Salud Chiloé,Municipal,-42.299393,-73.127329
133546,PSR,Posta de Salud Rural Puchaurán,Calle Sector Puchaurán,10205,Dalcahue,10,Los Lagos,Servicio de Salud Chiloé,Municipal,-42.27252,-73.5208
133497,PSR,Posta de Salud Rural Quicaví,Calle Sector Quicaví,10209,Quemchi,10,Los Lagos,Servicio de Salud Chiloé,Municipal,-42.26747,-73.35307
133495,PSR,Posta de Salud Rural Montemar,Calle Sector Montemar Bajo,10209,Quemchi,10,Los Lagos,Servicio de Salud Chiloé,Municipal,-42.25959,-73.42806
133559,PSR,Posta de Salud Rural Butalcura,Calle Localidad Butalcura Km. 60 Ruta 5 Sur,10205,Dalcahue,10,Los Lagos,Servicio de Salud Chiloé,Municipal,-42.25369,-73.70632
124548,PSR,Posta de Salud Rural Hueque,Calle Sector Hueque,10401,Chaitén,10,Los Lagos,Servicio de Salud Del Reloncaví,Municipal,-42.24919,-72.73722
133494,PSR,Posta de Salud Rural Quinterquén,Calle Sector Quinterquén,10209,Quemchi,10,Los Lagos,Servicio de Salud Chiloé,Municipal,-42.16837,-73.39694
133340,CESFAM,Centro de Salud Familiar Quemchi,Avenida Johnstone,10209,Quemchi,10,Los Lagos,Servicio de Salud Chiloé,Municipal,-42.1372908,-73.47450366
200732,SUR,SUR Quemchi,Avenida Johnstone,10209,Quemchi,10,Los Lagos,Servicio de Salud Chiloé,Municipal,-42.145307,-73.478935
200449,CECOSF,Centro Comunitario de Salud Familiar Puntra Degañ,"Calle Panamericana Sur, cruce ruta W5, camino a Quemchi",10202,Ancud,10,Los Lagos,Servicio de Salud Chiloé,Municipal,-42.14442,-73.71907
133493,PSR,Posta de Salud Rural Morrolobos,Calle Sector Morrolobos,10209,Quemchi,10,Los Lagos,Servicio de Salud Chiloé,Municipal,-42.126726,-73.389938
124415,PSR,Posta de Salud Rural Paso El Bolsón o Segundo Corral,Calle Sector Paso El Bolsón o Segundo Corral,10103,Cochamó,10,Los Lagos,Servicio de Salud Del Reloncaví,Municipal,-42.076207,-71.864474
133492,PSR,Posta de Salud Rural Lliuco (Quemchi),Calle Sector Lliuco,10209,Quemchi,10,Los Lagos,Servicio de Salud Chiloé,Municipal,-42.03023,-73.47273
133557,PSR,Posta de Salud Rural Coipomo,Calle Sector Coipomo,10202,Ancud,10,Los Lagos,Servicio de Salud Chiloé,Municipal,-42.02493,-73.90644
124420,CECOSF,Centro Comunitario de Salud Familiar Hualaihué,Calle Hualaihué Puerto,10403,Hualaihué,10,Los Lagos,Servicio de Salud Del Reloncaví,Servicio de Salud,-42.02333,-72.68656
200082,PSR,Posta de Salud Rural Chauchil,Calle Sector Chauchil,10403,Hualaihué,10,Los Lagos,Servicio de Salud Del Reloncaví,Servicio de Salud,-41.973619,-72.799798
133485,PSR,Posta de Salud Rural Linao,Calle Sector Linao,10202,Ancud,10,Los Lagos,Servicio de Salud Chiloé,Municipal,-41.96799,-73.55729
124380,CESFAM,Centro de Salud Familiar Río Negro Hornopirén,Calle Diego Portales 25,10403,Hualaihué,10,Los Lagos,Servicio de Salud Del Reloncaví,Servicio de Salud,-41.96271,-72.4689
124418,PSR,Posta de Salud Rural Rolecha,Calle Aldea de Rolecha,10403,Hualaihué,10,Los Lagos,Servicio de Salud Del Reloncaví,Servicio de Salud,-41.92205,-72.84755
124454,PSR,Posta de Salud Rural Tabón,Calle Sector Tabón,10102,Calbuco,10,Los Lagos,Servicio de Salud Del Reloncaví,Municipal,-41.90305,-73.10675
133489,PSR,Posta de Salud Rural Manao,Calle Sector Manano,10202,Ancud,10,Los Lagos,Servicio de Salud Chiloé,Municipal,-41.88341,-73.52349
133325,CESFAM,Centro de Salud Familiar Pudeto Bajo,Calle Población Padre Hurtado,10202,Ancud,10,Los Lagos,Servicio de Salud Chiloé,Municipal,-41.87915,-73.79683
124552,PSR,Posta de Salud Rural Queullín,Calle Sector Queullín,10102,Calbuco,10,Los Lagos,Servicio de Salud Del Reloncaví,Municipal,-41.87726,-72.90345
133725,CECOSF,Centro Comunitario de Salud Familiar Bellavista,Calle Manuel Velasquez,10202,Ancud,10,Los Lagos,Servicio de Salud Chiloé,Municipal,-41.87671,-73.82486
124417,PSR,Posta de Salud Rural Aulén,Calle Caserío de Aulén,10403,Hualaihué,10,Los Lagos,Servicio de Salud Del Reloncaví,Servicio de Salud,-41.87667,-72.80968
124414,PSR,Posta de Salud Rural Llanada Grande,Calle Sector de Llanada Grande,10103,Cochamó,10,Los Lagos,Servicio de Salud Del Reloncaví,Municipal,-41.871571,-71.938716
133487,CECOSF,Centro Comunitario de Salud Familiar Quetalmahue,Calle Sector Quetalmahue,10202,Ancud,10,Los Lagos,Servicio de Salud Chiloé,Municipal,-41.85771,-73.95631
133390,CESFAM,Centro de Salud Familiar Dr. Manuel Ferreira Guzman,Calle Almirante Latorre 750,10202,Ancud,10,Los Lagos,Servicio de Salud Chiloé,Municipal,-41.8668,-73.81661
201067,SAR,SAR ANCUD,Calle Almirante Latorre 750,10202,Ancud,10,Los Lagos,Servicio de Salud Chiloé,Municipal,-41.866796,-73.816608
124458,PSR,Posta de Salud Rural Pergue,Calle Sector Pergue,10102,Calbuco,10,Los Lagos,Servicio de Salud Del Reloncaví,Municipal,-41.85727,-72.99501
133486,PSR,Posta de Salud Rural Chacao,Calle Aldea de Chacao,10202,Ancud,10,Los Lagos,Servicio de Salud Chiloé,Municipal,-41.82912,-73.5274
200736,SUR,SUR Chacao,Calle Aldea de Chacao,10202,Ancud,10,Los Lagos,Servicio de Salud Chiloé,Municipal,-41.828651,-73.52584
133542,PSR,Posta de Salud Rural Caulín,Calle Sector Caulín,10202,Ancud,10,Los Lagos,Servicio de Salud Chiloé,Municipal,-41.82633,-73.62745
133490,PSR,Posta de Salud Rural Guabún,Calle Sector Guabún,10202,Ancud,10,Los Lagos,Servicio de Salud Chiloé,Municipal,-41.821503,-74.035007
133488,PSR,Posta de Salud Rural Nal,Calle Sector Nal,10202,Ancud,10,Los Lagos,Servicio de Salud Chiloé,Municipal,-41.82074,-73.92855
124537,PSR,Posta de Salud Rural Chope,Calle Sector Chope,10102,Calbuco,10,Los Lagos,Servicio de Salud Del Reloncaví,Municipal,-41.81862,-73.07502
124456,PSR,Posta de Salud Rural Chauquear,Calle Sector Chauquear,10102,Calbuco,10,Los Lagos,Servicio de Salud Del Reloncaví,Municipal,-41.80955,-73.0475
124419,PSR,Posta de Salud Rural Contao,Calle Aldea de Contao,10403,Hualaihué,10,Los Lagos,Servicio de Salud Del Reloncaví,Servicio de Salud,-41.80106,-72.72146
124457,PSR,Posta de Salud Rural Chayahue,Calle Sector Chayahue,10102,Calbuco,10,Los Lagos,Servicio de Salud Del Reloncaví,Municipal,-41.79575,-73.35745
124448,PSR,Posta de Salud Rural Pargua,Calle Aldea de Pargua,10102,Calbuco,10,Los Lagos,Servicio de Salud Del Reloncaví,Municipal,-41.79082,-73.46029
124551,PSR,Posta de Salud Rural Machil,Calle Sector Machil,10102,Calbuco,10,Los Lagos,Servicio de Salud Del Reloncaví,Municipal,-41.77628,-73.06639
124451,PSR,Posta de Salud Rural Aguantao,Calle Sector Aguantao,10102,Calbuco,10,Los Lagos,Servicio de Salud Del Reloncaví,Municipal,-41.77436,-73.28952
124460,PSR,Posta de Salud Rural San Antonio (Calbuco),Calle Sector San Antonio,10102,Calbuco,10,Los Lagos,Servicio de Salud Del Reloncaví,Municipal,-41.775149,-73.23275
124396,CESFAM,Centro de Salud Familiar Calbuco,"Calle Eulogio Goycolea, esquina Manuel Rodríguez 132",10102,Calbuco,10,Los Lagos,Servicio de Salud Del Reloncaví,Municipal,-41.7697,-73.12936
124450,CECOSF,Centro Comunitario de Salud Familiar Texas,"Calle Pedro Félix, Sector San Rafael 417",10102,Calbuco,10,Los Lagos,Servicio de Salud Del Reloncaví,Municipal,-41.761311,-73.155666
124445,PSR,Posta de Salud Rural Astillero,Calle Sector Astillero,10108,Maullín,10,Los Lagos,Servicio de Salud Del Reloncaví,Municipal,-41.753716,-73.576362
124453,PSR,Posta de Salud Rural Avellanal,Calle Sector Avellanal,10102,Calbuco,10,Los Lagos,Servicio de Salud Del Reloncaví,Municipal,-41.75462,-73.40803
124553,PSR,Posta de Salud Rural San Ramón (Calbuco),Calle Sector San Ramón,10102,Calbuco,10,Los Lagos,Servicio de Salud Del Reloncaví,Municipal,-41.74255,-73.05976
124325,CESFAM,Centro de Salud Familiar Carelmapu,"Avenida Circunvalación, localidad de Carelmapu",10108,Maullín,10,Los Lagos,Servicio de Salud Del Reloncaví,Municipal,-41.74115,-73.70161
124452,PSR,Posta de Salud Rural Peñasmo,Calle Sector Peñasmo,10102,Calbuco,10,Los Lagos,Servicio de Salud Del Reloncaví,Municipal,-41.74026,-73.2642
124543,PSR,Posta de Salud Rural Valle El Frío,Calle Sector Valle El Frío,10103,Cochamó,10,Los Lagos,Servicio de Salud Del Reloncaví,Municipal,-41.741623,-71.902605
124555,PSR,Posta de Salud Rural Llaguepe,Calle Sector Cochamó,10103,Cochamó,10,Los Lagos,Servicio de Salud Del Reloncaví,Municipal,-41.72217,-72.48408
124461,PSR,Posta de Salud Rural San Agustín (Calbuco),Calle Sector San Agustín,10102,Calbuco,10,Los Lagos,Servicio de Salud Del Reloncaví,Municipal,-41.718646,-73.064838
124554,PSR,Posta de Salud Rural Huayún,Calle Sector Huayún,10102,Calbuco,10,Los Lagos,Servicio de Salud Del Reloncaví,Municipal,-41.70958,-73.2428
124459,PSR,Posta de Salud Rural Quetrulauquén,Calle Sector Quetrulauquén,10102,Calbuco,10,Los Lagos,Servicio de Salud Del Reloncaví,Municipal,-41.67792,-72.93758
124541,PSR,Posta de Salud Rural Huelmo,Calle Aldea de Huelmo,10101,Puerto Montt,10,Los Lagos,Servicio de Salud Del Reloncaví,Municipal,-41.673588,-73.062598
124455,PSR,Posta de Salud Rural Huar,Calle Sector Huar-Alfaro,10102,Calbuco,10,Los Lagos,Servicio de Salud Del Reloncaví,Municipal,-41.67092,-72.98943
124449,PSR,Posta de Salud Rural Putenio,Calle Sector Putenio,10102,Calbuco,10,Los Lagos,Servicio de Salud Del Reloncaví,Municipal,-41.66841,-73.13453
124412,CESFAM,Centro de Salud Familiar Cochamó,Calle Bueras,10103,Cochamó,10,Los Lagos,Servicio de Salud Del Reloncaví,Municipal,-41.6641,-72.2958
124413,PSR,Posta de Salud Rural Sotomó,Calle Sector de Sotomó,10103,Cochamó,10,Los Lagos,Servicio de Salud Del Reloncaví,Municipal,-41.672807,-72.428896
124403,PSR,Posta de Salud Rural Chaicas,Calle Aldea Chaicas,10101,Puerto Montt,10,Los Lagos,Servicio de Salud Del Reloncaví,Municipal,-41.627726,-72.664982
124444,PSR,Posta de Salud Rural Peñol,Calle Sector Peñol,10108,Maullín,10,Los Lagos,Servicio de Salud Del Reloncaví,Municipal,-41.627007,-73.419352
124404,PSR,Posta de Salud Rural Lenca,Calle Aldea de Lenca,10101,Puerto Montt,10,Los Lagos,Servicio de Salud Del Reloncaví,Municipal,-41.604833,-72.689152
124446,PSR,Posta de Salud Rural La Pasada,Calle Aldea La Pasada,10108,Maullín,10,Los Lagos,Servicio de Salud Del Reloncaví,Municipal,-41.60262,-73.59368
124406,PSR,Posta de Salud Rural Maillén,Calle Sector Maillén,10101,Puerto Montt,10,Los Lagos,Servicio de Salud Del Reloncaví,Municipal,-41.583222,-73.000013
124410,PSR,Posta de Salud Rural Panitao,Calle Caserío Panitao,10101,Puerto Montt,10,Los Lagos,Servicio de Salud Del Reloncaví,Municipal,-41.57239,-73.09358
124447,PSR,Posta de Salud Rural Quenuir,Calle Aldea de Quenuir,10108,Maullín,10,Los Lagos,Servicio de Salud Del Reloncaví,Municipal,-41.5635,-73.67628
124407,PSR,Posta de Salud Rural Salto Grande,Calle Caserío Salto Grande,10101,Puerto Montt,10,Los Lagos,Servicio de Salud Del Reloncaví,Municipal,-41.53795,-73.27688
124443,PSR,Posta de Salud Rural Misquihue,Calle Sector de Misquihue,10108,Maullín,10,Los Lagos,Servicio de Salud Del Reloncaví,Municipal,-41.540984,-73.390024
124409,PSR,Posta de Salud Rural Trapén,Calle Caserío Trapén,10101,Puerto Montt,10,Los Lagos,Servicio de Salud Del Reloncaví,Municipal,-41.52901,-73.12314
124544,PSR,Posta de Salud Rural Piedra Azul,Calle Aldea de Piedra Azul,10101,Puerto Montt,10,Los Lagos,Servicio de Salud Del Reloncaví,Municipal,-41.50826,-72.78969
124464,PSR,Posta de Salud Rural Cumbre Alta,Calle Sector Cumbre Alta,10106,Los Muermos,10,Los Lagos,Servicio de Salud Del Reloncaví,Municipal,-41.502657,-73.608352
124416,PSR,Posta de Salud Rural Paso El León,Calle Sector Paso El León,10103,Cochamó,10,Los Lagos,Servicio de Salud Del Reloncaví,Municipal,-41.503958,-71.85773
124465,PSR,Posta de Salud Rural Quillagua (Los Muermos),Calle Sector Quillagua,10106,Los Muermos,10,Los Lagos,Servicio de Salud Del Reloncaví,Municipal,-41.482211,-73.747775
124411,PSR,Posta de Salud Rural Cochamó,Calle Aldea de Cochamó,10103,Cochamó,10,Los Lagos,Servicio de Salud Del Reloncaví,Municipal,-41.494152,-72.307398
124408,PSR,Posta de Salud Rural Salto Chico,Calle Caserío Salto Chico,10101,Puerto Montt,10,Los Lagos,Servicio de Salud Del Reloncaví,Municipal,-41.48565,-73.27422
124705,CECOSF,Centro Comunitario de Salud Familiar Anahuac,Calle Mazatlán,10101,Puerto Montt,10,Los Lagos,Servicio de Salud Del Reloncaví,Municipal,-41.484233,-72.976191
124715,CECOSF,Centro Comunitario de Salud Familiar Chamiza,"Calle Chamiza, Kilómetro Nº 9.5",10101,Puerto Montt,10,Los Lagos,Servicio de Salud Del Reloncaví,Municipal,-41.48391,-72.85415
124602,COSAM,COSAM de Reloncaví,Calle Chorrillos 1582,10101,Puerto Montt,10,Los Lagos,Servicio de Salud Del Reloncaví,Servicio de Salud,-41.480555,-72.956342
124385,CESFAM,Centro de Salud Familiar San Pablo Mirasol (ONG),Calle Ebensperger Alto,10101,Puerto Montt,10,Los Lagos,Servicio de Salud Del Reloncaví,Otra Institución,-41.47511,-72.96188
124381,CESFAM,Centro de Salud Familiar Padre Hurtado,Avenida La Cruz,10101,Puerto Montt,10,Los Lagos,Servicio de Salud Del Reloncaví,Municipal,-41.47496,-72.98464
124881,SAPU,SAPU Padre Hurtado,Avenida Vicuña Mackenna,10101,Puerto Montt,10,Los Lagos,Servicio de Salud Del Reloncaví,Municipal,-41.474835,-72.984859
124805,SAPU,SAPU Angelmó,Calle Ecuador,10101,Puerto Montt,10,Los Lagos,Servicio de Salud Del Reloncaví,Municipal,-41.473429,-72.954365
124305,CESFAM,Centro de Salud Familiar Angelmó,Calle Ecuador,10101,Puerto Montt,10,Los Lagos,Servicio de Salud Del Reloncaví,Municipal,-41.47326,-72.95412
124539,PSR,Posta de Salud Rural Pocoihuén,Calle Caserío Pocoihuén,10103,Cochamó,10,Los Lagos,Servicio de Salud Del Reloncaví,Municipal,-41.494831,-72.332956
124601,COSAM,COSAM Puerto Montt,Calle Ancud 130,10101,Puerto Montt,10,Los Lagos,Servicio de Salud Del Reloncaví,Servicio de Salud,-41.47106,-72.951753
200167,SAPU,SAPU Carmela Carvajal,Calle Regimiento 1188,10101,Puerto Montt,10,Los Lagos,Servicio de Salud Del Reloncaví,Municipal,-41.468721,-72.916311
124315,CESFAM,Centro de Salud Familiar Carmela Carvajal,Calle Regimiento 1188,10101,Puerto Montt,10,Los Lagos,Servicio de Salud Del Reloncaví,Municipal,-41.46837,-72.91657
200292,CECOSF,Centro Comunitario de Salud Familiar Puerta Sur,"Calle Capitán Avalos, Población Puerta Sur",10101,Puerto Montt,10,Los Lagos,Servicio de Salud Del Reloncaví,Municipal,-41.46187,-72.99606
124320,CESFAM,Centro de Salud Familiar Techo para todos (ONG),Calle Santa Inés,10101,Puerto Montt,10,Los Lagos,Servicio de Salud Del Reloncaví,Otra Institución,-41.46183,-72.96509
124310,CESFAM,Centro de Salud Familiar Antonio Varas,Calle Dalcahue,10101,Puerto Montt,10,Los Lagos,Servicio de Salud Del Reloncaví,Municipal,-41.46122,-72.92951
124806,SAPU,SAPU Antonio Varas,Calle Traumen,10101,Puerto Montt,10,Los Lagos,Servicio de Salud Del Reloncaví,Municipal,-41.461069,-72.929357
124710,CECOSF,Centro Comunitario de Salud Familiar Licarayen,Calle Carilemu,10101,Puerto Montt,10,Los Lagos,Servicio de Salud Del Reloncaví,Municipal,-41.45709,-72.92999
124402,PSR,Posta de Salud Rural Correntoso,Calle Caserío Correntoso,10101,Puerto Montt,10,Los Lagos,Servicio de Salud Del Reloncaví,Municipal,-41.45321,-72.65837
124401,PSR,Posta de Salud Rural Lago Chapo,Calle Caserío Lago Chapo,10101,Puerto Montt,10,Los Lagos,Servicio de Salud Del Reloncaví,Municipal,-41.4157,-72.59474
124545,PSR,Posta de Salud Rural Estaquilla,Calle Caserío La Estaquilla,10106,Los Muermos,10,Los Lagos,Servicio de Salud Del Reloncaví,Municipal,-41.403367,-73.803555
124405,PSR,Posta de Salud Rural Las Quemas (Puerto Montt),Calle Aldea de Las Quemas,10101,Puerto Montt,10,Los Lagos,Servicio de Salud Del Reloncaví,Municipal,-41.401507,-73.179826
124330,CESFAM,Centro de Salud Familiar Los Muermos,Calle Carlos Ibáñez del Campo,10106,Los Muermos,10,Los Lagos,Servicio de Salud Del Reloncaví,Municipal,-41.39882,-73.45951
200169,SAPU,SAPU Los Muermos,Calle Blanco Encalada,10106,Los Muermos,10,Los Lagos,Servicio de Salud Del Reloncaví,Municipal,-41.398615,-73.459672
124895,SAR,SAR Alerce,"Avenida Violeta Parra, Sector Alerce 5231",10101,Puerto Montt,10,Los Lagos,Servicio de Salud Del Reloncaví,Municipal,-41.397673,-72.903457
124395,CESFAM,Centro de Salud Familiar Alerce,Calle Alerce,10101,Puerto Montt,10,Los Lagos,Servicio de Salud Del Reloncaví,Municipal,-41.39764,-72.90352
124426,PSR,Posta de Salud Rural Ralún,Calle Sector Ralún,10109,Puerto Varas,10,Los Lagos,Servicio de Salud Del Reloncaví,Municipal,-41.38861,-72.32793
200440,CECOSF,Centro Comunitario de Salud Familiar Alerce Norte,"Calle Los Mañios, Alerce Norte 18",10101,Puerto Montt,10,Los Lagos,Servicio de Salud Del Reloncaví,Municipal,-41.38398,-72.91582
124463,PSR,Posta de Salud Rural Los Piques,Calle Sector Los Piques,10106,Los Muermos,10,Los Lagos,Servicio de Salud Del Reloncaví,Municipal,-41.354912,-73.630866
124425,PSR,Posta de Salud Rural Colonia Río Sur,Calle Caserío de Colonia Río Sur,10109,Puerto Varas,10,Los Lagos,Servicio de Salud Del Reloncaví,Municipal,-41.33979,-72.7007
124810,SAR,SAR Puerto Varas,Calle Antonio Varas esquina Errázuriz,10109,Puerto Varas,10,Los Lagos,Servicio de Salud Del Reloncaví,Municipal,-41.329068,-72.969229
124335,CESFAM,Centro de Salud Familiar Nº 1 Puerto Varas,Calle Puerto Varas,10109,Puerto Varas,10,Los Lagos,Servicio de Salud Del Reloncaví,Municipal,-41.32902,-72.96906
124423,PSR,Posta de Salud Rural Nueva Braunau,Calle Pueblo de Nueva Braunau,10109,Puerto Varas,10,Los Lagos,Servicio de Salud Del Reloncaví,Municipal,-41.32482,-73.0726
124462,PSR,Posta de Salud Rural Cañitas,Calle Aldea de Cañitas,10106,Los Muermos,10,Los Lagos,Servicio de Salud Del Reloncaví,Municipal,-41.300429,-73.453998
124437,PSR,Posta de Salud Rural Mañío,Calle Sector Mañío,10104,Fresia,10,Los Lagos,Servicio de Salud Del Reloncaví,Municipal,-41.29405,-73.60989
124427,PSR,Posta de Salud Rural Loncotoro,Calle Caserío de Loncotoro,10107,Llanquihue,10,Los Lagos,Servicio de Salud Del Reloncaví,Municipal,-41.292503,-73.21391
124370,CESFAM,Centro de Salud Familiar Los Volcanes,Calle Llanquihue,10107,Llanquihue,10,Los Lagos,Servicio de Salud Del Reloncaví,Municipal,-41.26876,-72.99869
124441,PSR,Posta de Salud Rural Línea Sin Nombre,Calle Caserío Línea Sin Nombre,10104,Fresia,10,Los Lagos,Servicio de Salud Del Reloncaví,Municipal,-41.26076,-73.37236
124429,PSR,Posta de Salud Rural Colegual,Calle Caserío Codegual,10107,Llanquihue,10,Los Lagos,Servicio de Salud Del Reloncaví,Municipal,-41.234864,-73.214913
124421,PSR,Posta de Salud Rural Ensenada,Calle Aldea de Ensenada,10109,Puerto Varas,10,Los Lagos,Servicio de Salud Del Reloncaví,Municipal,-41.20855,-72.538156
124433,PSR,Posta de Salud Rural Parga,Calle Caserío de Parga,10104,Fresia,10,Los Lagos,Servicio de Salud Del Reloncaví,Municipal,-41.21701,-73.4884
124440,PSR,Posta de Salud Rural Las Cruces ( Fresia),Calle Sector Las Cruces,10104,Fresia,10,Los Lagos,Servicio de Salud Del Reloncaví,Municipal,-41.21661,-73.59433
124439,PSR,Posta de Salud Rural Traiguén (Fresia),Calle Caserío de Traiguén,10104,Fresia,10,Los Lagos,Servicio de Salud Del Reloncaví,Municipal,-41.210184,-73.710816
124428,PSR,Posta de Salud Rural Pellines (Llanquihue),Calle Pueblo Los Pellines,10107,Llanquihue,10,Los Lagos,Servicio de Salud Del Reloncaví,Municipal,-41.189503,-73.068386
124549,PSR,Posta de Salud Rural Macal,Calle Caserío Macal,10107,Llanquihue,10,Los Lagos,Servicio de Salud Del Reloncaví,Municipal,-41.169974,-73.233283
124424,PSR,Posta de Salud Rural Petrohué,Calle Caserío de Petrohué,10109,Puerto Varas,10,Los Lagos,Servicio de Salud Del Reloncaví,Municipal,-41.137238,-72.401892
124435,PSR,Posta de Salud Rural Polizones,Calle Caserío de Polizones,10104,Fresia,10,Los Lagos,Servicio de Salud Del Reloncaví,Municipal,-41.12982,-73.37238
200168,SAPU,SAPU Frutillar,Calle Cristino Winkler 753,10105,Frutillar,10,Los Lagos,Servicio de Salud Del Reloncaví,Municipal,-41.129588,-73.059637
124365,CESFAM,Centro de Salud Familiar Frutillar Alto,Calle Frutillar,10105,Frutillar,10,Los Lagos,Servicio de Salud Del Reloncaví,Municipal,-41.12948,-73.05945
124436,PSR,Posta de Salud Rural Cau Cua,Calle Sector Cau Cau,10104,Fresia,10,Los Lagos,Servicio de Salud Del Reloncaví,Municipal,-41.11514,-73.56183
124765,CECOSF,Centro Comunitario de Salud Familiar Pantanosa,Calle Violeta Parra,10105,Frutillar,10,Los Lagos,Servicio de Salud Del Reloncaví,Municipal,-41.1118,-73.05492
124432,PSR,Posta de Salud Rural Centinela,Calle Caserío Centinela,10105,Frutillar,10,Los Lagos,Servicio de Salud Del Reloncaví,Municipal,-41.10161,-73.22926
124422,PSR,Posta de Salud Rural Peulla,Calle Caserío de Peulla,10109,Puerto Varas,10,Los Lagos,Servicio de Salud Del Reloncaví,Municipal,-41.08556,-72.01926
124438,PSR,Posta de Salud Rural El Mirador,Calle Sector El Mirador,10104,Fresia,10,Los Lagos,Servicio de Salud Del Reloncaví,Municipal,-41.08256,-73.50402
124434,CGR,Consultorio General Rural Tegualda,Calle Las Américas 285,10104,Fresia,10,Los Lagos,Servicio de Salud Del Reloncaví,Municipal,-41.040182,-73.410442
123420,PSR,Posta de Salud Rural Collihuinco,Otro Caserío de Collihuinco,10303,Purranque,10,Los Lagos,Servicio de Salud Osorno,Municipal,-41.0383,-73.623
123417,PSR,Posta de Salud Rural La Naranja,Otro Caserío de La Naranja,10303,Purranque,10,Los Lagos,Servicio de Salud Osorno,Municipal,-41.02661,-73.51157
124430,PSR,Posta de Salud Rural Casma,Calle Caserío Casma,10105,Frutillar,10,Los Lagos,Servicio de Salud Del Reloncaví,Municipal,-41.0118,-73.12392
123415,PSR,Posta de Salud Rural Concordia,Otro Caserío de Concordia,10303,Purranque,10,Los Lagos,Servicio de Salud Osorno,Municipal,-41.0051,-73.29206
123416,PSR,Posta de Salud Rural Colonia Ponce,Otro Caserío de Colonia Ponce,10303,Purranque,10,Los Lagos,Servicio de Salud Osorno,Municipal,-40.991508,-73.053042
123427,PSR,Posta de Salud Rural La Calo,Otro Sector La Calo,10302,Puerto Octay,10,Los Lagos,Servicio de Salud Osorno,Municipal,-40.9746,-72.73914
123428,PSR,Posta de Salud Rural Coihueco (Puerto Octay),Calle Sector Coihueco,10302,Puerto Octay,10,Los Lagos,Servicio de Salud Osorno,Municipal,-40.97189,-72.5846
123411,CECOSF,Centro Comunitario de Salud Familiar Corte Alto,Calle Vicuña Mackena 326,10303,Purranque,10,Los Lagos,Servicio de Salud Osorno,Municipal,-40.954439,-73.161536
123413,PSR,Posta de Salud Rural Coligual,Otro Caserío de Coligual,10303,Purranque,10,Los Lagos,Servicio de Salud Osorno,Municipal,-40.93519,-73.47159
123414,PSR,Posta de Salud Rural Hueyusca,Calle Calle principal,10303,Purranque,10,Los Lagos,Servicio de Salud Osorno,Municipal,-40.93138,-73.54169
123412,PSR,Posta de Salud Rural Crucero ( Purranque),Otro Caserío de Crucero,10303,Purranque,10,Los Lagos,Servicio de Salud Osorno,Municipal,-40.92093,-73.3485
123419,PSR,Posta de Salud Rural San Pedro de Purranque,Otro Sector San Pedro de Purranque,10303,Purranque,10,Los Lagos,Servicio de Salud Osorno,Municipal,-40.942171,-73.866683
123307,CESFAM,Centro de Salud Familiar Purranque,Calle 21 de Mayo 415,10303,Purranque,10,Los Lagos,Servicio de Salud Osorno,Municipal,-40.91304,-73.15482
200455,CECOSF,Centro Comunitario de Salud Familiar Barrio Estación,Calle Crucero,10303,Purranque,10,Los Lagos,Servicio de Salud Osorno,Municipal,-40.91027,-73.17209
123424,PSR,Posta de Salud Rural Piedras Negras,Otro Caserío de Piedras Negras,10302,Puerto Octay,10,Los Lagos,Servicio de Salud Osorno,Municipal,-40.88598,-72.47821
123422,PSR,Posta de Salud Rural Rupanco,Calle Sector Rupanco,10302,Puerto Octay,10,Los Lagos,Servicio de Salud Osorno,Municipal,-40.83015,-72.89012
123426,PSR,Posta de Salud Rural Pellinada,Calle Sector Pellinada,10302,Puerto Octay,10,Los Lagos,Servicio de Salud Osorno,Municipal,-40.87358,-72.5922
123709,CECOSF,Centro Comunitario de Salud Familiar Riachuelo,Calle Barros Arana 295,10305,Río Negro,10,Los Lagos,Servicio de Salud Osorno,Municipal,-40.82118,-73.3362
123309,CESFAM,Centro de Salud Familiar Practicante Pablo Araya (Ex Río Negro),Calle Buschmann,10305,Río Negro,10,Los Lagos,Servicio de Salud Osorno,Municipal,-40.79306,-73.21565
123410,PSR,Posta de Salud Rural Tres Esteros,Otro Caserío Tras Esteros,10305,Río Negro,10,Los Lagos,Servicio de Salud Osorno,Municipal,-40.77142,-73.29243
123705,CECOSF,Centro Comunitario de Salud Familiar El Encanto,Otro Caserío el Encanto,10304,Puyehue,10,Los Lagos,Servicio de Salud Osorno,Municipal,-40.76724,-72.44009
123407,PSR,Posta de Salud Rural Desagüe Rupanco,Calle Sector Desagüe Rupanco,10304,Puyehue,10,Los Lagos,Servicio de Salud Osorno,Municipal,-40.762064,-72.679532
123425,PSR,Posta de Salud Rural Cancura,Calle Aldea de Cancura,10301,Osorno,10,Los Lagos,Servicio de Salud Osorno,Municipal,-40.75995,-72.96472
123404,PSR,Posta de Salud Rural Pichi Damas,Calle Sector Pichi Damas,10301,Osorno,10,Los Lagos,Servicio de Salud Osorno,Municipal,-40.711748,-72.888152
123434,PSR,Posta de Salud Rural Huilma,Calle Sector Huilma,10305,Río Negro,10,Los Lagos,Servicio de Salud Osorno,Municipal,-40.70951,-73.27102
123406,PSR,Posta de Salud Rural Puyehue,Calle Sector Puyehue,10304,Puyehue,10,Los Lagos,Servicio de Salud Osorno,Municipal,-40.696344,-72.335555
123408,PSR,Posta de Salud Rural Ñadi Pichi-Damas,Calle Sector Ñadi Pichi-Damas,10304,Puyehue,10,Los Lagos,Servicio de Salud Osorno,Municipal,-40.685138,-72.806808
123304,CESFAM,Centro de Salud Familiar Entre Lagos,Calle Luis Pasteur,10304,Puyehue,10,Los Lagos,Servicio de Salud Osorno,Municipal,-40.6844,-72.60264
200747,SAPU,SAPU Entre Lagos,Calle Luis Pasteur,10304,Puyehue,10,Los Lagos,Servicio de Salud Osorno,Municipal,-40.684258,-72.602616
123402,PSR,Posta de Salud Rural Cuinco,Otro Caserío de Cuinco,10306,San Juan de la Costa,10,Los Lagos,Servicio de Salud Osorno,Municipal,-40.648506,-73.459478
122455,PSR,Posta de Salud Rural Mantilhue,Calle Sector Mantilhue,14204,Río Bueno,14,Los Ríos,Servicio de Salud Los Rios,Municipal,-40.620541,-72.490048
123312,CESFAM,Centro de Salud Familiar Puaucho,Calle Norte Sur,10306,San Juan de la Costa,10,Los Lagos,Servicio de Salud Osorno,Municipal,-40.60509,-73.46802
200750,SUR,SUR Puaucho,Calle Norte Sur,10306,San Juan de la Costa,10,Los Lagos,Servicio de Salud Osorno,Municipal,-40.605089,-73.468176
123801,SAPU,SAPU Rahue Alto,Calle Real 2160,10301,Osorno,10,Los Lagos,Servicio de Salud Osorno,Municipal,-40.591723,-73.169948
123303,CESFAM,Centro de Salud Familiar Rahue Alto,Calle Real 2160,10301,Osorno,10,Los Lagos,Servicio de Salud Osorno,Municipal,-40.5914,-73.16979
123700,CECOSF,Centro Comunitario de Salud Familiar Murrinumo,"Pasaje Camarico, Sector Murrinumo Rahue Alto 2390",10301,Osorno,10,Los Lagos,Servicio de Salud Osorno,Municipal,-40.58792,-73.18242
123311,CESFAM,Centro de Salud Familiar Bahía Mansa,Calle Bahía Mansa,10306,San Juan de la Costa,10,Los Lagos,Servicio de Salud Osorno,Municipal,-40.5867,-73.73336
200749,SUR,SUR Bahía Mansa,Calle Bahía Mansa,10306,San Juan de la Costa,10,Los Lagos,Servicio de Salud Osorno,Municipal,-40.5867,-73.73336
123302,CESFAM,Centro de Salud Familiar Ovejería,Calle Martín Ruiz de Gamboa 602,10301,Osorno,10,Los Lagos,Servicio de Salud Osorno,Municipal,-40.58552,-73.14987
123701,CECOSF,Centro Comunitario de Salud Familiar Manuel Rodríguez,Calle La Serena 1001,10301,Osorno,10,Los Lagos,Servicio de Salud Osorno,Municipal,-40.58204,-73.11421
200248,COSAM,Kumelen,Calle Cochrane 1162,10301,Osorno,10,Los Lagos,Servicio de Salud Osorno,Servicio de Salud,-40.580518,-73.132034
200477,COSAM,Unidad de Memoria AYEKAN,Calle Cochrane 1162,10301,Osorno,10,Los Lagos,Servicio de Salud Osorno,Servicio de Salud,-40.580509,-73.13198
200209,COSAM,COSAM Rahue,Calle República 570,10301,Osorno,10,Los Lagos,Servicio de Salud Osorno,Servicio de Salud,-40.573718,-73.153654
123300,CESFAM,Centro de Salud Familiar Dr. Pedro Jáuregui,Calle Victoria 370,10301,Osorno,10,Los Lagos,Servicio de Salud Osorno,Municipal,-40.57302,-73.15832
123800,SAPU,SAPU Dr. Pedro Jáuregui,Calle Victoria 370,10301,Osorno,10,Los Lagos,Servicio de Salud Osorno,Municipal,-40.572862,-73.15809
123301,CESFAM,Centro de Salud Familiar Dr. Marcelo Lopetegui Adams,Calle Los Carrera 1400,10301,Osorno,10,Los Lagos,Servicio de Salud Osorno,Municipal,-40.57215,-73.12492
200085,SAPU,SAPU Dr. Marcelo Lopetegui Adams,Calle Los Carrera 1400,10301,Osorno,10,Los Lagos,Servicio de Salud Osorno,Municipal,-40.572135,-73.125175
200445,COSAM,COSAM Oriente,Calle Germán Hube 1435,10301,Osorno,10,Los Lagos,Servicio de Salud Osorno,Servicio de Salud,-40.570674,-73.125217
123310,CESFAM,Centro de Salud Familiar Quinto Centenario,Calle Sevilla 1620,10301,Osorno,10,Los Lagos,Servicio de Salud Osorno,Municipal,-40.56792,-73.17099
123306,CESFAM,Centro de Salud Familiar Pampa Alegre,Calle Los Héroes de La Concepción 769,10301,Osorno,10,Los Lagos,Servicio de Salud Osorno,Municipal,-40.56378,-73.15344
123430,PSR,Posta de Salud Rural Purrehuín,Otro Caserío de Purrehuín,10306,San Juan de la Costa,10,Los Lagos,Servicio de Salud Osorno,Municipal,-40.563754,-73.439822
122436,PSR,Posta de Salud Rural Carimallín,Calle Sector Carimallín,14204,Río Bueno,14,Los Ríos,Servicio de Salud Los Rios,Municipal,-40.5551,-72.77289
123432,PSR,Posta de Salud Rural La Poza,Otro Caserío La Poza,10307,San Pablo,10,Los Lagos,Servicio de Salud Osorno,Municipal,-40.509684,-72.902238
122439,PSR,Posta de Salud Rural Futahuente,Calle Caserío de Futahuente,14204,Río Bueno,14,Los Ríos,Servicio de Salud Los Rios,Municipal,-40.50567,-72.69994
123431,PSR,Posta de Salud Rural Aleucapi,Calle Sector Aleucapi,10306,San Juan de la Costa,10,Los Lagos,Servicio de Salud Osorno,Municipal,-40.48809,-73.52048
200490,PSR,Posta de Salud Rural Chamilco,Otro Sector Putrihue Norte,10306,San Juan de la Costa,10,Los Lagos,Servicio de Salud Osorno,Municipal,-40.4607,-73.3415
123436,PSR,Posta de Salud Rural Chanco ( San Pablo ),Otro Sector Chanco,10307,San Pablo,10,Los Lagos,Servicio de Salud Osorno,Municipal,-40.423394,-73.325818
122434,PSR,Posta de Salud Rural Crucero (Río Bueno),Calle Aldea de Crucero,14204,Río Bueno,14,Los Ríos,Servicio de Salud Los Rios,Municipal,-40.42039,-72.78854
200748,SUR,SUR San Pablo,Calle Colón 788,10307,San Pablo,10,Los Lagos,Servicio de Salud Osorno,Municipal,-40.406617,-73.007752
123305,CESFAM,Centro de Salud Familiar San Pablo,Calle Colón 788,10307,San Pablo,10,Los Lagos,Servicio de Salud Osorno,Municipal,-40.40656,-73.00791
122437,PSR,Posta de Salud Rural Trapi,Calle Caserío de Trapi,14204,Río Bueno,14,Los Ríos,Servicio de Salud Los Rios,Municipal,-40.40156,-72.70494
123435,PSR,Posta de Salud Rural Pucopio,Calle Sector Pucopio,10307,San Pablo,10,Los Lagos,Servicio de Salud Osorno,Municipal,-40.39061,-73.43427
122435,PSR,Posta de Salud Rural Vivanco,Calle Aldea de Vivanco,14204,Río Bueno,14,Los Ríos,Servicio de Salud Los Rios,Municipal,-40.37395,-72.61872
122460,PSR,Posta de Salud Rural Pocura,Calle Sector Polcura,14203,Lago Ranco,14,Los Ríos,Servicio de Salud Los Rios,Municipal,-40.34034,-72.10343
122812,SAPU,SAPU Río Bueno,Calle Ejército Libertador 1500,14204,Río Bueno,14,Los Ríos,Servicio de Salud Los Rios,Municipal,-40.335314,-72.949943
122312,CESFAM,Centro de Salud Familiar Río Bueno,Calle Ejército Libertador 1500,14204,Río Bueno,14,Los Ríos,Servicio de Salud Los Rios,Municipal,-40.33526,-72.95019
122450,CECOSF,Centro Comunitario de Salud Familiar Riñinahue,"Calle Ruta T-85, Localidad de Riñinahue",14203,Lago Ranco,14,Los Ríos,Servicio de Salud Los Rios,Municipal,-40.322263,-72.213426
200164,SAPU,SAPU Ranco,Calle Concepción 662,14203,Lago Ranco,14,Los Ríos,Servicio de Salud Los Rios,Municipal,-40.32203,-72.471707
122306,CESFAM,CESFAM Lago Ranco,Calle Concepción 655,14203,Lago Ranco,14,Los Ríos,Servicio de Salud Los Rios,Municipal,-40.32184,-72.47154
122433,PSR,Posta de Salud Rural Llancacura,Calle Caserío de Llancacura,14201,La Unión,14,Los Ríos,Servicio de Salud Los Rios,Municipal,-40.316422,-73.410276
123437,PSR,Posta de Salud Rural Currimáhuida,Otro Sector Currimáhuida,10307,San Pablo,10,Los Lagos,Servicio de Salud Osorno,Servicio de Salud,-40.31564,-73.43202
122461,PSR,Posta de Salud Rural  Rupumeica Bajo,Calle Sector Rupumeica,14203,Lago Ranco,14,Los Ríos,Servicio de Salud Los Rios,Municipal,-40.319279,-71.961554
122454,PSR,Posta de Salud Rural Mashue,Calle Caserío de Mashue,14201,La Unión,14,Los Ríos,Servicio de Salud Los Rios,Municipal,-40.31164,-73.3354
122438,PSR,Posta de Salud Rural Cayurruca,Calle Caserío de Cuyurruca,14204,Río Bueno,14,Los Ríos,Servicio de Salud Los Rios,Municipal,-40.3071,-72.69399
122310,CESFAM,Centro de Salud Familiar Dr. Alfredo Gantz Mann,Calle Los Tineos 55,14201,La Unión,14,Los Ríos,Servicio de Salud Los Rios,Municipal,-40.3051279,-73.0626356
122810,SAR,SAR La Unión,Calle Padre Hurtado 570,14201,La Unión,14,Los Ríos,Servicio de Salud Los Rios,Municipal,-40.3045363,-73.0625941
200299,CECOSF,Centro Comunitario de Salud Familiar Dr. Alberto Daiber,Calle Romualdo Roldan Catalán 220,14201,La Unión,14,Los Ríos,Servicio de Salud Los Rios,Municipal,-40.305676,-73.073969
122431,PSR,Posta de Salud Rural Pilpilcahuín,Calle Caserío de Pilpilcahuín,14201,La Unión,14,Los Ríos,Servicio de Salud Los Rios,Municipal,-40.29102,-73.273691
122710,CECOSF,Centro Comunitario de Salud Familiar Los Lagos,Calle Puyehue 1017,14201,La Unión,14,Los Ríos,Servicio de Salud Los Rios,Municipal,-40.28008,-73.08015
122448,PSR,Posta de Salud Rural Pitriuco,Calle Sector Pitriuco,14203,Lago Ranco,14,Los Ríos,Servicio de Salud Los Rios,Municipal,-40.27991,-72.61971
122432,PSR,Posta de Salud Rural Traiguén ( La Unión),Calle Caserío de Traiguén,14201,La Unión,14,Los Ríos,Servicio de Salud Los Rios,Municipal,-40.27674,-72.88339
122449,PSR,Posta de Salud Rural Illahuape,Calle Sector Illahupe,14203,Lago Ranco,14,Los Ríos,Servicio de Salud Los Rios,Municipal,-40.271142,-72.311919
122445,PSR,Posta de Salud Rural Maihue,Calle Sector Maihue,14202,Futrono,14,Los Ríos,Servicio de Salud Los Rios,Municipal,-40.25136,-72.01755
122429,PSR,Posta de Salud Rural Puerto Nuevo,Calle Aldea de Puerto Nuevo,14201,La Unión,14,Los Ríos,Servicio de Salud Los Rios,Municipal,-40.24128,-72.58979
122458,PSR,Posta de Salud Rural Calcurrupe,Calle Sector Calcurrupe,14203,Lago Ranco,14,Los Ríos,Servicio de Salud Los Rios,Municipal,-40.23517,-72.25226
122446,PSR,Posta de Salud Rural Huapi,Calle Sector Huapi,14202,Futrono,14,Los Ríos,Servicio de Salud Los Rios,Municipal,-40.214606,-72.382411
122462,PSR,Posta de Salud Rural Los Esteros,Calle Aldea de Los Esteros,14201,La Unión,14,Los Ríos,Servicio de Salud Los Rios,Municipal,-40.21109,-72.79146
122430,PSR,Posta de Salud Rural Choroico (La Unión),Calle Aldea de Chorico,14201,La Unión,14,Los Ríos,Servicio de Salud Los Rios,Municipal,-40.20602,-72.91423
122447,PSR,Posta de Salud Rural Llifén,Calle Pueblo de Llifén,14202,Futrono,14,Los Ríos,Servicio de Salud Los Rios,Municipal,-40.19843,-72.25862
122443,PSR,Posta de Salud Rural Arquilhue,Calle Sector Curiñanco - Niebla,14202,Futrono,14,Los Ríos,Servicio de Salud Los Rios,Municipal,-40.195872,-72.042471
122456,PSR,Posta de Salud Rural Santa Rosa (Paillaco),Calle Caserío de Santa Rosa,14107,Paillaco,14,Los Ríos,Servicio de Salud Los Rios,Municipal,-40.16537,-72.592454
122453,PSR,Posta de Salud Rural Santa Elisa,Calle Caserío de Santa Elisa,14201,La Unión,14,Los Ríos,Servicio de Salud Los Rios,Municipal,-40.162753,-73.189134
122428,PSR,Posta de Salud Rural Catamutún,Calle Sector Catamutún,14201,La Unión,14,Los Ríos,Servicio de Salud Los Rios,Municipal,-40.15685,-73.12974
122441,PSR,Posta de Salud Rural Pichirropulli,Calle Aldea de Pichirropulli,14107,Paillaco,14,Los Ríos,Servicio de Salud Los Rios,Municipal,-40.14879,-72.89886
122305,CESFAM,Centro de Salud Familiar Belarmina Paredes,Calle Acharan Arce,14202,Futrono,14,Los Ríos,Servicio de Salud Los Rios,Municipal,-40.12564,-72.38267
122457,PSR,Posta de Salud Rural Santa Filomena (Paillaco),Calle Sector Santa Filomenta,14107,Paillaco,14,Los Ríos,Servicio de Salud Los Rios,Municipal,-40.122777,-72.684915
200882,SAPU,SAPU Paillaco,Calle Barros Arana 709,14107,Paillaco,14,Los Ríos,Servicio de Salud Los Rios,Municipal,-40.071998,-73.080761
122442,PSR,Posta de Salud Rural Aguas Negras,Calle Caserío de Aguas Negras,14107,Paillaco,14,Los Ríos,Servicio de Salud Los Rios,Municipal,-40.07013,-72.74765
122315,CESFAM,Centro de Salud Familiar Lautaro Caro Ríos,Calle Mac-Iver,14107,Paillaco,14,Los Ríos,Servicio de Salud Los Rios,Municipal,-40.06633,-72.86952
122463,CECOSF,Centro Comunitario de Salud Familiar Nontuela (Enrique Strange),"Calle Bellavista esquina Estadio, Sector Nontuela",14202,Futrono,14,Los Ríos,Servicio de Salud Los Rios,Municipal,-40.05615,-72.5434
122426,PSR,Posta de Salud Rural Pirihueico,Calle Caserío de Pirihueico,14108,Panguipulli,14,Los Ríos,Servicio de Salud Los Rios,Municipal,-40.087675,-71.700596
122444,PSR,Posta de Salud Rural Loncopán,Calle Caserío de Loncopán,14202,Futrono,14,Los Ríos,Servicio de Salud Los Rios,Municipal,-40.01947,-72.544
122440,PSR,Posta de Salud Rural Reumén,Calle Aldea de Reumén,14107,Paillaco,14,Los Ríos,Servicio de Salud Los Rios,Municipal,-39.99042,-72.83396
122465,PSR,Posta de Salud Rural Pellinada,"Calle Parcela 5, Sector Pellinada Grande",14104,Los Lagos,14,Los Ríos,Servicio de Salud Los Rios,Municipal,-39.98452,-72.54158
122451,PSR,Posta de Salud Rural Morrompulli,Calle Sector Morropulli,14101,Valdivia,14,Los Ríos,Servicio de Salud Los Rios,Municipal,-39.98343,-73.13797
122406,PSR,Posta de Salud Rural El Salto,Calle Sector El Salto,14104,Los Lagos,14,Los Ríos,Servicio de Salud Los Rios,Municipal,-39.97558,-72.7094
122405,PSR,Posta de Salud Rural Chaihuín,Calle Caserío Caleta Chaihuin,14102,Corral,14,Los Ríos,Servicio de Salud Los Rios,Municipal,-39.95179,-73.57611
122407,PSR,Posta de Salud Rural Las Huellas,Calle Sector La Huellas,14104,Los Lagos,14,Los Ríos,Servicio de Salud Los Rios,Municipal,-39.90119,-72.58507
122404,PSR,Posta de Salud Rural Isla del Rey,Calle Isla del Rey,14102,Corral,14,Los Ríos,Servicio de Salud Los Rios,Municipal,-39.877098,-73.372434
200165,SAPU,SAPU Niebla,Calle Martín Sermeño,14101,Valdivia,14,Los Ríos,Servicio de Salud Los Rios,Municipal,-39.873346,-73.395177
122313,CESFAM,Centro de Salud Familiar Niebla,Calle Martín Sermeño,14101,Valdivia,14,Los Ríos,Servicio de Salud Los Rios,Municipal,-39.8732,-73.39525
200303,CECOSF,Centro Comunitario de Salud Familiar Folilco,"Calle Folilco, localidad de Folilco",14104,Los Lagos,14,Los Ríos,Servicio de Salud Los Rios,Municipal,-39.87065,-72.66741
122716,CECOSF,Centro Comunitario de Salud Familiar Manuel Miranda,Calle Los Robles,14104,Los Lagos,14,Los Ríos,Servicio de Salud Los Rios,Municipal,-39.86846,-72.80482
122316,CESFAM,Centro de Salud Familiar Los Lagos,Calle Arturo Prat 162,14104,Los Lagos,14,Los Ríos,Servicio de Salud Los Rios,Municipal,-39.86294,-72.81162
122714,CECOSF,Centro Comunitario de Salud Familiar Los Alerces,"Calle Braulio Leon, Sector Angachilla 5044",14101,Valdivia,14,Los Ríos,Servicio de Salud Los Rios,Municipal,-39.85377,-73.2293
200826,SUR,SUR Neltume,Calle La Cancha,14108,Panguipulli,14,Los Ríos,Servicio de Salud Los Rios,Municipal,-39.850159,-71.940779
122709,CECOSF,Centro Comunitario de Salud Familiar Neltume,Calle Los Álamos,14108,Panguipulli,14,Los Ríos,Servicio de Salud Los Rios,Municipal,-39.85015,-71.94059
122814,SAPU,SAPU Angachilla,Calle Santa Martina 3821,14101,Valdivia,14,Los Ríos,Servicio de Salud Los Rios,Municipal,-39.849958,-73.223185
122314,CESFAM,Centro de Salud Familiar Angachilla,Calle Santa Martina 3821,14101,Valdivia,14,Los Ríos,Servicio de Salud Los Rios,Municipal,-39.84972,-73.22341
200235,CECOSF,Centro Comunitario de Salud Familiar Guacamayo,Calle Las Mulatas 311,14101,Valdivia,14,Los Ríos,Servicio de Salud Los Rios,Servicio de Salud,-39.84906,-73.25447
122720,CECOSF,Centro Comunitario de Salud Familiar Pablo Neruda,Calle Sergio Santander 4027,14101,Valdivia,14,Los Ríos,Servicio de Salud Los Rios,Servicio de Salud,-39.84521,-73.22763
122300,CESFAM,Centro de Salud Familiar Externo Valdivia,Avenida Francia 2980,14101,Valdivia,14,Los Ríos,Servicio de Salud Los Rios,Servicio de Salud,-39.83825,-73.22703
122309,CESFAM,Centro de Salud Familiar Choshuenco,Calle Padre Bernabé,14108,Panguipulli,14,Los Ríos,Servicio de Salud Los Rios,Municipal,-39.83673,-72.083361
122602,COSAM,COSAM Amulén,Calle TORIBIO MEDINA 775,14101,Valdivia,14,Los Ríos,Servicio de Salud Los Rios,Servicio de Salud,-39.8255186,-73.2375699
122802,SAPU,SAPU Dr. Jorge Sabat Gozalo,Calle Picarte 2500,14101,Valdivia,14,Los Ríos,Servicio de Salud Los Rios,Municipal,-39.832647,-73.216021
122302,CESFAM,Centro de Salud Familiar Dr. Jorge Sabat Gozalo (Ex Gil de Castro),Calle Picarte 2500,14101,Valdivia,14,Los Ríos,Servicio de Salud Los Rios,Municipal,-39.83243,-73.21606
200458,SAR,SAR Barrios Bajos,Calle Domeyko 500,14101,Valdivia,14,Los Ríos,Servicio de Salud Los Rios,Servicio de Salud,-39.825987,-73.24452
122700,CECOSF,Centro Comunitario de Salud Familiar Barrios Bajos,Calle General Yáñez,14101,Valdivia,14,Los Ríos,Servicio de Salud Los Rios,Servicio de Salud,-39.821573,-73.24729
122409,PSR,Posta de Salud Rural Riñihue,Calle Caserío de Riñihue,14104,Los Lagos,14,Los Ríos,Servicio de Salud Los Rios,Municipal,-39.817088,-72.442608
122301,CESFAM,Centro de Salud Familiar Las Ánimas,Calle Pedro Aguirre Cerda 231,14101,Valdivia,14,Los Ríos,Servicio de Salud Los Rios,Municipal,-39.81486,-73.22478
122801,SAPU,SAPU Las Ánimas,Calle Pedro Aguirre Cerda 231,14101,Valdivia,14,Los Ríos,Servicio de Salud Los Rios,Municipal,-39.814769,-73.224657
122601,COSAM,COSAM Comunitario Las Ánimas,Calle Pedro Aguirre Cerda 295,14101,Valdivia,14,Los Ríos,Servicio de Salud Los Rios,Servicio de Salud,-39.814252,-73.223581
122408,CECOSF,Centro Comunitario de Salud Familiar Erodita Arriagada Oliva,Calle Francisco Garcés  Antilhue,14104,Los Lagos,14,Los Ríos,Servicio de Salud Los Rios,Municipal,-39.80672,-72.95888
122701,CECOSF,Centro Comunitario de Salud Familiar Consultorio Norte Grande,"Calle Antogagasta , Las ánimas 704",14101,Valdivia,14,Los Ríos,Servicio de Salud Los Rios,Municipal,-39.80644,-73.22083
122702,CECOSF,Centro Comunitario de Salud Familiar Collico,"Avenida Balmaceda con, Cajón. Stolzenbach",14101,Valdivia,14,Los Ríos,Servicio de Salud Los Rios,Municipal,-39.804533,-73.208579
122401,PSR,Posta de Salud Rural Huellelhue,Calle Aldea de Huellelhue,14101,Valdivia,14,Los Ríos,Servicio de Salud Los Rios,Municipal,-39.79231,-73.12318
122464,PSR,Posta de Salud Rural Lago Neltume,Calle Localidad Lago Neltume,14108,Panguipulli,14,Los Ríos,Servicio de Salud Los Rios,Municipal,-39.78821,-71.9624
122400,PSR,Posta de Salud Rural Punucapa,Calle Caserío de Huichaco,14101,Valdivia,14,Los Ríos,Servicio de Salud Los Rios,Municipal,-39.75658,-73.263157
122425,CECOSF,Centro Comunitario de Salud Familiar Liquiñe,"Calle Camino Internacional, Liquiñe",14108,Panguipulli,14,Los Ríos,Servicio de Salud Los Rios,Municipal,-39.74693,-71.85428
122411,PSR,Posta de Salud Rural Malihue,Calle Sector de Malihue,14104,Los Lagos,14,Los Ríos,Servicio de Salud Los Rios,Municipal,-39.74484,-72.64444
200093,PSR,Posta de Salud Rural Cayumapu,Pasaje Río Cruces,14101,Valdivia,14,Los Ríos,Servicio de Salud Los Rios,Municipal,-39.7345,-73.13043
122402,PSR,Posta de Salud Rural Curiñanco,Calle Caserío de Curiñanco,14101,Valdivia,14,Los Ríos,Servicio de Salud Los Rios,Municipal,-39.724429,-73.397502
122459,PSR,Posta de Salud Rural Huichaco,Calle Sector Huichaco,14105,Máfil,14,Los Ríos,Servicio de Salud Los Rios,Municipal,-39.71124,-72.74367
122307,CESFAM,Centro de Salud Familiar Máfil,Calle Libertador Bernardo O'Higgins,14105,Máfil,14,Los Ríos,Servicio de Salud Los Rios,Municipal,-39.66614,-72.95872
200786,SUR,SUR Máfil,Avenida Pedro de Valdivia 460,14105,Máfil,14,Los Ríos,Servicio de Salud Los Rios,Municipal,-39.665761,-72.953038
200250,CECOSF,Centro Comunitario de Salud Familiar Máfil,Avenida Pedro de Valdivia 460,14105,Máfil,14,Los Ríos,Servicio de Salud Los Rios,Municipal,-39.6619,-72.95072
122420,PSR,Posta de Salud Rural Iñipulli,Calle Sector de Iñipulli,14106,Mariquina,14,Los Ríos,Servicio de Salud Los Rios,Municipal,-39.65067,-73.22581
200825,SUR,SUR Choshuenco,Calle Padre Bernabé,14108,Panguipulli,14,Los Ríos,Servicio de Salud Los Rios,Municipal,-39.647102,-72.341331
200166,SAR,SAR Panguipulli,Calle Gabriela Mistral 1112,14108,Panguipulli,14,Los Ríos,Servicio de Salud Los Rios,Municipal,-39.643617,-72.336993
122304,CESFAM,Centro de Salud Familiar Panguipulli,Calle Eduardo Cruz Coke 136,14108,Panguipulli,14,Los Ríos,Servicio de Salud Los Rios,Municipal,-39.6435,-72.33715
122417,PSR,Posta de Salud Rural Pelchuquín,Calle Aldea de Pelchuquín,14106,Mariquina,14,Los Ríos,Servicio de Salud Los Rios,Municipal,-39.62476,-73.07689
122427,PSR,Posta de Salud Rural Cayumapu,Calle Sector Cayumapu,14108,Panguipulli,14,Los Ríos,Servicio de Salud Los Rios,Municipal,-39.622371,-72.190093
122413,PSR,Posta de Salud Rural Melefquén,Calle Aldea de Melefquén,14108,Panguipulli,14,Los Ríos,Servicio de Salud Los Rios,Municipal,-39.580392,-72.442554
122452,PSR,Posta de Salud Rural Bocatoma,Calle Sector Bocatoma,14108,Panguipulli,14,Los Ríos,Servicio de Salud Los Rios,Municipal,-39.57424,-72.18072
200787,SUR,SUR Coñaripe,Calle Las Tepas,14108,Panguipulli,14,Los Ríos,Servicio de Salud Los Rios,Municipal,-39.568322,-72.341102
122308,CESFAM,Centro de Salud Familiar Coñaripe,Calle Las Tepas,14108,Panguipulli,14,Los Ríos,Servicio de Salud Los Rios,Municipal,-39.56825,-72.00839
122418,PSR,Posta de Salud Rural Ciruelos,Calle Aldea de Ciruelos,14106,Mariquina,14,Los Ríos,Servicio de Salud Los Rios,Municipal,-39.54121,-72.87057
200788,SAPU,SAPU Malalhue,Calle Balmaceda 138,14103,Lanco,14,Los Ríos,Servicio de Salud Los Rios,Municipal,-39.54078,-72.50785
122311,CESFAM,Centro de Salud Familiar Malalhue,Calle Balmaceda 138,14103,Lanco,14,Los Ríos,Servicio de Salud Los Rios,Municipal,-39.54067,-72.50791
122303,CESFAM,Centro de Salud Familiar San José de la Mariquina,Calle René Manns,14106,Mariquina,14,Los Ríos,Servicio de Salud Los Rios,Municipal,-39.5389,-72.97188
200785,SUR,SUR Mariquina,Calle René Manss,14106,Mariquina,14,Los Ríos,Servicio de Salud Los Rios,Municipal,-39.538884,-72.971888
122414,PSR,Posta de Salud Rural Chan Chan,Calle Sector de Chan Chan,14106,Mariquina,14,Los Ríos,Servicio de Salud Los Rios,Municipal,-39.538814,-73.242272
122723,CECOSF,Centro Comunitario de Salud Familiar Dr. Silva de La Paz (San Francisco),Calle Las Quinchas,14106,Mariquina,14,Los Ríos,Servicio de Salud Los Rios,Municipal,-39.53638,-72.94973
122421,PSR,Posta de Salud Rural Huitag,Calle Sector Huitag,14108,Panguipulli,14,Los Ríos,Servicio de Salud Los Rios,Municipal,-39.53452,-72.30959
121348,CESFAM,Centro de Salud Familiar Lican Ray,Calle Cacique Marichanquín,09120,Villarrica,09,La Araucanía,Servicio de Salud Araucanía Sur,Municipal,-39.489277,-72.15444
200940,SUR,SUR Lican Ray,Calle Cacique Marichanquín 205,09120,Villarrica,09,La Araucanía,Servicio de Salud Araucanía Sur,Municipal,-39.489177,-72.154832
122419,PSR,Posta de Salud Rural Alepué,Calle Sector Alepué,14106,Mariquina,14,Los Ríos,Servicio de Salud Los Rios,Municipal,-39.48642,-73.21858
121599,PSR,Posta de Salud Rural Añilco,Calle Sector Añilco,09120,Villarrica,09,La Araucanía,Servicio de Salud Araucanía Sur,Municipal,-39.45836,-72.25672
122416,PSR,Posta de Salud Rural Mississippi,Calle Aldea de Misisipi,14106,Mariquina,14,Los Ríos,Servicio de Salud Los Rios,Municipal,-39.449385,-73.22489
121598,PSR,Posta de Salud Rural Caren,Calle Camino Internacional,09104,Curarrehue,09,La Araucanía,Servicio de Salud Araucanía Sur,Municipal,-39.439687,-71.55406
122703,CECOSF,Centro Comunitario de Salud Familiar Mehuín,Calle Sector Caleta,14106,Mariquina,14,Los Ríos,Servicio de Salud Los Rios,Municipal,-39.44358,-73.20904
121549,PSR,Posta de Salud Rural Pulmahue,Calle Sector Pulmahue,09109,Loncoche,09,La Araucanía,Servicio de Salud Araucanía Sur,Municipal,-39.41369,-72.45175
121548,PSR,Posta de Salud Rural La Paz,Calle Aldea de La Paz,09109,Loncoche,09,La Araucanía,Servicio de Salud Araucanía Sur,Municipal,-39.408275,-72.71179
121536,PSR,Posta de Salud Rural Queule,Calle Pueblo de Queule,09118,Toltén,09,La Araucanía,Servicio de Salud Araucanía Sur,Municipal,-39.395105,-73.194817
121550,PSR,Posta de Salud Rural Copihuelpe,Calle Sector Copihuelpe,09109,Loncoche,09,La Araucanía,Servicio de Salud Araucanía Sur,Municipal,-39.39135,-72.3695
121555,PSR,Posta de Salud Rural Liumalla,Calle Sector Liumalla,09120,Villarrica,09,La Araucanía,Servicio de Salud Araucanía Sur,Municipal,-39.3804,-72.23668
121313,CGR,Consultorio  Curarrehue,Calle Cacique Catriqui 888,09104,Curarrehue,09,La Araucanía,Servicio de Salud Araucanía Sur,Municipal,-39.36619,-71.58278
200929,SUR,SUR Curarrehue,Avenida BERNARDO O´HIGGINS 1051,09104,Curarrehue,09,La Araucanía,Servicio de Salud Araucanía Sur,Municipal,-39.366187,-71.582775
121581,PSR,Posta de Salud Rural Catripulli ( Curarrehue ),Calle Sector Catripulli,09104,Curarrehue,09,La Araucanía,Servicio de Salud Araucanía Sur,Municipal,-39.350452,-71.70723
121597,PSR,Posta de Salud Rural Puralaco,Calle Blanco Encalada 43,09118,Toltén,09,La Araucanía,Servicio de Salud Araucanía Sur,Municipal,-39.31367,-73.190872
121582,PSR,Posta de Salud Rural Maite,Calle Sector Maite,09104,Curarrehue,09,La Araucanía,Servicio de Salud Araucanía Sur,Municipal,-39.31083,-71.4545
121354,CESFAM,Centro de Salud Familiar Los Volcanes,Calle Los Volcanes 800,09120,Villarrica,09,La Araucanía,Servicio de Salud Araucanía Sur,Municipal,-39.30322,-72.22571
200157,SAR,SAR Los Volcanes,Calle Segunda Faja al Volcán,09120,Villarrica,09,La Araucanía,Servicio de Salud Araucanía Sur,Municipal,-39.30309,-72.225823
121551,PSR,Posta de Salud Rural Molco ( Loncoche ),Calle Sector Molco,09109,Loncoche,09,La Araucanía,Servicio de Salud Araucanía Sur,Municipal,-39.30274,-72.810151
121547,CGR,Consultorio Huiscapi,Calle Pueblo de Huiscapi,09109,Loncoche,09,La Araucanía,Servicio de Salud Araucanía Sur,Municipal,-39.29655,-72.40626
121783,CECOSF,Centro Comunitario de Salud Familiar Todos los Santos,Calle Chile Barrio 910,09120,Villarrica,09,La Araucanía,Servicio de Salud Araucanía Sur,Municipal,-39.294536,-72.237385
200162,SAPU,SAPU Villarica,Calle Caupolicán 2001,09120,Villarrica,09,La Araucanía,Servicio de Salud Araucanía Sur,Municipal,-39.294342,-72.220164
121334,CESFAM,Centro de Salud Familiar Villarrica,Calle Caupolicán 2001,09120,Villarrica,09,La Araucanía,Servicio de Salud Araucanía Sur,Municipal,-39.2941,-72.22014
200478,CECOSF,Centro Comunitario de Salud Familiar Ñancul,"Calle Juan Contreras, localidad de Ñancul",09120,Villarrica,09,La Araucanía,Servicio de Salud Araucanía Sur,Municipal,-39.28339,-72.30788
200509,CECOSF,Centro Comunitario de Salud Familiar Pucón Oriente,Calle Río Claro,09115,Pucón,09,La Araucanía,Servicio de Salud Araucanía Sur,Municipal,-39.28244,-71.94065
121781,CECOSF,Centro Comunitario de Salud Familiar 21 de Mayo,Calle Sargento Aldea 970,09120,Villarrica,09,La Araucanía,Servicio de Salud Araucanía Sur,Municipal,-39.28209,-72.23316
200153,SAPU,SAPU Pucón,Pasaje Adolfo Kachele,09115,Pucón,09,La Araucanía,Servicio de Salud Araucanía Sur,Municipal,-39.280151,-71.960497
121355,CESFAM,Centro de Salud Familiar Rural Pucón,Calle Ansorena 662,09115,Pucón,09,La Araucanía,Servicio de Salud Araucanía Sur,Municipal,-39.28072,-71.96077
121573,PSR,Posta de Salud Rural San Pedro de Pucón,Calle Ejercito 1424,09115,Pucón,09,La Araucanía,Servicio de Salud Araucanía Sur,Municipal,-39.26434,-71.77723
121541,PSR,Posta de Salud Rural Boroa Sur,Calle Sector Boroa Sur,09118,Toltén,09,La Araucanía,Servicio de Salud Araucanía Sur,Municipal,-39.303682,-73.089647
121560,PSR,Posta de Salud Rural Quelhue,Calle Sector Quelhue,09115,Pucón,09,La Araucanía,Servicio de Salud Araucanía Sur,Municipal,-39.26109,-71.91999
121544,PSR,Posta de Salud Rural Pidenco,Calle Sector El Planchado,09107,Gorbea,09,La Araucanía,Servicio de Salud Araucanía Sur,Municipal,-39.24918,-72.78106
121542,CGR,Centro de Salud Rural Lastarria,Calle General Urrutia 330,09107,Gorbea,09,La Araucanía,Servicio de Salud Araucanía Sur,Municipal,-39.23682,-72.67628
200947,SUR,SUR Lastarria,Calle General Urrutia 330,09107,Gorbea,09,La Araucanía,Servicio de Salud Araucanía Sur,Municipal,-39.23682,-72.67628
121586,PSR,Posta de Salud Rural Quiñenahuín,Calle PUCON,09104,Curarrehue,09,La Araucanía,Servicio de Salud Araucanía Sur,Municipal,-39.21826,-71.4353
121556,PSR,Posta de Salud Rural Manhue,Calle Sector Manhue,09109,Loncoche,09,La Araucanía,Servicio de Salud Araucanía Sur,Municipal,-39.218092,-72.395243
121537,PSR,Posta de Salud Rural Villa Boldos,Calle Aldea Villa Los Boldos,09118,Toltén,09,La Araucanía,Servicio de Salud Araucanía Sur,Municipal,-39.155473,-73.097214
121585,PSR,Posta de Salud Rural Liuco (Gorbea),Calle Comuna de Gorbea,09107,Gorbea,09,La Araucanía,Servicio de Salud Araucanía Sur,Municipal,-39.20536,-72.58409
121559,PSR,Posta de Salud Rural Paillaco,Calle Sector Paillaco,09115,Pucón,09,La Araucanía,Servicio de Salud Araucanía Sur,Municipal,-39.19671,-71.76048
121545,PSR,Posta de Salud Rural Huellanto Alto,Calle Sector Huellanto Alto,09107,Gorbea,09,La Araucanía,Servicio de Salud Araucanía Sur,Municipal,-39.19627,-72.48432
121587,PSR,Posta de Salud Rural Epeukura,Calle Camino a Reilgolil,09104,Curarrehue,09,La Araucanía,Servicio de Salud Araucanía Sur,Municipal,-39.18122,-71.47427
121490,PSR,Posta de Salud Rural Polul Coicoma,Calle Sector Polul Coicoma,09114,Pitrufquén,09,La Araucanía,Servicio de Salud Araucanía Sur,Municipal,-39.17362,-72.41938
121543,PSR,Posta de Salud Rural Quitratúe,Calle Aldea de Quitratúe,09107,Gorbea,09,La Araucanía,Servicio de Salud Araucanía Sur,Municipal,-39.15532,-72.65981
121534,PSR,Posta de Salud Rural Puraquina,Calle Sector Puraquina,09114,Pitrufquén,09,La Araucanía,Servicio de Salud Araucanía Sur,Municipal,-39.13833,-72.35359
121584,PSR,Posta de Salud Rural Faja Ricci,Calle Sector Faja Ricci,09107,Gorbea,09,La Araucanía,Servicio de Salud Araucanía Sur,Municipal,-39.13018,-72.7505
121539,PSR,Posta de Salud Rural Porma,Calle Sector Porma,09117,Teodoro Schmidt,09,La Araucanía,Servicio de Salud Araucanía Sur,Municipal,-39.12668,-73.26709
121583,PSR,Posta de Salud Rural Reigolil,Calle Sector Reigolil,09104,Curarrehue,09,La Araucanía,Servicio de Salud Araucanía Sur,Municipal,-39.11739,-71.47434
121538,PSR,Posta de Salud Rural Las Quemas (Toltén),Calle Sector Las Quemas,09118,Toltén,09,La Araucanía,Servicio de Salud Araucanía Sur,Municipal,-39.136696,-72.973187
121349,CESFAM,Centro de Salud Familiar Hualpín,Calle Andrés Bello 320,09117,Teodoro Schmidt,09,La Araucanía,Servicio de Salud Araucanía Sur,Municipal,-39.08888,-73.17985
200939,SUR,SUR Hualpín,Calle Andrés Bello 320,09117,Teodoro Schmidt,09,La Araucanía,Servicio de Salud Araucanía Sur,Municipal,-39.088881,-73.179853
121533,PSR,Posta de Salud Rural Millahuín,Calle Sector Millahuín,09114,Pitrufquén,09,La Araucanía,Servicio de Salud Araucanía Sur,Municipal,-39.088977,-72.459878
121535,PSR,Posta de Salud Rural Mahuidanche,Calle Bernardo O'Higgins 669,09114,Pitrufquén,09,La Araucanía,Servicio de Salud Araucanía Sur,Municipal,-39.088071,-72.926206
121565,PSR,Posta de Salud Rural Coipué (Freire),Calle Caserío de Coipué,09105,Freire,09,La Araucanía,Servicio de Salud Araucanía Sur,Municipal,-39.080472,-72.448529
121596,PSR,Posta de Salud Rural La Esperanza,Calle Caserío La Esperanza,09103,Cunco,09,La Araucanía,Servicio de Salud Araucanía Sur,Municipal,-39.07479,-72.08632
121540,PSR,Posta de Salud Rural Pocoyan,Calle Sector Camaguey,09118,Toltén,09,La Araucanía,Servicio de Salud Araucanía Sur,Municipal,-39.04314,-73.08442
121532,PSR,Posta de Salud Rural Los Galpones,Calle Caserío Los Galpones,09114,Pitrufquén,09,La Araucanía,Servicio de Salud Araucanía Sur,Municipal,-39.02573,-72.792
121531,PSR,Posta de Salud Rural Comuy,Calle Aldea de Comuy,09114,Pitrufquén,09,La Araucanía,Servicio de Salud Araucanía Sur,Municipal,-39.02385,-72.96721
121564,PSR,Posta de Salud Rural Quetroco,Calle Sector Quetroco,09105,Freire,09,La Araucanía,Servicio de Salud Araucanía Sur,Municipal,-39.01472,-72.44215
121568,PSR,Posta de Salud Rural Guiñimo,Calle Sector Guiñimo,09105,Freire,09,La Araucanía,Servicio de Salud Araucanía Sur,Municipal,-39.00255,-72.80639
121494,PSR,Posta de Salud Rural Quecheregue,Calle Sector Quecheregue,09103,Cunco,09,La Araucanía,Servicio de Salud Araucanía Sur,Municipal,-38.99723,-72.04485
121312,CESFAM,Centro de Salud Familiar Teodoro Schmidt,Calle Balmaceda 510,09117,Teodoro Schmidt,09,La Araucanía,Servicio de Salud Araucanía Sur,Municipal,-38.99639,-73.08885
200938,SUR,SUR Teodoro Schmidt,Calle Balmaceda 510,09117,Teodoro Schmidt,09,La Araucanía,Servicio de Salud Araucanía Sur,Municipal,-38.996394,-73.088849
121576,PSR,Posta de Salud Rural Pichichelle,Calle Sector Pichichelle,09117,Teodoro Schmidt,09,La Araucanía,Servicio de Salud Araucanía Sur,Municipal,-38.99588,-73.26189
121575,CECOSF,Centro Comunitario de Salud Familiar Barros Arana,"Calle 1 Poniente, localidad de Barros Arana",09117,Teodoro Schmidt,09,La Araucanía,Servicio de Salud Araucanía Sur,Municipal,-38.987383,-72.92221
121326,CESFAM,Centro de Salud Familiar Andrés Sandoval Calderón,Calle Marcelino Huichamil Los Laureles 515,09103,Cunco,09,La Araucanía,Servicio de Salud Araucanía Sur,Municipal,-38.98644,-72.24732
200948,SUR,SUR Los Laureles,Calle Freire,09103,Cunco,09,La Araucanía,Servicio de Salud Araucanía Sur,Municipal,-38.986443,-72.247318
121562,PSR,Posta de Salud Rural Radal,Calle Aldea de Radal,09105,Freire,09,La Araucanía,Servicio de Salud Araucanía Sur,Municipal,-38.98578,-72.38653
121577,PSR,Posta de Salud Rural Yenehue,Calle Sector Yenehue,09117,Teodoro Schmidt,09,La Araucanía,Servicio de Salud Araucanía Sur,Municipal,-38.98506,-73.30605
200970,SAPU,SAPU Pitrufquén,Calle León Gallo Sur 585,09114,Pitrufquén,09,La Araucanía,Servicio de Salud Araucanía Sur,Municipal,-38.983066,-72.634758
121353,CESFAM,Centro de Salud Familiar Pitrufquén,Calle León Gallo Sur 585,09114,Pitrufquén,09,La Araucanía,Servicio de Salud Araucanía Sur,Municipal,-38.99161,-72.64117
121786,CECOSF,Centro Comunitario de Salud Familiar Ultraestación,Calle Nueva,09114,Pitrufquén,09,La Araucanía,Servicio de Salud Araucanía Sur,Municipal,-38.98022,-72.64551
121566,PSR,Posta de Salud Rural Lliuco(Freire),Calle Sector Lliuco,09105,Freire,09,La Araucanía,Servicio de Salud Araucanía Sur,Municipal,-38.96793,-72.84487
200381,CECOSF,Centro Comunitario de Salud Familiar El Bosque,Calle Errazuriz 1248,09105,Freire,09,La Araucanía,Servicio de Salud Araucanía Sur,Municipal,-38.96083,-72.62885
121493,PSR,Posta de Salud Rural Leufuche,Calle Sector Leufuche,09103,Cunco,09,La Araucanía,Servicio de Salud Araucanía Sur,Municipal,-38.95887,-72.11408
121304,CESFAM,Centro de Salud Familiar Freire,Calle Camalez 187,09105,Freire,09,La Araucanía,Servicio de Salud Araucanía Sur,Municipal,-38.95382,-72.62822
121563,PSR,Posta de Salud Rural Allipén,Calle Caserío de Allipen,09105,Freire,09,La Araucanía,Servicio de Salud Araucanía Sur,Municipal,-38.95363,-72.44589
200155,SAPU,SAPU Freire,Calle Pedro Camalez 187,09105,Freire,09,La Araucanía,Servicio de Salud Araucanía Sur,Municipal,-38.953584,-72.62818
201005,SUR,SUR QUEPE,Calle 21 de Mayo 170,09105,Freire,09,La Araucanía,Servicio de Salud Araucanía Sur,Municipal,-38.950873,-72.634758
121504,PSR,Posta de Salud Rural Huilío,Calle Sector Huilío,09105,Freire,09,La Araucanía,Servicio de Salud Araucanía Sur,Municipal,-38.94494,-72.83987
200383,CECOSF,Centro Comunitario de Salud Familiar Las Villas,"Calle Parque Nahuelbuta, Villa los Parques 1871",09103,Cunco,09,La Araucanía,Servicio de Salud Araucanía Sur,Municipal,-38.94465,-72.03505
121491,PSR,Posta de Salud Rural Las Hortensias,Calle Aldea Las Hortensias,09103,Cunco,09,La Araucanía,Servicio de Salud Araucanía Sur,Municipal,-38.94096,-72.15235
121521,PSR,Posta de Salud Rural Puaucho(Saavedra),Calle Sector Puaucho,09116,Saavedra,09,La Araucanía,Servicio de Salud Araucanía Sur,Municipal,-38.93734,-73.32798
121578,PSR,Posta de Salud Rural Número Tres,Calle Bernardo O'Higgins 410,09116,Saavedra,09,La Araucanía,Servicio de Salud Araucanía Sur,Municipal,-38.92905,-73.23645
121526,PSR,Posta de Salud Rural Piedra Alta,Calle Sector Piedra Alta,09116,Saavedra,09,La Araucanía,Servicio de Salud Araucanía Sur,Municipal,-38.91301,-73.33588
121528,PSR,Posta de Salud Rural Huapi,Calle Sector Huapi - Budi,09116,Saavedra,09,La Araucanía,Servicio de Salud Araucanía Sur,Municipal,-38.90613,-73.322
121501,PSR,Posta de Salud Rural Queupue,Calle Sector Queupue,09111,Nueva Imperial,09,La Araucanía,Servicio de Salud Araucanía Sur,Municipal,-38.904867,-72.873158
121579,PSR,Posta de Salud Rural Nohualhue,Calle Sector Nohualhue,09117,Teodoro Schmidt,09,La Araucanía,Servicio de Salud Araucanía Sur,Municipal,-38.899631,-72.959714
121492,PSR,Posta de Salud Rural Villa García,Calle Caserío Villa García,09103,Cunco,09,La Araucanía,Servicio de Salud Araucanía Sur,Municipal,-38.90106,-71.91998
121505,PSR,Posta de Salud Rural Pto. Domínguez,Calle Sector Puerto Rodríguez,09116,Saavedra,09,La Araucanía,Servicio de Salud Araucanía Sur,Municipal,-38.89849,-73.25066
121570,PSR,Posta de Salud Rural Santa María Llaima,Calle Sector Santa María Llaima,09110,Melipeuco,09,La Araucanía,Servicio de Salud Araucanía Sur,Municipal,-38.883859,-71.754691
121502,PSR,Posta de Salud Rural Alto Boroa,Calle Sector Alto Boroa,09111,Nueva Imperial,09,La Araucanía,Servicio de Salud Araucanía Sur,Municipal,-38.88349,-72.83473
121571,PSR,Posta de Salud Rural Alto Carén,Calle Sector Alto Carén,09110,Melipeuco,09,La Araucanía,Servicio de Salud Araucanía Sur,Municipal,-38.880756,-71.52936
121337,CESFAM,Centro de Salud Familiar Quepe,Calle Condell,09105,Freire,09,La Araucanía,Servicio de Salud Araucanía Sur,Municipal,-38.868007,-72.6152
121513,PSR,Posta de Salud Rural La Sierra,Calle Sector La Sierra,09116,Saavedra,09,La Araucanía,Servicio de Salud Araucanía Sur,Municipal,-38.878126,-73.191162
121567,PSR,Posta de Salud Rural San Ramón,Calle Caserío de San Ramón,09112,Padre Las Casas,09,La Araucanía,Servicio de Salud Araucanía Sur,Municipal,-38.86996,-72.39666
200943,SUR,SUR San Ramón,Calle Caserío de San Ramón,09112,Padre Las Casas,09,La Araucanía,Servicio de Salud Araucanía Sur,Municipal,-38.869955,-72.396656
121311,CESFAM,Centro de Salud Familiar Melipeuco,Calle Pedro Aguirre Cerda 14,09110,Melipeuco,09,La Araucanía,Servicio de Salud Araucanía Sur,Municipal,-38.85498,-71.69824
200944,SUR,SUR Melipeuco,Calle Pedro Aguirre Cerda 14,09110,Melipeuco,09,La Araucanía,Servicio de Salud Araucanía Sur,Municipal,-38.854976,-71.698239
121572,PSR,Posta de Salud Rural Cumcumllaque,Calle Sector Cumcumllaque,09110,Melipeuco,09,La Araucanía,Servicio de Salud Araucanía Sur,Municipal,-38.85453,-71.60633
121527,PSR,Posta de Salud Rural Deume,Calle Sector Deume - Rucatraro,09116,Saavedra,09,La Araucanía,Servicio de Salud Araucanía Sur,Municipal,-38.853049,-73.369109
121498,PSR,Posta de Salud Rural Mañío Ducañán,Calle Sector Mañío Ducañán,09111,Nueva Imperial,09,La Araucanía,Servicio de Salud Araucanía Sur,Municipal,-38.85064,-73.04473
121588,PSR,Posta de Salud Rural Molco (Nueva Imperial ),Calle Sector Molco,09111,Nueva Imperial,09,La Araucanía,Servicio de Salud Araucanía Sur,Municipal,-38.859978,-73.111813
121464,PSR,Posta de Salud Rural El Temo,Calle Sector El Temo,09116,Saavedra,09,La Araucanía,Servicio de Salud Araucanía Sur,Municipal,-38.845,-73.23472
121589,PSR,Posta de Salud Rural Chucauco,Calle Sector Chucauco,09105,Freire,09,La Araucanía,Servicio de Salud Araucanía Sur,Municipal,-38.84198,-72.75416
121462,PSR,Posta de Salud Rural Pedregoso (Cunco),Calle Sector Pedregoso,09103,Cunco,09,La Araucanía,Servicio de Salud Araucanía Sur,Municipal,-38.880975,-72.129129
121339,CGR,Centro de Salud Intercultural Boroa Filulawen (D),Calle Sector Boroa-Filulawen,09111,Nueva Imperial,09,La Araucanía,Servicio de Salud Araucanía Sur,Delegado,-38.83727,-72.88934
121593,PSR,Posta de Salud Rural Metrenco,Calle Sector Metrenco,09112,Padre Las Casas,09,La Araucanía,Servicio de Salud Araucanía Sur,Municipal,-38.82695,-72.62065
121525,PSR,Posta de Salud Rural Romopulli,Calle Sector Romopulli,09116,Saavedra,09,La Araucanía,Servicio de Salud Araucanía Sur,Municipal,-38.82613,-73.30706
121458,PSR,Posta de Salud Rural Roble Huacho,Calle Sector Roble Huacho,09112,Padre Las Casas,09,La Araucanía,Servicio de Salud Araucanía Sur,Municipal,-38.82481,-72.54394
121500,PSR,Posta de Salud Rural Bochoco,Calle Sector Bochoco,09111,Nueva Imperial,09,La Araucanía,Servicio de Salud Araucanía Sur,Municipal,-38.823771,-72.94892
129451,PSR,Posta de Salud Rural Icalma,Calle Sector Icalma,09205,Lonquimay,09,La Araucanía,Servicio de Salud Araucanía Norte,Municipal,-38.81402,-71.28119
121459,PSR,Posta de Salud Rural Laurel Huacho,Calle Sector Laurel Huacho,09112,Padre Las Casas,09,La Araucanía,Servicio de Salud Araucanía Sur,Municipal,-38.81514,-72.81445
121516,PSR,Posta de Salud Rural Catripulli ( Carahue),Calle Sector Catripulli,09102,Carahue,09,La Araucanía,Servicio de Salud Araucanía Sur,Municipal,-38.813892,-73.135271
121529,PSR,Posta de Salud Rural Cheucán,Calle Sector Cheucán - Butaco,09116,Saavedra,09,La Araucanía,Servicio de Salud Araucanía Sur,Municipal,-38.80452,-73.35526
121524,PSR,Posta de Salud Rural Perquiñán,Calle Sector Perquiñán,09116,Saavedra,09,La Araucanía,Servicio de Salud Araucanía Sur,Municipal,-38.801773,-73.295135
121488,PSR,Posta de Salud Rural Codinhue,Calle Sector Codinhue,09119,Vilcún,09,La Araucanía,Servicio de Salud Araucanía Sur,Municipal,-38.78359,-72.2636
200207,CESFAM,Centro de Salud Familiar Conun Huenu,Avenida Pulmahue 1405,09112,Padre Las Casas,09,La Araucanía,Servicio de Salud Araucanía Sur,Municipal,-38.77423,-72.59746
200924,SAR,SAR Conun Huenu,Avenida Pulmahue 1405,09112,Padre Las Casas,09,La Araucanía,Servicio de Salud Araucanía Sur,Municipal,-38.774226,-72.59746
121342,CESFAM,Centro de Salud Familiar Pulmahue,Avenida La Quebrada 1419,09112,Padre Las Casas,09,La Araucanía,Servicio de Salud Araucanía Sur,Municipal,-38.77261,-72.58886
121495,PSR,Posta de Salud Rural Agua Tendida,Calle Sector Agua Tendida,09102,Carahue,09,La Araucanía,Servicio de Salud Araucanía Sur,Municipal,-38.77071,-73.06603
121336,CESFAM,Centro de Salud Familiar Las Colinas,Calle Mañil 130,09112,Padre Las Casas,09,La Araucanía,Servicio de Salud Araucanía Sur,Municipal,-38.7658,-72.60783
121350,CESFAM,Centro de Salud Familiar Labranza,Calle Uno Norte 11,09101,Temuco,09,La Araucanía,Servicio de Salud Araucanía Sur,Municipal,-38.76311,-72.75345
200156,SAR,SAR Labranza,Calle Uno Oriente 411,09101,Temuco,09,La Araucanía,Servicio de Salud Araucanía Sur,Municipal,-38.762764,-72.753469
121602,COSAM,COSAM Padre Las Casas,Calle Mac-Iver 1398,09112,Padre Las Casas,09,La Araucanía,Servicio de Salud Araucanía Sur,Servicio de Salud,-38.762452,-72.600266
121808,SAPU,SAPU Padre Las Casas,Calle Barroso esquina Corvalan,09112,Padre Las Casas,09,La Araucanía,Servicio de Salud Araucanía Sur,Municipal,-38.761205,-72.593334
121308,CESFAM,Centro de Salud Familiar Padre Las Casas,Calle Barroso,09112,Padre Las Casas,09,La Araucanía,Servicio de Salud Araucanía Sur,Municipal,-38.76102,-72.59332
121307,CESFAM,Centro de Salud Familiar Amanecer,Calle Garibaldi 1280,09101,Temuco,09,La Araucanía,Servicio de Salud Araucanía Sur,Municipal,-38.75661,-72.62335
121503,PSR,Posta de Salud Rural Rulo,Calle Sector Rulo,09111,Nueva Imperial,09,La Araucanía,Servicio de Salud Araucanía Sur,Municipal,-38.75658,-73.02546
200152,SAPU,SAPU Amanecer,Calle Garibaldi 1280,09101,Temuco,09,La Araucanía,Servicio de Salud Araucanía Sur,Municipal,-38.756391,-72.623384
121522,PSR,Posta de Salud Rural Quifo,Calle Sector Quifo-Oñoico,09116,Saavedra,09,La Araucanía,Servicio de Salud Araucanía Sur,Municipal,-38.75357,-73.29887
121600,COSAM,COSAM Amanecer,"Pasaje Los Lirios, Villa Los Aromos 160",09101,Temuco,09,La Araucanía,Servicio de Salud Araucanía Sur,Servicio de Salud,-38.753426,-72.616652
121788,CECOSF,Centro Comunitario de Salud Familiar Las Quilas,Calle Los Copihues,09101,Temuco,09,La Araucanía,Servicio de Salud Araucanía Sur,Municipal,-38.74812,-72.60681
121461,PSR,Posta de Salud Rural Truf Truf,Calle Sector Truf Truf,09112,Padre Las Casas,09,La Araucanía,Servicio de Salud Araucanía Sur,Municipal,-38.74772,-72.5397
121520,PSR,Posta de Salud Rural Nehuentué,Calle Aldea de Nehuentué,09102,Carahue,09,La Araucanía,Servicio de Salud Araucanía Sur,Municipal,-38.74518,-73.41073
200158,SAPU,SAPU Nueva Imperial,Calle Castellón 115,09111,Nueva Imperial,09,La Araucanía,Servicio de Salud Araucanía Sur,Municipal,-38.744676,-72.954597
121341,CESFAM,Centro de Salud Familiar Nueva Imperial,Calle Gorostiaga 258,09111,Nueva Imperial,09,La Araucanía,Servicio de Salud Araucanía Sur,Municipal,-38.74447,-72.95475
121785,CECOSF,Centro Comunitario de Salud Familiar San Antonio,Calle Pudeto 570,09101,Temuco,09,La Araucanía,Servicio de Salud Araucanía Sur,Servicio de Salud,-38.741,-72.57906
121657,CESFAM,Centro de Salud Familiar Metodista (D),Calle Bernardo O'Higgins 1449,09101,Temuco,09,La Araucanía,Servicio de Salud Araucanía Sur,Delegado,-38.73729,-72.62246
200290,CECOSF,Centro Comunitario de Salud Familiar El Alto,Calle San Pedro 586,09111,Nueva Imperial,09,La Araucanía,Servicio de Salud Araucanía Sur,Municipal,-38.73677,-72.94605
121803,SAR,SAR Miraflores,Calle Miraflores 1369,09101,Temuco,09,La Araucanía,Servicio de Salud Araucanía Sur,Servicio de Salud,-38.735316,-72.581809
121303,CESFAM,Centro de Salud Familiar Miraflores (Temuco),Calle Miraflores 1369,09101,Temuco,09,La Araucanía,Servicio de Salud Araucanía Sur,Servicio de Salud,-38.73519,-72.58179
121806,SAPU,SAPU Santa Rosa,Calle Pircunche 316,09101,Temuco,09,La Araucanía,Servicio de Salud Araucanía Sur,Municipal,-38.734619,-72.572467
121306,CESFAM,Centro de Salud Familiar Santa Rosa,Calle Pircunche 316,09101,Temuco,09,La Araucanía,Servicio de Salud Araucanía Sur,Municipal,-38.73449,-72.5721
121530,PSR,Posta de Salud Rural Calof,Calle Sector Calof,09116,Saavedra,09,La Araucanía,Servicio de Salud Araucanía Sur,Municipal,-38.730466,-73.338707
121305,CESFAM,Centro de Salud Familiar Villa Alegre,Calle Argentina,09101,Temuco,09,La Araucanía,Servicio de Salud Araucanía Sur,Municipal,-38.7265,-72.61085
200161,SAPU,SAPU Villa Alegre,Avenida Argentina 820,09101,Temuco,09,La Araucanía,Servicio de Salud Araucanía Sur,Municipal,-38.726446,-72.610611
121592,PSR,Posta de Salud Rural Codopille,Calle Sector Codopille,09112,Padre Las Casas,09,La Araucanía,Servicio de Salud Araucanía Sur,Municipal,-38.72463,-72.44555
121601,COSAM,COSAM Temuco,Calle Vicuña Mackenna 51,09101,Temuco,09,La Araucanía,Servicio de Salud Araucanía Sur,Servicio de Salud,-38.723686,-72.564872
121309,CESFAM,Centro de Salud Familiar Pueblo Nuevo,Calle Nahuelbuta 2815,09101,Temuco,09,La Araucanía,Servicio de Salud Araucanía Sur,Municipal,-38.71801,-72.56234
200154,SAPU,SAPU Pueblo Nuevo,Calle Nahuelbuta 2815,09101,Temuco,09,La Araucanía,Servicio de Salud Araucanía Sur,Municipal,-38.717965,-72.562083
200382,CECOSF,Centro Comunitario de Salud Familiar Carahue,Calle Ercilla 565,09102,Carahue,09,La Araucanía,Servicio de Salud Araucanía Sur,Municipal,-38.71546,-73.16711
200159,SAR,SAR Pedro de Valdivia,Calle Chivilcán 1051,09101,Temuco,09,La Araucanía,Servicio de Salud Araucanía Sur,Municipal,-38.713795,-72.619907
121347,CESFAM,Centro de Salud Familiar Pedro de Valdivia,Calle Chivilcán 910,09101,Temuco,09,La Araucanía,Servicio de Salud Araucanía Sur,Municipal,-38.71363,-72.62011
200183,CESFAM,Centro de Salud Familiar El Carmen,Calle Los Compositores 100,09101,Temuco,09,La Araucanía,Servicio de Salud Araucanía Sur,Municipal,-38.71274,-72.65496
121780,CECOSF,Centro Comunitario de Salud Familiar Villa el Salar,Calle Huasquinta 1180,09101,Temuco,09,La Araucanía,Servicio de Salud Araucanía Sur,Municipal,-38.71071,-72.6267
121782,CECOSF,Centro Comunitario de Salud Familiar Arquenco,Calle Arcalafquen 855,09101,Temuco,09,La Araucanía,Servicio de Salud Araucanía Sur,Municipal,-38.70918,-72.63378
121523,PSR,Posta de Salud Rural Ranco,Calle Sector Ranco,09116,Saavedra,09,La Araucanía,Servicio de Salud Araucanía Sur,Municipal,-38.699987,-73.31655
121506,PSR,Posta de Salud Rural Tranapuente,Calle Sector Tranapuente,09102,Carahue,09,La Araucanía,Servicio de Salud Araucanía Sur,Municipal,-38.69685,-73.3521
121487,PSR,Posta de Salud Rural General López,Calle Aldea General López,09119,Vilcún,09,La Araucanía,Servicio de Salud Araucanía Sur,Municipal,-38.69292,-72.36666
121485,CECOSF,Centro Comunitario de Salud Familiar Cherquenco,"Calle Mendoza, Cherquenco",09119,Vilcún,09,La Araucanía,Servicio de Salud Araucanía Sur,Municipal,-38.68633,-72.00333
121456,CESFAM,Centro de Salud Familiar de Cajón,"Calle Gabriela Mistral, Pueblo de Cajón 357",09119,Vilcún,09,La Araucanía,Servicio de Salud Araucanía Sur,Municipal,-38.68004,-72.50285
121510,PSR,Posta de Salud Rural Puyangue,Calle Sector Puyangue,09102,Carahue,09,La Araucanía,Servicio de Salud Araucanía Sur,Municipal,-38.666205,-73.402507
121352,CGR,Centro de Salud Docente Asistencial Monseñor Sergio Valech,"Calle Km. 11, camino a Cholchol 11",09101,Temuco,09,La Araucanía,Servicio de Salud Araucanía Sur,Municipal,-38.6597,-72.71322
121486,PSR,Posta de Salud Rural San Patricio,Calle Aldea de San Patricio,09119,Vilcún,09,La Araucanía,Servicio de Salud Araucanía Sur,Municipal,-38.65818,-72.1153
121489,PSR,Posta de Salud Rural Quintrilpe,Calle Sector Quintrilpe,09119,Vilcún,09,La Araucanía,Servicio de Salud Araucanía Sur,Municipal,-38.65431,-72.38676
129452,PSR,Posta de Salud Rural Liucura (Lonquimay),Calle Caserío de Licura,09205,Lonquimay,09,La Araucanía,Servicio de Salud Araucanía Norte,Municipal,-38.64415,-71.08998
121469,CECOSF,Centro Comunitario de Salud Familiar Pillanlelbún,"Calle Alonso de Ercilla, localidad de Pillanlelbún 405",09108,Lautaro,09,La Araucanía,Servicio de Salud Araucanía Sur,Municipal,-38.63387,-72.4538
200989,SUR,SUR Pillanlelbun,"Calle Alonso de Ercilla, localidad de Pillanlelbún 305",09108,Lautaro,09,La Araucanía,Servicio de Salud Araucanía Sur,Servicio de Salud,-38.633849,-72.453913
121499,PSR,Posta de Salud Rural Chivilcoyan,Calle Sector Chivilcoyan,09111,Nueva Imperial,09,La Araucanía,Servicio de Salud Araucanía Sur,Municipal,-38.633488,-72.967167
121328,CESFAM,Centro de Salud Familiar Trovolhue,Calle Juan Pablo 1335,09102,Carahue,09,La Araucanía,Servicio de Salud Araucanía Sur,Municipal,-38.62921,-73.314
200946,SUR,SUR Trovolhue,Calle Juan Pablo 1335,09102,Carahue,09,La Araucanía,Servicio de Salud Araucanía Sur,Municipal,-38.629209,-73.314
121512,PSR,Posta de Salud Rural Coi Coi,Calle Sector Coi Coi - Lobería,09102,Carahue,09,La Araucanía,Servicio de Salud Araucanía Sur,Municipal,-38.62543,-73.48034
121463,PSR,Posta de Salud Rural Conoco,Calle Sector Conoco,09101,Temuco,09,La Araucanía,Servicio de Salud Araucanía Sur,Municipal,-38.62233,-72.74123
121473,PSR,Posta de Salud Rural Pumalal,Calle Sector Pumalal,09108,Lautaro,09,La Araucanía,Servicio de Salud Araucanía Sur,Municipal,-38.61705,-72.49805
121511,PSR,Posta de Salud Rural Los Placeres,Calle Sector Los Placeres,09102,Carahue,09,La Araucanía,Servicio de Salud Araucanía Sur,Municipal,-38.61245,-73.44331
121474,PSR,Posta de Salud Rural Blanco Lepín,Calle Sector Blanco Lepín,09108,Lautaro,09,La Araucanía,Servicio de Salud Araucanía Sur,Municipal,-38.611717,-72.377365
121509,PSR,Posta de Salud Rural Santa Celia,Calle Sector Santa Celia,09102,Carahue,09,La Araucanía,Servicio de Salud Araucanía Sur,Municipal,-38.61032,-73.19505
121327,CESFAM,Centro de Salud Familiar Chol Chol,Calle Aníbal Pinto 552,09121,Cholchol,09,La Araucanía,Servicio de Salud Araucanía Sur,Municipal,-38.60708,-72.84259
200945,SUR,SUR Chol Chol,Calle Aníbal Pinto 552,09121,Cholchol,09,La Araucanía,Servicio de Salud Araucanía Sur,Municipal,-38.607082,-72.842593
121460,PSR,Posta de Salud Rural Collimallín,Calle Sector Collimallín,09101,Temuco,09,La Araucanía,Servicio de Salud Araucanía Sur,Municipal,-38.60605,-72.69722
121515,PSR,Posta de Salud Rural Miramar,Calle Sector Miramar,09111,Nueva Imperial,09,La Araucanía,Servicio de Salud Araucanía Sur,Municipal,-38.59903,-73.07686
121514,PSR,Posta de Salud Rural El Manzano (Carahue),Calle Sector el Manzano,09102,Carahue,09,La Araucanía,Servicio de Salud Araucanía Sur,Municipal,-38.599,-73.14396
121519,PSR,Posta de Salud Rural Loncoyamo,Calle Sector Loncoyamo,09102,Carahue,09,La Araucanía,Servicio de Salud Araucanía Sur,Municipal,-38.59806,-73.40741
121470,PSR,Posta de Salud Rural Muco Chureo,Calle Sector Muco Chureo,09108,Lautaro,09,La Araucanía,Servicio de Salud Araucanía Sur,Municipal,-38.58488,-72.33005
121580,PSR,Posta de Salud Rural Malalche,Calle Sector Malalche,09121,Cholchol,09,La Araucanía,Servicio de Salud Araucanía Sur,Municipal,-38.574768,-72.945364
121476,PSR,Posta de Salud Rural Vega Redonda,Calle Sector Vega Redonda,09119,Vilcún,09,La Araucanía,Servicio de Salud Araucanía Sur,Municipal,-38.577229,-72.268622
121591,PSR,Posta de Salud Rural Vega Larga,Calle Sector Vega Larga,09108,Lautaro,09,La Araucanía,Servicio de Salud Araucanía Sur,Municipal,-38.57239,-72.31221
121590,PSR,Posta de Salud Rural El Escudo,Calle Sector El Escudo,09108,Lautaro,09,La Araucanía,Servicio de Salud Araucanía Sur,Municipal,-38.56446,-72.08726
129450,PSR,Posta de Salud Rural Sierra Nevada,Calle Caserío de Sierra Nevada,09205,Lonquimay,09,La Araucanía,Servicio de Salud Araucanía Norte,Municipal,-38.56314,-71.47661
129454,PSR,Posta de Salud Rural Pichipehuenco,Calle Sector Pichipihuenco,09205,Lonquimay,09,La Araucanía,Servicio de Salud Araucanía Norte,Municipal,-38.5548,-71.163
121472,PSR,Posta de Salud Rural Colonia Lautaro,Calle Sector Colonia Lautaro,09108,Lautaro,09,La Araucanía,Servicio de Salud Araucanía Sur,Municipal,-38.55142,-72.58358
121787,CECOSF,Centro Comunitario de Salud Familiar Guacolda,Calle Barros Arana,09108,Lautaro,09,La Araucanía,Servicio de Salud Araucanía Sur,Municipal,-38.53745,-72.4275
121346,CESFAM,Centro de Salud Familiar Lautaro,Calle Rodríguez,09108,Lautaro,09,La Araucanía,Servicio de Salud Araucanía Sur,Municipal,-38.53729,-72.43965
129453,PSR,Posta de Salud Rural Pedregoso (Lonquimay),Calle Sector Pedregoso,09205,Lonquimay,09,La Araucanía,Servicio de Salud Araucanía Norte,Municipal,-38.53627,-71.25676
121508,PSR,Posta de Salud Rural Alto Yupehue,Calle Sector Alto Yupehue,09102,Carahue,09,La Araucanía,Servicio de Salud Araucanía Sur,Municipal,-38.53322,-73.41666
121478,PSR,Posta de Salud Rural Rapa - Mañiuco,Calle Sector Rapa - Mañiuco,09106,Galvarino,09,La Araucanía,Servicio de Salud Araucanía Sur,Municipal,-38.53111,-72.70312
121517,PSR,Posta de Salud Rural Matte y Sánchez,Calle Sector Matte y Sánchez,09102,Carahue,09,La Araucanía,Servicio de Salud Araucanía Sur,Municipal,-38.5306,-73.37063
121518,PSR,Posta de Salud Rural Hueñalihuén,Calle Sector Hueñalihuén,09102,Carahue,09,La Araucanía,Servicio de Salud Araucanía Sur,Municipal,-38.52777,-73.48146
200459,SAR,SAR Lautaro,Calle Erasmo Escala 750,09108,Lautaro,09,La Araucanía,Servicio de Salud Araucanía Sur,Municipal,-38.526034,-72.440418
121471,PSR,Posta de Salud Rural Dollinco (Lautaro),Calle Sector Dollinco,09108,Lautaro,09,La Araucanía,Servicio de Salud Araucanía Sur,Municipal,-38.52332,-72.28303
121483,PSR,Posta de Salud Rural Santa Carolina,Calle Sector Santa Carolina,09106,Galvarino,09,La Araucanía,Servicio de Salud Araucanía Sur,Municipal,-38.52066,-72.79812
121789,CECOSF,Centro Comunitario de Salud Familiar Dr. Maximino Beltran Mora,Calle Erasmo Ovando 425,09108,Lautaro,09,La Araucanía,Servicio de Salud Araucanía Sur,Municipal,-38.51699,-72.43071
129443,PSR,Posta de Salud Rural La Tepa,Calle Sector La Tepa,09203,Curacautín,09,La Araucanía,Servicio de Salud Araucanía Norte,Municipal,-38.50738,-71.82475
121497,PSR,Posta de Salud Rural Huentelar,Calle Sector Huentelar,09121,Cholchol,09,La Araucanía,Servicio de Salud Araucanía Sur,Municipal,-38.49989,-72.88521
121468,PSR,Posta de Salud Rural Coihueco (Lautaro),Calle Sector Coihueco,09108,Lautaro,09,La Araucanía,Servicio de Salud Araucanía Sur,Municipal,-38.49968,-72.58144
121507,PSR,Posta de Salud Rural La Cabaña,Calle Sector la Cabaña,09102,Carahue,09,La Araucanía,Servicio de Salud Araucanía Sur,Municipal,-38.496,-73.2371
121475,PSR,Posta de Salud Rural Ñereco,Calle Sector Ñereco,09108,Lautaro,09,La Araucanía,Servicio de Salud Araucanía Sur,Municipal,-38.49262,-72.32959
121479,PSR,Posta de Salud Rural Nilpe,Calle Sector Nilpe,09106,Galvarino,09,La Araucanía,Servicio de Salud Araucanía Sur,Municipal,-38.49055,-72.80105
129442,PSR,Posta de Salud Rural Río Blanco (Curacautín),Calle Sector Río Blanco,09203,Curacautín,09,La Araucanía,Servicio de Salud Araucanía Norte,Municipal,-38.48628,-71.72659
121481,PSR,Posta de Salud Rural Repocura,Calle Sector Repocura - Chacaico,09106,Galvarino,09,La Araucanía,Servicio de Salud Araucanía Sur,Municipal,-38.48254,-72.87979
129588,PSR,Posta de Salud Rural Santa Julia,Calle Caserío de Santa Julia,09203,Curacautín,09,La Araucanía,Servicio de Salud Araucanía Norte,Municipal,-38.48147,-71.98348
129441,PSR,Posta de Salud Rural Malalcahuello,Calle Aldea de Malalcahuello,09203,Curacautín,09,La Araucanía,Servicio de Salud Araucanía Norte,Municipal,-38.47497,-71.58215
129444,PSR,Posta de Salud Rural Santa Ana,Calle Aldea de Santa Ana,09203,Curacautín,09,La Araucanía,Servicio de Salud Araucanía Norte,Municipal,-38.47129,-72.0331
121480,PSR,Posta de Salud Rural Ailinco,Calle Sector Ailinco,09106,Galvarino,09,La Araucanía,Servicio de Salud Araucanía Sur,Municipal,-38.471,-72.85337
121594,PSR,Posta de Salud Rural Santa Rosa,Calle Sector Los Solares,09108,Lautaro,09,La Araucanía,Servicio de Salud Araucanía Sur,Municipal,-38.47012,-72.24287
121482,PSR,Posta de Salud Rural Fortín Ñielol,Calle Sector Fortín Ñielol,09106,Galvarino,09,La Araucanía,Servicio de Salud Araucanía Sur,Municipal,-38.468184,-72.700636
128422,PSR,Posta de Salud Rural Casa de Piedra,Calle Sector Casa de Piedra,08207,Tirúa,08,Biobío,Servicio de Salud Arauco,Municipal,-38.487249,-73.484815
121465,PSR,Posta de Salud Rural Quillem,Calle Pueblo de Quillem,09113,Perquenco,09,La Araucanía,Servicio de Salud Araucanía Sur,Municipal,-38.463813,-72.388235
129447,PSR,Posta de Salud Rural Manzanar ( Curacautín ),Calle Caserío de Manzanar,09203,Curacautín,09,La Araucanía,Servicio de Salud Araucanía Norte,Municipal,-38.466115,-71.698397
121467,PSR,Posta de Salud Rural Pitraco,Calle Sector Pitraco,09113,Perquenco,09,La Araucanía,Servicio de Salud Araucanía Sur,Municipal,-38.46531,-72.55306
121496,PSR,Posta de Salud Rural Huamaqui,Calle Sector Huamaqui,09121,Cholchol,09,La Araucanía,Servicio de Salud Araucanía Sur,Municipal,-38.45932,-72.98452
129449,PSR,Posta de Salud Rural Lolén,Calle Sector Lolén,09205,Lonquimay,09,La Araucanía,Servicio de Salud Araucanía Norte,Municipal,-38.464233,-71.234104
128421,PSR,Posta de Salud Rural Alto Quilantahue,Calle Sector Alto Quilantahue,08207,Tirúa,08,Biobío,Servicio de Salud Arauco,Municipal,-38.451087,-73.47586
121477,PSR,Posta de Salud Rural Cuel Ñielol,Calle Sector Cuel Ñielol,09106,Galvarino,09,La Araucanía,Servicio de Salud Araucanía Sur,Municipal,-38.44985,-72.63297
129446,PSR,Posta de Salud Rural Rariruca,Calle Caserío de Rariruca,09203,Curacautín,09,La Araucanía,Servicio de Salud Araucanía Norte,Municipal,-38.42829,-72.00895
200941,SUR,SUR Perquenco,Calle Esmeralda,09113,Perquenco,09,La Araucanía,Servicio de Salud Araucanía Sur,Municipal,-38.418376,-72.372275
121323,CESFAM,Centro de Salud Familiar  Perquenco,Calle Nicasio de Toro 880,09113,Perquenco,09,La Araucanía,Servicio de Salud Araucanía Sur,Municipal,-38.41834,-72.37236
128447,PSR,Posta de Salud Rural Primer Agua,Calle Sector Primer Agua,08207,Tirúa,08,Biobío,Servicio de Salud Arauco,Municipal,-38.40896,-73.50031
121484,PSR,Posta de Salud Rural Rucatraro,Calle Sector Rucatraro,09106,Galvarino,09,La Araucanía,Servicio de Salud Araucanía Sur,Municipal,-38.40287,-72.97929
121416,PSR,Posta de Salud Rural La Piedra,Calle Sector La Piedra,09106,Galvarino,09,La Araucanía,Servicio de Salud Araucanía Sur,Municipal,-38.399302,-72.846846
129417,PSR,Posta de Salud Rural Molco,Calle Sector Molco,09210,Traiguén,09,La Araucanía,Servicio de Salud Araucanía Norte,Municipal,-38.3978,-72.64884
128448,PSR,Posta de Salud Rural Loncotripai,Calle Sector Loncotripai,08207,Tirúa,08,Biobío,Servicio de Salud Arauco,Municipal,-38.39731,-73.38624
129427,PSR,Posta de Salud Rural La Herradura,Calle Sector La Herradura,09207,Lumaco,09,La Araucanía,Servicio de Salud Araucanía Norte,Municipal,-38.38979,-73.06711
129445,PSR,Posta de Salud Rural Radalco,Calle Sector Radalco,09203,Curacautín,09,La Araucanía,Servicio de Salud Araucanía Norte,Municipal,-38.373,-71.95952
121561,PSR,Posta de Salud Rural Pangueco (Galvarino),Calle Sector Pangueco,09106,Galvarino,09,La Araucanía,Servicio de Salud Araucanía Sur,Municipal,-38.36672,-72.8711
129434,PSR,Posta de Salud Rural Cullinco,Calle Sector Cullinco,09211,Victoria,09,La Araucanía,Servicio de Salud Araucanía Norte,Municipal,-38.364199,-72.270506
128410,PSR,Posta de Salud Rural Isla Mocha,Calle Sector Isla Mocha,08201,Lebu,08,Biobío,Servicio de Salud Arauco,Municipal,-38.341701,-73.90991
128324,CESFAM,Centro de Salud Familiar Isabel Jiménez,Calle Atahualpa,08207,Tirúa,08,Biobío,Servicio de Salud Arauco,Municipal,-38.34071,-73.49397
200745,SAR,SAR Tirua,Calle Atahualpa 220,08207,Tirúa,08,Biobío,Servicio de Salud Arauco,Municipal,-38.340658,-73.493822
129430,PSR,Posta de Salud Rural Púa,Calle Aldea de Púa,09211,Victoria,09,La Araucanía,Servicio de Salud Araucanía Norte,Municipal,-38.33568,-72.37714
129423,PSR,Posta de Salud Rural Pichipellahuén,Calle Aldea de Pichipellahuén,09207,Lumaco,09,La Araucanía,Servicio de Salud Araucanía Norte,Municipal,-38.32501,-72.99976
129425,PSR,Posta de Salud Rural Manzanar ( Lumaco ),Calle Sector Manzanar,09207,Lumaco,09,La Araucanía,Servicio de Salud Araucanía Norte,Municipal,-38.31726,-73.24938
129420,PSR,Posta de Salud Rural Temulemu,Calle Sector Temulemu,09210,Traiguén,09,La Araucanía,Servicio de Salud Araucanía Norte,Municipal,-38.30778,-72.82206
129424,PSR,Posta de Salud Rural Curilebu,Calle Sector Curilebu,09207,Lumaco,09,La Araucanía,Servicio de Salud Araucanía Norte,Municipal,-38.30549,-73.16927
129435,PSR,Posta de Salud Rural California,Calle Sector California,09211,Victoria,09,La Araucanía,Servicio de Salud Araucanía Norte,Municipal,-38.30027,-72.07961
129431,PSR,Posta de Salud Rural Quino,Calle Aldea de Quino,09211,Victoria,09,La Araucanía,Servicio de Salud Araucanía Norte,Municipal,-38.33867,-72.499775
129436,PSR,Posta de Salud Rural Reducción Pailahueque,Calle Sector Reducción Pailahueque,09211,Victoria,09,La Araucanía,Servicio de Salud Araucanía Norte,Municipal,-38.29277,-72.31581
129586,PSR,Posta de Salud Rural Didaico,Calle Sector Didaico,09210,Traiguén,09,La Araucanía,Servicio de Salud Araucanía Norte,Municipal,-38.28333,-72.89339
129426,PSR,Posta de Salud Rural Chanco,Calle Caserío de Chanco,09207,Lumaco,09,La Araucanía,Servicio de Salud Araucanía Norte,Municipal,-38.2643,-72.94265
129456,PSR,Posta de Salud Rural Ranquil,Calle Ranquil Km. 7,09205,Lonquimay,09,La Araucanía,Servicio de Salud Araucanía Norte,Municipal,-38.256895,-71.244419
129455,PSR,Posta de Salud Rural Troyo,Calle Caserío de Troyo,09205,Lonquimay,09,La Araucanía,Servicio de Salud Araucanía Norte,Municipal,-38.25247,-71.30361
128730,CECOSF,Centro Comunitario de Salud Familiar Quidico,Calle Aldea de Quidico,08207,Tirúa,08,Biobío,Servicio de Salud Arauco,Municipal,-38.247626,-73.484212
129318,CESFAM,Centro de Salud Familiar Victoria,Calle Muñoz Vargas 730,09211,Victoria,09,La Araucanía,Servicio de Salud Araucanía Norte,Municipal,-38.23533,-72.33024
200175,SAR,SAR Victoria,Calle Chorrillos 1920,09211,Victoria,09,La Araucanía,Servicio de Salud Araucanía Norte,Municipal,-38.235162,-72.329964
129718,CECOSF,Centro Comunitario de Salud Familiar Cons. Victoria,Calle Manuel Rodríguez 1240,09211,Victoria,09,La Araucanía,Servicio de Salud Araucanía Norte,Municipal,-38.22283,-72.32307
129433,PSR,Posta de Salud Rural Rosario,Calle Sector Rosario,09211,Victoria,09,La Araucanía,Servicio de Salud Araucanía Norte,Municipal,-38.2185,-72.07173
128427,PSR,Posta de Salud Rural Mahuilque Bajo,Calle Sector Mahuilque Bajo,08204,Contulmo,08,Biobío,Servicio de Salud Arauco,Municipal,-38.21137,-73.23855
129705,CECOSF,Centro Comunitario de Salud Familiar Capitán Pastene,Calle Pueblo de Capitán Pastene,09207,Lumaco,09,La Araucanía,Servicio de Salud Araucanía Norte,Municipal,-38.18871,-72.99005
128428,PSR,Posta de Salud Rural Los Huapes de Aillahuampi,Calle Sector Los Huapes de Aillahuampi,08204,Contulmo,08,Biobío,Servicio de Salud Arauco,Municipal,-38.17725,-73.13883
129105,CGR,Consultorio Lumaco,Calle Carlos Condell,09207,Lumaco,09,La Araucanía,Servicio de Salud Araucanía Norte,Municipal,-38.16727,-72.9024
128420,PSR,Posta de Salud Rural Ranquilhue,Calle Sector Ranquilhue,08207,Tirúa,08,Biobío,Servicio de Salud Arauco,Municipal,-38.149914,-73.369727
129414,PSR,Posta de Salud Rural Niblinto,Calle Sector Niblinto,09202,Collipulli,09,La Araucanía,Servicio de Salud Araucanía Norte,Municipal,-38.147351,-71.868654
129432,CECOSF,Centro Comunitario de Salud Familiar Pailahueque,"Calle Errazuriz, Sector de Pailahueque 310",09204,Ercilla,09,La Araucanía,Servicio de Salud Araucanía Norte,Municipal,-38.13468,-72.31926
129418,PSR,Posta de Salud Rural Quechereguas,Calle Sector Quechereguas,09210,Traiguén,09,La Araucanía,Servicio de Salud Araucanía Norte,Municipal,-38.135506,-72.59009
128429,PSR,Posta de Salud Rural Huillinco,Calle Sector Huillinco,08204,Contulmo,08,Biobío,Servicio de Salud Arauco,Municipal,-38.12698,-73.26335
129448,PSR,Posta de Salud Rural Contraco,Calle Sector Contraco,09205,Lonquimay,09,La Araucanía,Servicio de Salud Araucanía Norte,Municipal,-38.14474,-71.33622
129428,PSR,Posta de Salud Rural Loncoyán,Calle Sector Loncoyán,09208,Purén,09,La Araucanía,Servicio de Salud Araucanía Norte,Municipal,-38.115008,-72.949181
129416,PSR,Posta de Salud Rural Aniñir,Calle Sector Aniñir,09210,Traiguén,09,La Araucanía,Servicio de Salud Araucanía Norte,Municipal,-38.114456,-72.504672
129404,PSR,Posta de Salud Rural Cuartel Quemado,Calle Sector Cuartel Quemado,09208,Purén,09,La Araucanía,Servicio de Salud Araucanía Norte,Municipal,-38.1133,-73.07547
129438,PSR,Posta de Salud Rural Chacaico,Calle Sector Chacaico,09204,Ercilla,09,La Araucanía,Servicio de Salud Araucanía Norte,Municipal,-38.11231,-72.39167
129421,PSR,Posta de Salud Rural Quilquén,Calle Caserío Villa Quilquén,09210,Traiguén,09,La Araucanía,Servicio de Salud Araucanía Norte,Municipal,-38.109209,-72.708508
129587,PSR,Posta de Salud Rural Encinar,Calle Sector Encinar,09202,Collipulli,09,La Araucanía,Servicio de Salud Araucanía Norte,Municipal,-38.104547,-72.119855
129406,PSR,Posta de Salud Rural El Lingue,Calle Sector El Lingue,09208,Purén,09,La Araucanía,Servicio de Salud Araucanía Norte,Municipal,-38.09705,-72.99699
129440,PSR,Posta de Salud Rural Temocuicui,Calle Sector Temocuicui,09204,Ercilla,09,La Araucanía,Servicio de Salud Araucanía Norte,Municipal,-38.093417,-72.433934
129413,PSR,Posta de Salud Rural Amargo,Calle Sector Amargo,09202,Collipulli,09,La Araucanía,Servicio de Salud Araucanía Norte,Municipal,-38.07701,-71.86998
129419,PSR,Posta de Salud Rural Santa Rosa (Los Sauces ),Calle Sector Santa Rosa,09206,Los Sauces,09,La Araucanía,Servicio de Salud Araucanía Norte,Municipal,-38.07423,-72.76467
129302,CGR,Consultorio  Ercilla,Avenida Ercilla 289,09204,Ercilla,09,La Araucanía,Servicio de Salud Araucanía Norte,Municipal,-38.06389,-72.37437
120448,PSR,Posta de Salud Rural Ralco Lepoy,Calle Sector Ralco Lepoy,08314,Alto Biobío,08,Biobío,Servicio de Salud Biobío,Municipal,-38.063025,-71.35695
128416,CECOSF,Centro Comunitario de Salud Familiar Antiquina,"Calle Ruta P70 R, Sector Antiquina",08203,Cañete,08,Biobío,Servicio de Salud Arauco,Municipal,-38.057,-73.3991
129439,PSR,Posta de Salud Rural Tricauco,Calle Sector Tricauco,09204,Ercilla,09,La Araucanía,Servicio de Salud Araucanía Norte,Municipal,-38.05093,-72.47274
129437,PSR,Posta de Salud Rural Huitranlebu,Calle Sector Huitranlebu,09208,Purén,09,La Araucanía,Servicio de Salud Araucanía Norte,Municipal,-38.047726,-72.908445
120450,PSR,Posta de Salud Rural Malla Palmucho,Calle Sector Malla Palmucho,08314,Alto Biobío,08,Biobío,Servicio de Salud Biobío,Municipal,-38.0216,-71.468207
128425,PSR,Posta de Salud Rural Pocuno,Calle Sector Pocuno,08203,Cañete,08,Biobío,Servicio de Salud Arauco,Municipal,-38.02003,-73.34578
129412,PSR,Posta de Salud Rural La Batalla,Calle Sector La Batalla,09202,Collipulli,09,La Araucanía,Servicio de Salud Araucanía Norte,Municipal,-38.01873,-72.07909
129415,PSR,Posta de Salud Rural Chequenco,Calle Sector Chequenco,09204,Ercilla,09,La Araucanía,Servicio de Salud Araucanía Norte,Municipal,-38.010705,-72.501623
200535,CECOSF,Centro Comunitario de Salud Familiar Caupolicán,"Calle KM 5, Villa Caupolicán",09208,Purén,09,La Araucanía,Servicio de Salud Araucanía Norte,Municipal,-38.01005,-73.02755
129102,CGR,Consultorio  Los Sauces,Calle Ercilla 601,09206,Los Sauces,09,La Araucanía,Servicio de Salud Araucanía Norte,Municipal,-37.98212,-72.83692
129403,PSR,Posta de Salud Rural Colonia Manuel Rodríguez,Calle Sector Colonia Manuel Rodríguez,09201,Angol,09,La Araucanía,Servicio de Salud Araucanía Norte,Municipal,-37.959977,-72.571314
128418,PSR,Posta de Salud Rural Huentelolén,Calle Sector Huentelolén,08203,Cañete,08,Biobío,Servicio de Salud Arauco,Municipal,-37.95894,-73.40366
128426,CECOSF,Centro Comunitario de Salud Familiar Elicura,"Calle Los Peumos, Sector Calebu",08204,Contulmo,08,Biobío,Servicio de Salud Arauco,Municipal,-37.956531,-73.226365
200270,CECOSF,Centro Comunitario de Salud Familiar Santa Mónica,Calle Fuerte Curaco 201,09202,Collipulli,09,La Araucanía,Servicio de Salud Araucanía Norte,Municipal,-37.94851,-72.446
129405,PSR,Posta de Salud Rural Coyancahuín,Calle Sector Coyancahuín,09208,Purén,09,La Araucanía,Servicio de Salud Araucanía Norte,Municipal,-37.938568,-73.055413
129408,PSR,Posta de Salud Rural Trintre,Calle Caserío de Trintre,09206,Los Sauces,09,La Araucanía,Servicio de Salud Araucanía Norte,Municipal,-37.92525,-72.743572
120416,PSR,Posta de Salud Rural El Cisne,Calle Sector El Cisne,08305,Mulchén,08,Biobío,Servicio de Salud Biobío,Municipal,-37.91171,-72.11473
128424,PSR,Posta de Salud Rural Lloncao,Calle Caserío de Lloncao,08203,Cañete,08,Biobío,Servicio de Salud Arauco,Municipal,-37.89812,-73.44038
129410,PSR,Posta de Salud Rural Maica,Calle Sector Maica,09202,Collipulli,09,La Araucanía,Servicio de Salud Araucanía Norte,Municipal,-37.89469,-72.25257
129585,PSR,Posta de Salud Rural Pivadenco,Calle Sector Pivadenco,09206,Los Sauces,09,La Araucanía,Servicio de Salud Araucanía Norte,Municipal,-37.886719,-72.853114
120312,CESFAM,Centro de Salud Familiar Ralco,Calle Domingo Salvo,08314,Alto Biobío,08,Biobío,Servicio de Salud Biobío,Municipal,-37.880787,-71.638608
200978,SUR,SUR Ralco,Calle Domingo Salvo,08314,Alto Biobío,08,Biobío,Servicio de Salud Biobío,Municipal,-37.880521,-71.637247
129407,PSR,Posta de Salud Rural San Ramón de Los Sauces,Calle Pueblo de San Ramón de los Sauces,09206,Los Sauces,09,La Araucanía,Servicio de Salud Araucanía Norte,Municipal,-37.910369,-72.957383
120444,PSR,Posta de Salud Rural Callaqui,Calle Sector Callaqui,08314,Alto Biobío,08,Biobío,Servicio de Salud Biobío,Municipal,-37.85576,-71.67115
129400,PSR,Posta de Salud Rural Vegas Blancas,Calle Sector Vegas Blancas,09201,Angol,09,La Araucanía,Servicio de Salud Araucanía Norte,Municipal,-37.82237,-72.90675
120441,PSR,Posta de Salud Rural Pitril,Calle Caserío Los Canelos,08314,Alto Biobío,08,Biobío,Servicio de Salud Biobío,Municipal,-37.81947,-71.55706
129301,CESFAM,Centro de Salud Familiar Huequén,Calle Camino Los Sauces,09201,Angol,09,La Araucanía,Servicio de Salud Araucanía Norte,Municipal,-37.81883,-72.67326
200174,SAPU,SAPU Huequén,Calle Camino Los Sauces 71,09201,Angol,09,La Araucanía,Servicio de Salud Araucanía Norte,Municipal,-37.818657,-72.673105
128415,PSR,Posta de Salud Rural Cayucupil,Calle Sector Cayucupil,08203,Cañete,08,Biobío,Servicio de Salud Arauco,Municipal,-37.81283,-73.25892
129303,CESFAM,Centro de Salud Familiar Alemania de Angol,Calle Baviera 445,09201,Angol,09,La Araucanía,Servicio de Salud Araucanía Norte,Municipal,-37.81059,-72.69327
128446,PSR,Posta de Salud Rural Pangueco (Cañete),Calle Sector Pangueco,08203,Cañete,08,Biobío,Servicio de Salud Arauco,Municipal,-37.80996,-73.44191
128408,PSR,Posta de Salud Rural Pangue,Calle Sector Pague,08206,Los Álamos,08,Biobío,Servicio de Salud Arauco,Municipal,-37.80914,-73.49433
129803,SAR,SAR Alemania,Calle Baviera 302,09201,Angol,09,La Araucanía,Servicio de Salud Araucanía Norte,Municipal,-37.808995,-72.692728
120470,PSR,Posta de Salud Rural Alhuelemu,Calle Sector Alhuelemu,08305,Mulchén,08,Biobío,Servicio de Salud Biobío,Municipal,-37.80755,-72.40347
128611,COSAM,COSAM Cañete,Calle Saavedra 464,08203,Cañete,08,Biobío,Servicio de Salud Arauco,Servicio de Salud,-37.802701,-73.400388
120438,PSR,Posta de Salud Rural Piñiquihue,Calle Sector Piñiquihue,08308,Quilaco,08,Biobío,Servicio de Salud Biobío,Municipal,-37.79993,-71.85917
129703,CECOSF,Centro Comunitario de Salud Familiar El Retiro,Calle Rucapellán 541,09201,Angol,09,La Araucanía,Servicio de Salud Araucanía Norte,Municipal,-37.79821,-72.72289
129304,CESFAM,Centro de Salud Familiar Piedra del Águila,Calle Cautín 537,09201,Angol,09,La Araucanía,Servicio de Salud Araucanía Norte,Municipal,-37.79598,-72.70494
129411,PSR,Posta de Salud Rural Mininco,Calle Pueblo de Mininco,09202,Collipulli,09,La Araucanía,Servicio de Salud Araucanía Norte,Municipal,-37.79569,-72.47252
120465,PSR,Posta de Salud Rural Mañihual,Calle Sector Mañihual,08305,Mulchén,08,Biobío,Servicio de Salud Biobío,Municipal,-37.78083,-72.06028
120432,PSR,Posta de Salud Rural Loncopangue,Calle Caserío de Loncopangue,08308,Quilaco,08,Biobío,Servicio de Salud Biobío,Municipal,-37.77972,-71.75583
128445,PSR,Posta de Salud Rural Ranquilco,Calle Sector Ranquilco,08206,Los Álamos,08,Biobío,Servicio de Salud Arauco,Municipal,-37.767055,-73.519898
120418,PSR,Posta de Salud Rural Santa Adriana,Calle Sector Santa Adriana,08305,Mulchén,08,Biobío,Servicio de Salud Biobío,Municipal,-37.75778,-72.0175
120471,PSR,Posta de Salud Rural Butalelbum,Calle Sector Butalelbum,08314,Alto Biobío,08,Biobío,Servicio de Salud Biobío,Municipal,-37.753,-71.21514
128423,PSR,Posta de Salud Rural Llenquehue,Calle Caserío de Llenquehue,08203,Cañete,08,Biobío,Servicio de Salud Arauco,Municipal,-37.74947,-73.43879
200413,CECOSF,Centro Comunitario de Salud Familiar Villa La Granja,"Calle El Hualle, Villa La Granja 823",08305,Mulchén,08,Biobío,Servicio de Salud Biobío,Servicio de Salud,-37.73164,-72.23651
120464,PSR,Posta de Salud Rural Cauñicú,Calle Sector Cauñicú,08314,Alto Biobío,08,Biobío,Servicio de Salud Biobío,Municipal,-37.71329,-71.48377
120431,PSR,Posta de Salud Rural Rucalhue,Calle Caserío de Ricalhue,08308,Quilaco,08,Biobío,Servicio de Salud Biobío,Municipal,-37.71179,-71.90647
120449,PSR,Posta de Salud Rural Malla Malla,Calle Sector Malla Malla,08314,Alto Biobío,08,Biobío,Servicio de Salud Biobío,Municipal,-37.71095,-71.34136
120702,CECOSF,Centro Comunitario de Salud Familiar Mulchén,Calle Fresia 1541,08305,Mulchén,08,Biobío,Servicio de Salud Biobío,Servicio de Salud,-37.710953,-72.234346
120445,PSR,Posta de Salud Rural Trapa Trapa,Calle Sector Trapa Trapa,08314,Alto Biobío,08,Biobío,Servicio de Salud Biobío,Municipal,-37.71043,-71.26598
120316,CGR,Consultorio  Quilaco,Calle Colón Sin Número,08308,Quilaco,08,Biobío,Servicio de Salud Biobío,Municipal,-37.68342,-72.00319
200981,SUR,SUR Quilaco,Calle Colón Sin Número,08308,Quilaco,08,Biobío,Servicio de Salud Biobío,Municipal,-37.684828,-72.006609
120434,PSR,Posta de Salud Rural Campamento,Calle Caserío de Campamento,08308,Quilaco,08,Biobío,Servicio de Salud Biobío,Municipal,-37.6775,-72.11722
129300,CESFAM,Centro de Salud Familiar Renaico,Calle Progreso,09209,Renaico,09,La Araucanía,Servicio de Salud Araucanía Norte,Municipal,-37.67299,-72.58068
128406,PSR,Posta de Salud Rural Pehuén,Calle Aldea de Pehuén,08201,Lebu,08,Biobío,Servicio de Salud Arauco,Municipal,-37.670839,-73.529026
128417,PSR,Posta de Salud Rural Antihuala,Calle Pueblo de Antihuala,08206,Los Álamos,08,Biobío,Servicio de Salud Arauco,Municipal,-37.67028,-73.38982
200259,CECOSF,Centro Comunitario de Salud Familiar Santa Bárbara,Calle Rosas 218,08311,Santa Bárbara,08,Biobío,Servicio de Salud Biobío,Municipal,-37.66872,-72.02182
120469,PSR,Posta de Salud Rural Los Junquillos,Calle Sector Los Junquillos,08311,Santa Bárbara,08,Biobío,Servicio de Salud Biobío,Municipal,-37.66194,-71.86417
128443,PSR,Posta de Salud Rural Santa Rosa (Lebu),Calle Pueblo de Santa Rosa,08201,Lebu,08,Biobío,Servicio de Salud Arauco,Municipal,-37.64623,-73.62463
120447,PSR,Posta de Salud Rural Los Boldos,Calle Sector Los Boldos,08311,Santa Bárbara,08,Biobío,Servicio de Salud Biobío,Municipal,-37.643528,-72.171047
120443,PSR,Posta de Salud Rural El Huachi,Calle Sector El Huachi,08311,Santa Bárbara,08,Biobío,Servicio de Salud Biobío,Municipal,-37.640871,-71.772998
120466,PSR,Posta de Salud Rural Rapelco,Calle Sector Rapelco,08305,Mulchén,08,Biobío,Servicio de Salud Biobío,Municipal,-37.63579,-72.4561
129401,PSR,Posta de Salud Rural Coyanco,Calle Caserío de Coyanco,09201,Angol,09,La Araucanía,Servicio de Salud Araucanía Norte,Municipal,-37.63533,-72.86231
128407,PSR,Posta de Salud Rural Tres Pinos,Calle Sector Tres Pinos,08206,Los Álamos,08,Biobío,Servicio de Salud Arauco,Municipal,-37.63022,-73.40755
120429,PSR,Posta de Salud Rural Rihue,Calle Caserío Rihue,08307,Negrete,08,Biobío,Servicio de Salud Biobío,Municipal,-37.62591,-72.59237
128328,CESFAM,Centro de Salud Familiar Los Álamos,Calle Pedro Eyheramendy 835,08206,Los Álamos,08,Biobío,Servicio de Salud Arauco,Municipal,-37.62563,-73.46162
200173,SAR,SAR Los Álamos,Calle Pedro Eyheramendy 600,08206,Los Álamos,08,Biobío,Servicio de Salud Arauco,Municipal,-37.625578,-73.461324
128728,CECOSF,Centro Comunitario de Salud Familiar Los Álamos,Avenida Diego Portales 823,08206,Los Álamos,08,Biobío,Servicio de Salud Arauco,Municipal,-37.61349,-73.41248
128610,COSAM,COSAM Lebu,Calle Saavedra 365,08201,Lebu,08,Biobío,Servicio de Salud Arauco,Servicio de Salud,-37.60976,-73.660079
128311,CESFAM,Centro de Salud Familiar Lebu Norte,Calle Ignacio Carrera Pinto,08201,Lebu,08,Biobío,Servicio de Salud Arauco,Municipal,-37.60216,-73.64476
120408,PSR,Posta de Salud Rural San Carlos,Calle Pueblo San Carlos de Purén,08301,Los Ángeles,08,Biobío,Servicio de Salud Biobío,Municipal,-37.59444,-72.27556
120307,CESFAM,Centro de Salud Familiar Yanequén,Calle Ignacio Carrera Pinto,08307,Negrete,08,Biobío,Servicio de Salud Biobío,Municipal,-37.58535,-72.53348
200976,SUR,SUR Negrete,Calle Ignacio Carrera Pinto,08307,Negrete,08,Biobío,Servicio de Salud Biobío,Municipal,-37.585352,-72.533476
120417,PSR,Posta de Salud Rural Tierras Libres,Calle Sector Tierras Libres,08305,Mulchén,08,Biobío,Servicio de Salud Biobío,Municipal,-37.57658,-72.42979
120405,PSR,Posta de Salud Rural Llano Blanco,Calle Sector Llano Blanco,08301,Los Ángeles,08,Biobío,Servicio de Salud Biobío,Municipal,-37.564731,-72.176906
120442,PSR,Posta de Salud Rural Villucura,Calle Caserío de Villicura,08311,Santa Bárbara,08,Biobío,Servicio de Salud Biobío,Municipal,-37.555289,-71.911707
120425,PSR,Posta de Salud Rural Coigue,Calle Pueblo de Coihue,08307,Negrete,08,Biobío,Servicio de Salud Biobío,Municipal,-37.55361,-72.5975
120409,PSR,Posta de Salud Rural Mesamávida (Los Ángeles),Calle Sector Mesamávida,08301,Los Ángeles,08,Biobío,Servicio de Salud Biobío,Municipal,-37.54707,-72.49231
120424,PSR,Posta de Salud Rural Choroico (Nacimiento),Calle Sector Choroico,08306,Nacimiento,08,Biobío,Servicio de Salud Biobío,Municipal,-37.54095,-72.83167
120472,PSR,Posta de Salud Rural El Castillo,Calle Sector El Castillo,08311,Santa Bárbara,08,Biobío,Servicio de Salud Biobío,Municipal,-37.51806,-71.84861
120462,PSR,Posta de Salud Rural Río Pardo,Calle Sector Río Prado,08309,Quilleco,08,Biobío,Servicio de Salud Biobío,Municipal,-37.51,-72.07944
120704,CECOSF,Centro Comunitario de Salud Familiar Lautaro,Calle Octavio Jara Wolf,08306,Nacimiento,08,Biobío,Servicio de Salud Biobío,Servicio de Salud,-37.50642,-72.66059
120703,CECOSF,Centro Comunitario de Salud Familiar Julio Hemmelmann,Calle Los Cipreses 209,08306,Nacimiento,08,Biobío,Servicio de Salud Biobío,Servicio de Salud,-37.49746,-72.68343
200495,SAR,SAR Entre Ríos,Avenida Oriente 2201,08301,Los Ángeles,08,Biobío,Servicio de Salud Biobío,Municipal,-37.491898,-72.327766
200312,CESFAM,Centro de Salud Familiar Entre Ríos,Avenida Oriente 2201,08301,Los Ángeles,08,Biobío,Servicio de Salud Biobío,Municipal,-37.49144,-72.32788
120711,CECOSF,Centro Comunitario de Salud Familiar Villa Los Ríos,"Pasaje Cali, Villa Los Ríos 2109",08301,Los Ángeles,08,Biobío,Servicio de Salud Biobío,Municipal,-37.49042,-72.32835
120780,CECOSF,Centro Comunitario de Salud Familiar Los Carrera,Calle Los Carreras 1302,08301,Los Ángeles,08,Biobío,Servicio de Salud Biobío,Municipal,-37.48667,-72.34337
120463,PSR,Posta de Salud Rural Cañicura,Calle Sector Cañicura,08309,Quilleco,08,Biobío,Servicio de Salud Biobío,Municipal,-37.48622,-71.81804
120427,PSR,Posta de Salud Rural Carrizal,Calle Sector Carrizal,08306,Nacimiento,08,Biobío,Servicio de Salud Biobío,Municipal,-37.48611,-72.93556
120311,CESFAM,CESFAM Sur Dr. Pablo Murúa Barbenza,Calle Juan Guzmán 437,08301,Los Ángeles,08,Biobío,Servicio de Salud Biobío,Municipal,-37.48551,-72.3393
120811,SAPU,SAPU Paillihue,Calle Los Carrera 1302,08301,Los Ángeles,08,Biobío,Servicio de Salud Biobío,Municipal,-37.485509,-72.339515
120407,CECOSF,Centro Comunitario de Salud Familiar El Peral,"Avenida El Peral, Lote 1-A, El Peral 565",08301,Los Ángeles,08,Biobío,Servicio de Salud Biobío,Municipal,-37.48507,-72.21816
128327,CESFAM,Centro de Salud Familiar Eleuterio Ramírez,Pasaje Cuatro,08205,Curanilahue,08,Biobío,Servicio de Salud Arauco,Municipal,-37.48088,-73.33389
200172,SAPU,SAPU Eleuterio Ramírez,Pasaje Cuatro,08205,Curanilahue,08,Biobío,Servicio de Salud Arauco,Municipal,-37.480796,-73.333769
200177,SAPU,SAPU 2 Septiembre,Calle Max Jara 605,08301,Los Ángeles,08,Biobío,Servicio de Salud Biobío,Municipal,-37.477078,-72.364973
120309,CESFAM,Centro de Salud Familiar 2 Septiembre,Calle Carlos Condell 1150,08301,Los Ángeles,08,Biobío,Servicio de Salud Biobío,Municipal,-37.47707,-72.36524
128609,COSAM,COSAM Curanilahue,Avenida Ramón de Zamora 216,08205,Curanilahue,08,Biobío,Servicio de Salud Arauco,Servicio de Salud,-37.47372,-73.344278
120306,CESFAM,Centro de Salud Familiar Quilleco,Calle Bascur,08309,Quilleco,08,Biobío,Servicio de Salud Biobío,Municipal,-37.46802,-71.98233
200975,SUR,SUR Quilleco,Calle Bascur,08309,Quilleco,08,Biobío,Servicio de Salud Biobío,Municipal,-37.469444,-71.981389
120781,CECOSF,Centro Comunitario de Salud Familiar Las Azaleas,Avenida Las Azaleas,08301,Los Ángeles,08,Biobío,Servicio de Salud Biobío,Municipal,-37.46877,-72.36601
120710,CECOSF,Centro Comunitario de Salud Familiar Los Pioneros,Avenida Estanislao Anguita,08301,Los Ángeles,08,Biobío,Servicio de Salud Biobío,Municipal,-37.46769,-72.37513
120315,CESFAM,Centro de Salud Familiar Nuevo Horizonte,Calle Aguas Calientes 2360,08301,Los Ángeles,08,Biobío,Servicio de Salud Biobío,Municipal,-37.46761,-72.38335
200179,SAPU,SAPU Nuevo Horizonte,Calle Aguas Calientes 2360,08301,Los Ángeles,08,Biobío,Servicio de Salud Biobío,Municipal,-37.467482,-72.383515
120468,PSR,Posta de Salud Rural Virquenco,Calle Aldea Virquenco,08301,Los Ángeles,08,Biobío,Servicio de Salud Biobío,Municipal,-37.46679,-72.50027
120302,CESFAM,Centro de Salud Familiar Santa Fe,Calle O'Higgins,08301,Los Ángeles,08,Biobío,Servicio de Salud Biobío,Municipal,-37.46584,-72.58175
200972,SUR,SUR Santa Fe,Calle O'Higgins,08301,Los Ángeles,08,Biobío,Servicio de Salud Biobío,Municipal,-37.465835,-72.581752
120815,SAR,SAR Norte,Avenida Los Ángeles 810,08301,Los Ángeles,08,Biobío,Servicio de Salud Biobío,Municipal,-37.46393,-72.361555
120310,CESFAM,Centro de Salud Familiar Norte de Los Ángeles,Calle Los Ángeles 810,08301,Los Ángeles,08,Biobío,Servicio de Salud Biobío,Municipal,-37.46361,-72.3619
120701,CECOSF,Centro Comunitario de Salud Familiar Galvarino,Calle Argentina 198,08301,Los Ángeles,08,Biobío,Servicio de Salud Biobío,Municipal,-37.46281,-72.34229
120301,CESFAM,Centro de Salud Familiar Nororiente de Los Ángeles,Calle Morse 1558,08301,Los Ángeles,08,Biobío,Servicio de Salud Biobío,Municipal,-37.45733,-72.34301
200178,SAPU,SAPU Nororiente,Pasaje Morse 1585,08301,Los Ángeles,08,Biobío,Servicio de Salud Biobío,Municipal,-37.457169,-72.342783
120422,PSR,Posta de Salud Rural Dollinco (Nacimiento),Calle Sector Dollinco,08306,Nacimiento,08,Biobío,Servicio de Salud Biobío,Municipal,-37.45203,-72.76809
120467,PSR,Posta de Salud Rural Chacayal Sur,Calle Aldea Chacayal,08301,Los Ángeles,08,Biobío,Servicio de Salud Biobío,Municipal,-37.45024,-72.13989
120435,PSR,Posta de Salud Rural Tinajón,Calle Sector Tinajón,08309,Quilleco,08,Biobío,Servicio de Salud Biobío,Municipal,-37.43222,-71.81611
120402,PSR,Posta de Salud Rural Chacayal Norte,Calle Aldea de Chacayal,08301,Los Ángeles,08,Biobío,Servicio de Salud Biobío,Municipal,-37.43,-72.12556
128409,PSR,Posta de Salud Rural Quiapo,Calle Sector Quiapo,08202,Arauco,08,Biobío,Servicio de Salud Arauco,Municipal,-37.41938,-73.56735
120428,PSR,Posta de Salud Rural San Roque,Calle Sector San Roque,08306,Nacimiento,08,Biobío,Servicio de Salud Biobío,Municipal,-37.41294,-72.91096
120413,PSR,Posta de Salud Rural Los Robles (Los Ángeles),Calle Sector Los Robles,08301,Los Ángeles,08,Biobío,Servicio de Salud Biobío,Municipal,-37.41063,-72.53553
120423,PSR,Posta de Salud Rural Culenco,Calle Sector Culenco,08306,Nacimiento,08,Biobío,Servicio de Salud Biobío,Municipal,-37.40574,-72.796131
120314,CESFAM,Centro de Salud Familiar Canteras Villa Mercedes,Calle Diego Portales,08309,Quilleco,08,Biobío,Servicio de Salud Biobío,Municipal,-37.40194,-72.00975
200980,SUR,SUR Canteras Villa Mercedes,Calle Diego Portales,08309,Quilleco,08,Biobío,Servicio de Salud Biobío,Municipal,-37.401944,-72.00975
120401,PSR,Posta de Salud Rural Millantú,Calle Pueblo de Millantú,08301,Los Ángeles,08,Biobío,Servicio de Salud Biobío,Municipal,-37.3975,-72.62056
118432,PSR,Posta de Salud Rural La Generala,Calle Sector La Generala,08109,Santa Juana,08,Biobío,Servicio de Salud Concepción,Municipal,-37.38392,-72.96548
120410,PSR,Posta de Salud Rural San Gerardo,Calle Sector San Gerardo,08301,Los Ángeles,08,Biobío,Servicio de Salud Biobío,Municipal,-37.38266,-72.207144
120426,PSR,Posta de Salud Rural Millapoa,Calle Sector Millapoa,08306,Nacimiento,08,Biobío,Servicio de Salud Biobío,Municipal,-37.370829,-72.676128
128442,PSR,Posta de Salud Rural San José de Colico,Calle Aldea San José de Colico,08205,Curanilahue,08,Biobío,Servicio de Salud Arauco,Municipal,-37.365856,-73.342294
120414,PSR,Posta de Salud Rural Alborada,Calle Sector Alborada,08301,Los Ángeles,08,Biobío,Servicio de Salud Biobío,Municipal,-37.36611,-72.09694
120415,PSR,Posta de Salud Rural Los Canelos (Antuco),Calle Caserío Los Canelos,08302,Antuco,08,Biobío,Servicio de Salud Biobío,Municipal,-37.35775,-71.53499
128441,PSR,Posta de Salud Rural Yani,Calle Aldea de Yani,08202,Arauco,08,Biobío,Servicio de Salud Arauco,Municipal,-37.35457,-73.62563
120420,PSR,Posta de Salud Rural Santa Elena (Laja),Calle Caserío de Santa Elena,08304,Laja,08,Biobío,Servicio de Salud Biobío,Municipal,-37.349233,-72.534475
120403,PSR,Posta de Salud Rural El Durazno ( Los Ángeles),Calle Sector El Durazno,08301,Los Ángeles,08,Biobío,Servicio de Salud Biobío,Municipal,-37.34646,-72.15291
120303,CESFAM,Centro de Salud Familiar Antuco,Calle Arturo Prat,08302,Antuco,08,Biobío,Servicio de Salud Biobío,Municipal,-37.329753,-71.672907
200973,SUR,SUR Antuco,Calle Arturo Prat,08302,Antuco,08,Biobío,Servicio de Salud Biobío,Municipal,-37.33143,-71.671956
118435,PSR,Posta de Salud Rural Chaca,Calle Sector Chacay,08109,Santa Juana,08,Biobío,Servicio de Salud Concepción,Municipal,-37.317227,-72.922492
128412,PSR,Posta de Salud Rural Ramadillas,Calle Aldea de Ramadillas,08202,Arauco,08,Biobío,Servicio de Salud Arauco,Municipal,-37.304189,-73.263752
128440,PSR,Posta de Salud Rural Las Puentes,Calle Caserío Las Puentes,08202,Arauco,08,Biobío,Servicio de Salud Arauco,Municipal,-37.30053,-73.43999
120411,PSR,Posta de Salud Rural Dicahue,Calle Sector Dicahue,08301,Los Ángeles,08,Biobío,Servicio de Salud Biobío,Municipal,-37.299827,-72.280153
120458,CGR,Consultorio Tucapel,Calle Pueblo de Tucapel,08312,Tucapel,08,Biobío,Servicio de Salud Biobío,Municipal,-37.293398,-71.948315
120419,PSR,Posta de Salud Rural La Colonia,Calle Caserío de La Colonia,08304,Laja,08,Biobío,Servicio de Salud Biobío,Municipal,-37.28843,-72.59125
120460,PSR,Posta de Salud Rural Polcura,Calle Aldea de Polcura,08312,Tucapel,08,Biobío,Servicio de Salud Biobío,Municipal,-37.2863,-71.72706
118436,PSR,Posta de Salud Rural Torre Dorada,Calle Sector Torre Dorada,08109,Santa Juana,08,Biobío,Servicio de Salud Concepción,Municipal,-37.284302,-72.80869
200267,CECOSF,Centro Comunitario de Salud Familiar Laja,Calle Los Laureles,08304,Laja,08,Biobío,Servicio de Salud Biobío,Servicio de Salud,-37.28154,-72.69649
118437,PSR,Posta de Salud Rural Purgatorio,Calle Sector Purgatorio,08109,Santa Juana,08,Biobío,Servicio de Salud Concepción,Municipal,-37.309294,-72.987844
118433,PSR,Posta de Salud Rural Colico Alto,Calle Sector Colico Alto,08109,Santa Juana,08,Biobío,Servicio de Salud Concepción,Municipal,-37.301464,-72.85603
120406,PSR,Posta de Salud Rural Los Troncos,Calle Aldea Los Troncos,08301,Los Ángeles,08,Biobío,Servicio de Salud Biobío,Municipal,-37.27602,-72.42779
120459,PSR,Posta de Salud Rural Trupán,Calle Aldea de Trupán,08312,Tucapel,08,Biobío,Servicio de Salud Biobío,Municipal,-37.2752,-71.83752
120308,CESFAM,Centro de Salud Familiar Dr. Carlos Echeverría Véjar,Calle Baquedano 95,08310,San Rosendo,08,Biobío,Servicio de Salud Biobío,Municipal,-37.2625,-72.7268
200977,SUR,SUR San Rosendo,Calle Baquedano 95,08310,San Rosendo,08,Biobío,Servicio de Salud Biobío,Municipal,-37.262497,-72.726798
200823,SUR,SUR Carampangue,Calle Vicente Millan,08202,Arauco,08,Biobío,Servicio de Salud Arauco,Municipal,-37.256374,-73.241926
128438,CESFAM,Centro de Salud Familiar Carampangue,Calle Vicente Millán,08202,Arauco,08,Biobío,Servicio de Salud Arauco,Municipal,-37.25634,-73.242
120404,PSR,Posta de Salud Rural Los Molinos,Calle Sector Los Molinos,08301,Los Ángeles,08,Biobío,Servicio de Salud Biobío,Municipal,-37.272515,-72.189825
128613,COSAM,COSAM de Arauco,Calle Caupolicán,08202,Arauco,08,Biobío,Servicio de Salud Arauco,Servicio de Salud,-37.250717,-73.317625
120421,PSR,Posta de Salud Rural Puente Perales,Calle Caserío de Puente Perales,08304,Laja,08,Biobío,Servicio de Salud Biobío,Municipal,-37.24901,-72.52137
118434,PSR,Posta de Salud Rural Tanahuillín,Calle Sector Tanahuillín,08109,Santa Juana,08,Biobío,Servicio de Salud Concepción,Municipal,-37.244864,-72.813988
128729,CESFAM,Centro de Salud Familiar Tubul,Calle Aldea de Tubul,08202,Arauco,08,Biobío,Servicio de Salud Arauco,Municipal,-37.23139,-73.44006
200824,SUR,SUR Tubul,Calle Aldea de Tubul,08202,Arauco,08,Biobío,Servicio de Salud Arauco,Municipal,-37.231387,-73.440116
120412,PSR,Posta de Salud Rural Salto del Laja,Calle Sector Salto del Laja,08301,Los Ángeles,08,Biobío,Servicio de Salud Biobío,Municipal,-37.2171,-72.35234
120436,PSR,Posta de Salud Rural Turquía,Calle Caserío de Turquía,08310,San Rosendo,08,Biobío,Servicio de Salud Biobío,Municipal,-37.229404,-72.65276
120451,PSR,Posta de Salud Rural La Aguada,Calle Aldea de La Aguada,08313,Yumbel,08,Biobío,Servicio de Salud Biobío,Municipal,-37.209,-72.43561
120430,PSR,Posta de Salud Rural Rucamanqui,Calle Sector Rucamanqui,08312,Tucapel,08,Biobío,Servicio de Salud Biobío,Municipal,-37.205425,-71.903405
120455,PSR,Posta de Salud Rural Chillancito,Calle Caserío Chillancito,08303,Cabrero,08,Biobío,Servicio de Salud Biobío,Municipal,-37.202777,-72.350347
120454,PSR,Posta de Salud Rural Río Claro,Calle Aldea de Río Claro,08313,Yumbel,08,Biobío,Servicio de Salud Biobío,Municipal,-37.19861,-72.61917
128444,PSR,Posta de Salud Rural Llico (Arauco),Calle Aldea de Llico,08202,Arauco,08,Biobío,Servicio de Salud Arauco,Municipal,-37.19821,-73.56468
128414,CESFAM,Centro de Salud Familiar Laraquete,Calle Calle 2,08202,Arauco,08,Biobío,Servicio de Salud Arauco,Municipal,-37.16733,-73.18721
200746,SUR,SUR Laraquete,Calle Calle 2,08202,Arauco,08,Biobío,Servicio de Salud Arauco,Municipal,-37.167308,-73.187481
118430,PSR,Posta de Salud Rural Talcamávida,Calle Colo Colo,08105,Hualqui,08,Biobío,Servicio de Salud Concepción,Municipal,-37.16183,-72.91225
128413,PSR,Posta de Salud Rural Punta Lavapié,Calle Aldea Punta Lavapié,08202,Arauco,08,Biobío,Servicio de Salud Arauco,Municipal,-37.14894,-73.58481
120313,CESFAM,Centro de Salud Familiar Yumbel Estación,Calle La Concepción 275,08313,Yumbel,08,Biobío,Servicio de Salud Biobío,Municipal,-37.14459,-72.5387
200979,SUR,SUR Yumbel Estación,Calle La Concepción 275,08313,Yumbel,08,Biobío,Servicio de Salud Biobío,Municipal,-37.144591,-72.5387
117315,CESFAM,Centro de Salud Familiar Campanario,Calle Argentina,16109,Yungay,16,Ñuble,Servicio de Salud Ñuble,Municipal,-37.13219,-72.1953
120452,PSR,Posta de Salud Rural Rere,Calle Aldea de Rere,08313,Yumbel,08,Biobío,Servicio de Salud Biobío,Municipal,-37.13056,-72.72861
118704,CECOSF,Centro Comunitario de Salud Familiar Colcura,Calle Brasilia,08106,Lota,08,Biobío,Servicio de Salud Concepción,Municipal,-37.1124,-73.14659
120456,PSR,Posta de Salud Rural Charrúa,Calle Aldea de Charrúa,08303,Cabrero,08,Biobío,Servicio de Salud Biobío,Municipal,-37.10167,-72.32417
117458,PSR,Posta de Salud Rural San Antonio (Yungay),Calle Sector San Antonio,16109,Yungay,16,Ñuble,Servicio de Salud Ñuble,Municipal,-37.101717,-71.809897
118316,CESFAM,Centro de Salud Familiar Dr. Sergio Lagos Olave,Calle Matta 405,08106,Lota,08,Biobío,Servicio de Salud Concepción,Municipal,-37.09533,-73.15791
118601,COSAM,COSAM Comunitaria Lota,Calle Alessandri 192,08106,Lota,08,Biobío,Servicio de Salud Concepción,Servicio de Salud,-37.089622,-73.162299
120304,CESFAM,Centro de Salud Familiar Monteaguila,Calle Caupolicán,08303,Cabrero,08,Biobío,Servicio de Salud Biobío,Municipal,-37.08616,-72.43603
200974,SUR,SUR Monteaguila,Calle Caupolicán,08303,Cabrero,08,Biobío,Servicio de Salud Biobío,Municipal,-37.086161,-72.436029
200077,SAR,SAR Dr. Juan Cartes Arias,Calle Baldomero Lillo 1141,08106,Lota,08,Biobío,Servicio de Salud Concepción,Municipal,-37.080633,-73.157485
118325,CESFAM,Centro de Salud Familiar Dr. Juan Cartes Arias,Calle Carlos Cousiño,08106,Lota,08,Biobío,Servicio de Salud Concepción,Municipal,-37.08058,-73.15727
118431,PSR,Posta de Salud Rural Quilacoya,Calle La Puntilla,08105,Hualqui,08,Biobío,Servicio de Salud Concepción,Municipal,-37.05766,-72.96015
118702,CECOSF,Centro Comunitario de Salud Familiar Puerto Sur Isla Sta. María,Calle Ignacio Carrera Pinto,08102,Coronel,08,Biobío,Servicio de Salud Concepción,Municipal,-37.04335,-73.51253
120305,CESFAM,Centro de Salud Familiar Lautaro Cáceres Ramos,Calle Tucapel 360,08303,Cabrero,08,Biobío,Servicio de Salud Biobío,Municipal,-37.03815,-72.39762
120805,SAR,SAR Cabrero,Calle Tucapel 360,08303,Cabrero,08,Biobío,Servicio de Salud Biobío,Municipal,-37.037929,-72.398901
200243,CECOSF,Centro Comunitario de Salud Familiar Cabrero,Calle Membrillar 977,08303,Cabrero,08,Biobío,Servicio de Salud Biobío,Municipal,-37.03519,-72.41365
120457,PSR,Posta de Salud Rural Colicheo,Calle Caserío de Colicheo,08303,Cabrero,08,Biobío,Servicio de Salud Biobío,Municipal,-37.03417,-72.27722
118600,COSAM,COSAM de Coronel,Calle Cochrane 131,08102,Coronel,08,Biobío,Servicio de Salud Concepción,Servicio de Salud,-37.028009,-73.146267
117430,PSR,Posta de Salud Rural Cartago,Calle Sector Cartago,16105,Pemuco,16,Ñuble,Servicio de Salud Ñuble,Municipal,-37.021262,-71.855669
118813,SAPU,SAPU Yobilo,Calle Leoncio Medel 750,08102,Coronel,08,Biobío,Servicio de Salud Concepción,Municipal,-37.01224,-73.15018
118313,CESFAM,Centro de Salud Familiar Yobilo,Calle Santos Leoncio Medel 750,08102,Coronel,08,Biobío,Servicio de Salud Concepción,Municipal,-37.01219,-73.15041
118446,PSR,Posta de Salud Rural Patagual,Calle Sector Patagual,08102,Coronel,08,Biobío,Servicio de Salud Concepción,Municipal,-37.0098,-72.99885
118311,CESFAM,Centro de Salud Familiar Carlos Pinto Fierro,Calle Manuel Montt,08102,Coronel,08,Biobío,Servicio de Salud Concepción,Municipal,-37.00012,-73.1614
118812,SAPU,SAPU Lagunillas,Calle Los Álamos 2428,08102,Coronel,08,Biobío,Servicio de Salud Concepción,Municipal,-36.989899,-73.16022
118312,CESFAM,Centro de Salud Familiar Lagunillas,Calle Los Álamos 2428,08102,Coronel,08,Biobío,Servicio de Salud Concepción,Municipal,-36.98978,-73.16014
117477,PSR,Posta de Salud Rural Chamizal,Calle Sector Chamizal,16104,El Carmen,16,Ñuble,Servicio de Salud Ñuble,Municipal,-36.98869,-71.84967
120453,PSR,Posta de Salud Rural Tomeco,Calle Caserío de Tromeco,08313,Yumbel,08,Biobío,Servicio de Salud Biobío,Municipal,-36.987887,-72.625327
118712,CECOSF,Centro Comunitario de Salud Familiar Lagunillas,Calle Los Raulíes,08102,Coronel,08,Biobío,Servicio de Salud Concepción,Municipal,-36.97859,-73.15897
117475,PSR,Posta de Salud Rural Castañal,Calle Sector Castañal,16104,El Carmen,16,Ñuble,Servicio de Salud Ñuble,Municipal,-36.979455,-71.794461
117310,CESFAM,Centro de Salud Familiar Pemuco,Calle Padre Jorge Herrera 1086,16105,Pemuco,16,Ñuble,Servicio de Salud Ñuble,Municipal,-36.97812,-72.09074
200832,SUR,SUR Pemuco,Calle Padre Jorge Herrera 1086,16105,Pemuco,16,Ñuble,Servicio de Salud Ñuble,Municipal,-36.978088,-72.090602
118403,PSR,Posta de Salud Rural Puerto Norte Isla Sta. María,Calle Isla Sta. María sector Norte,08102,Coronel,08,Biobío,Servicio de Salud Concepción,Municipal,-36.97619,-73.52854
118326,CESFAM,Centro de Salud Familiar Hualqui,Calle Bulnes 690,08105,Hualqui,08,Biobío,Servicio de Salud Concepción,Municipal,-36.97365,-72.93731
118826,SAPU,SAPU Hualqui,Calle Bulnes 690,08105,Hualqui,08,Biobío,Servicio de Salud Concepción,Municipal,-36.973597,-72.937166
118726,CECOSF,Centro Comunitario de Salud Familiar Hualqui,Calle Gabriela Mistral 117,08105,Hualqui,08,Biobío,Servicio de Salud Concepción,Municipal,-36.96665,-72.92817
118713,CECOSF,Centro Comunitario de Salud Familiar Escuadrón,Calle Calle 2,08102,Coronel,08,Biobío,Servicio de Salud Concepción,Municipal,-36.96147,-73.14817
118814,SAPU,SAPU Leonera,Calle Manuel Rodríguez,08103,Chiguayante,08,Biobío,Servicio de Salud Concepción,Municipal,-36.954675,-73.012869
118314,CESFAM,Centro de Salud Familiar La Leonera,Calle Manuel Rodríguez,08103,Chiguayante,08,Biobío,Servicio de Salud Concepción,Municipal,-36.95443,-73.01309
120473,PSR,Posta de Salud Rural Canchillas,"Calle Sector Canchillas, 18 Km. de Yumbel",08313,Yumbel,08,Biobío,Servicio de Salud Biobío,Municipal,-36.95429,-72.52813
117473,PSR,Posta de Salud Rural Capilla Sur,Calle Sector Capilla Sur,16104,El Carmen,16,Ñuble,Servicio de Salud Ñuble,Municipal,-36.95312,-71.78529
120461,PSR,Posta de Salud Rural Quinel,Calle Sector Quinel,08303,Cabrero,08,Biobío,Servicio de Salud Biobío,Municipal,-36.94722,-72.47917
117431,PSR,Posta de Salud Rural Gral. Cruz,Calle Aldea General Cruz,16105,Pemuco,16,Ñuble,Servicio de Salud Ñuble,Municipal,-36.937433,-72.352542
118301,CESFAM,Centro de Salud Familiar Pinares Dra. Eloísa Díaz Insunza,Calle La Marina 1295,08103,Chiguayante,08,Biobío,Servicio de Salud Concepción,Municipal,-36.93344,-73.02741
117435,PSR,Posta de Salud Rural Trehualemu,Calle Sector Trehualemu,16104,El Carmen,16,Ñuble,Servicio de Salud Ñuble,Municipal,-36.932195,-71.869185
200580,SAR,SAR Chiguayante,Calle Chiguay 511,08103,Chiguayante,08,Biobío,Servicio de Salud Concepción,Municipal,-36.92623,-73.029039
118807,SAPU,SAPU Dental Chiguayante,Calle Chiguay 511,08103,Chiguayante,08,Biobío,Servicio de Salud Concepción,Municipal,-36.925655,-73.02921
118307,CESFAM,Centro de Salud Familiar Chiguayante,Calle Chiguay,08103,Chiguayante,08,Biobío,Servicio de Salud Concepción,Municipal,-36.92542,-73.0288
118441,PSR,Posta de Salud Rural Cancha Los Monteros,Calle Sector Cancha Los Monteros,08104,Florida,08,Biobío,Servicio de Salud Concepción,Municipal,-36.925106,-72.682798
117472,PSR,Posta de Salud Rural Chancal,Calle Sector Chancal,16107,Quillón,16,Ñuble,Servicio de Salud Ñuble,Municipal,-36.918655,-72.554337
117457,PSR,Posta de Salud Rural Capilla Norte,Calle Sector Capilla Norte,16104,El Carmen,16,Ñuble,Servicio de Salud Ñuble,Municipal,-36.91785,-71.80548
118700,CECOSF,Centro Comunitario de Salud Familiar Copiulemu,Calle Aldea de Copiulemu Bélgica,08104,Florida,08,Biobío,Servicio de Salud Concepción,Municipal,-36.89698,-72.80549
117438,PSR,Posta de Salud Rural Huemul,Calle Sector Huemul,16104,El Carmen,16,Ñuble,Servicio de Salud Ñuble,Municipal,-36.89697,-71.81535
117474,PSR,Posta de Salud Rural Agua Santa,Calle Sector Agua Santa,16104,El Carmen,16,Ñuble,Servicio de Salud Ñuble,Municipal,-36.89613,-71.77485
117448,PSR,Posta de Salud Rural Liucura Alto,Calle Sector Liucura Alto,16107,Quillón,16,Ñuble,Servicio de Salud Ñuble,Municipal,-36.893241,-72.42938
118818,SAPU,SAPU Loma Colorada,Calle Los Castaños 7145,08108,San Pedro de la Paz,08,Biobío,Servicio de Salud Concepción,Municipal,-36.887028,-73.134237
118318,CESFAM,Centro de Salud Familiar Loma Colorada,Calle Los Sauces 56,08108,San Pedro de la Paz,08,Biobío,Servicio de Salud Concepción,Municipal,-36.8857,-73.13911
117455,CESFAM,Centro de Salud Familiar Pueblo Seco,Calle Pueblo Seco,16108,San Ignacio,16,Ñuble,Servicio de Salud Ñuble,Municipal,-36.879051,-72.087959
117476,PSR,Posta de Salud Rural Las Hormigas,Calle Sector Las Hormigas,16104,El Carmen,16,Ñuble,Servicio de Salud Ñuble,Municipal,-36.87134,-71.74159
117437,PSR,Posta de Salud Rural San Vicente (El Carmen),Calle Sector San Vicente,16104,El Carmen,16,Ñuble,Servicio de Salud Ñuble,Municipal,-36.85906,-71.80213
200052,CECOSF,Centro Comunitario de Salud Familiar Chaimávida,"Pasaje Kilometro 23 Ruta Concepción- Cabrero, sector Chaimávida 1",08101,Concepción,08,Biobío,Servicio de Salud Concepción,Municipal,-36.85778,-72.87875
118319,CESFAM,Centro de Salud Familiar San Pedro de La Costa,Calle Fresia 3145,08108,San Pedro de la Paz,08,Biobío,Servicio de Salud Concepción,Municipal,-36.84864,-73.1463
117454,PSR,Posta de Salud Rural El Calvario,Calle Caserío El Calvario,16108,San Ignacio,16,Ñuble,Servicio de Salud Ñuble,Municipal,-36.846459,-71.900979
117409,PSR,Posta de Salud Rural Recinto,Calle Pueblo Recinto - Los Lleuques,16106,Pinto,16,Ñuble,Servicio de Salud Ñuble,Municipal,-36.84335,-71.65908
200839,SUR,SUR Quiriquina,Calle Central Quiriquina,16108,San Ignacio,16,Ñuble,Servicio de Salud Ñuble,Municipal,-36.843283,-72.102638
118708,CECOSF,Centro Comunitario de Salud Familiar Boca Sur,Calle Nueva 1 964,08108,San Pedro de la Paz,08,Biobío,Servicio de Salud Concepción,Municipal,-36.84303,-73.14443
117319,CESFAM,Centro de Salud Familiar Quiriquina,Calle Central Quiriquina,16108,San Ignacio,16,Ñuble,Servicio de Salud Ñuble,Municipal,-36.843297,-72.102545
117436,PSR,Posta de Salud Rural Pedregal de Zapallar,Calle Caserío de Zapallar - Pedregal,16104,El Carmen,16,Ñuble,Servicio de Salud Ñuble,Municipal,-36.84251,-71.80011
118303,CESFAM,Centro de Salud Familiar Pedro de Valdivia,Calle Arrau Méndez,08101,Concepción,08,Biobío,Servicio de Salud Concepción,Municipal,-36.841899,-73.055598
118302,CESFAM,Centro de Salud Familiar Boca Sur,Calle 2° Transversal 457,08108,San Pedro de la Paz,08,Biobío,Servicio de Salud Concepción,Municipal,-36.84004,-73.14011
200920,SAR,SAR Boca Sur,Calle 12 de febrero 417,08108,San Pedro de la Paz,08,Biobío,Servicio de Salud Concepción,Municipal,-36.839997,-73.140134
118308,CESFAM,Centro de Salud Familiar San Pedro,Avenida Diagonal Bíobío 165,08108,San Pedro de la Paz,08,Biobío,Servicio de Salud Concepción,Municipal,-36.83544,-73.12024
118808,SAPU,SAPU Dental San Pedro de La Paz,Calle Diagonal Bíobío 165,08108,San Pedro de la Paz,08,Biobío,Servicio de Salud Concepción,Municipal,-36.835384,-73.120424
200581,SAR,SAR San Pedro,Calle Diagonal Bíobío 165,08108,San Pedro de la Paz,08,Biobío,Servicio de Salud Concepción,Municipal,-36.835298,-73.120431
117706,CECOSF,Centro Comunitario de Salud Familiar El Casino,"Calle Sector Casino, Cerro Negro",16107,Quillón,16,Ñuble,Servicio de Salud Ñuble,Municipal,-36.83427,-72.43146
118609,CESFAM,Centro de Salud Familiar Villa Nonguén (Organizaciones sin fines de lucro y ONG),Calle Río Loa 1397,08101,Concepción,08,Biobío,Servicio de Salud Concepción,Otra Institución,-36.83104,-73.00646
117326,CESFAM,Centro de Salud Familiar Santa Clara,Calle Las Rosas,16102,Bulnes,16,Ñuble,Servicio de Salud Ñuble,Municipal,-36.82861,-72.33409
118310,CESFAM,Centro de Salud Familiar Juan Soto Fernández,Calle Desiderio Sanhueza 393,08101,Concepción,08,Biobío,Servicio de Salud Concepción,Municipal,-36.82858,-73.06671
118304,CESFAM,Centro de Salud Familiar O'Higgins,Calle Salas 534,08101,Concepción,08,Biobío,Servicio de Salud Concepción,Municipal,-36.82856,-73.05624
201078,SAPU,SAPUO'HIGGINS,Calle Salas 538,08101,Concepción,08,Biobío,Servicio de Salud Concepción,Municipal,-36.828554,-73.056186
200840,SUR,SUR Santa Clara,Calle Las Rosas,16102,Bulnes,16,Ñuble,Servicio de Salud Ñuble,Municipal,-36.828547,-72.33321
118810,SAPU,SAPU Juan Soto Fernández,Avenida Zañartu 850,08101,Concepción,08,Biobío,Servicio de Salud Concepción,Municipal,-36.828418,-73.066865
200369,CECOSF,Centro Comunitario de Salud Familiar Boca Sur Viejo,Calle Central 1800,08108,San Pedro de la Paz,08,Biobío,Servicio de Salud Concepción,Municipal,-36.826999,-73.139036
118305,CESFAM,Centro de Salud Familiar Víctor Manuel Fernández,Calle Maipú 2120,08101,Concepción,08,Biobío,Servicio de Salud Concepción,Servicio de Salud,-36.81677,-73.03216
200150,SAR,SAR Víctor Manuel Fernández,Avenida Juan Bosco 406,08101,Concepción,08,Biobío,Servicio de Salud Concepción,Servicio de Salud,-36.816576,-73.032147
118806,SAR,SAR Tucapel,Calle Ejército 1059,08101,Concepción,08,Biobío,Servicio de Salud Concepción,Municipal,-36.810113,-73.054296
118309,CESFAM,Centro de Salud Familiar Lorenzo Arenas,Calle Carlos Oliver 50,08101,Concepción,08,Biobío,Servicio de Salud Concepción,Municipal,-36.808674,-73.072654
118306,CESFAM,Centro de Salud Familiar Tucapel,Calle Juan de Dios Rivera 1060,08101,Concepción,08,Biobío,Servicio de Salud Concepción,Municipal,-36.81003,-73.0541
118809,SAPU,SAPU Lorenzo Arenas,Calle Carlos Oliver 50,08101,Concepción,08,Biobío,Servicio de Salud Concepción,Municipal,-36.809987,-73.073504
119706,CECOSF,Centro Comunitario de Salud Familiar Rene Schneider,Calle Puerto Saavedra 150,08112,Hualpén,08,Biobío,Servicio de Salud Talcahuano,Municipal,-36.80201,-73.08081
119709,CECOSF,Centro Comunitario de Salud Familiar Leocán Portus Govinden,Calle Atenas 980,08112,Hualpén,08,Biobío,Servicio de Salud Talcahuano,Municipal,-36.799,-73.10408
119601,COSAM,COSAM Hualpén,Calle Diego Double Urrutia 8710,08112,Hualpén,08,Biobío,Servicio de Salud Talcahuano,Servicio de Salud,-36.798984,-73.090596
119809,SAPU,SAPU Talcahuano Sur,Calle Postdam 632,08112,Hualpén,08,Biobío,Servicio de Salud Talcahuano,Municipal,-36.798678,-73.096805
117308,CESFAM,CESFAM DR. ALFONSO PARRA CARRIEL,Calle M.J. Ortiz,16108,San Ignacio,16,Ñuble,Servicio de Salud Ñuble,Municipal,-36.79861,-72.03211
200830,SUR,SUR San Ignacio,Calle M.J. Ortiz,16108,San Ignacio,16,Ñuble,Servicio de Salud Ñuble,Municipal,-36.798538,-72.032209
119309,CESFAM,Centro de Salud Familiar Talcahuano Sur,Calle Postdam 632,08112,Hualpén,08,Biobío,Servicio de Salud Talcahuano,Municipal,-36.79847,-73.09679
119707,CECOSF,Centro Comunitario de Salud Familiar Llafkelen,Calle Calbuco 8535,08112,Hualpén,08,Biobío,Servicio de Salud Talcahuano,Municipal,-36.79326,-73.09048
118317,CESFAM,Centro de Salud Familiar Santa Sabina,Calle Pedro Meriño 1948,08101,Concepción,08,Biobío,Servicio de Salud Concepción,Municipal,-36.79238,-73.04423
118817,SAPU,SAPU Santa Sabina,Calle Carlos Henríquez 1820,08101,Concepción,08,Biobío,Servicio de Salud Concepción,Municipal,-36.792366,-73.044103
200086,SAPU,SAPU La Floresta,Calle Bremen 3851,08112,Hualpén,08,Biobío,Servicio de Salud Talcahuano,Municipal,-36.791847,-73.114063
119310,CESFAM,Centro de Salud Familiar La Floresta,Calle Calle 3 2598,08112,Hualpén,08,Biobío,Servicio de Salud Talcahuano,Municipal,-36.79168,-73.11383
119701,CECOSF,Centro Comunitario de Salud Familiar España,Calle Bremen 3851,08112,Hualpén,08,Biobío,Servicio de Salud Talcahuano,Municipal,-36.79143,-73.10708
117426,CECOSF,Centro Comunitario de Salud Familiar Tres Esquinas,"Calle El Laurel, Villa El sauce, sector Tres Esquinas",16102,Bulnes,16,Ñuble,Servicio de Salud Ñuble,Municipal,-36.78792,-72.21127
200283,CECOSF,Centro Comunitario de Salud Familiar Parque Central,Avenida Santa María 7431,08112,Hualpén,08,Biobío,Servicio de Salud Talcahuano,Municipal,-36.785661,-73.079504
119301,CESFAM,Centro de Salud Familiar Hualpencillo,Calle Bulgaria 2845,08112,Hualpén,08,Biobío,Servicio de Salud Talcahuano,Municipal,-36.78301,-73.10372
119801,SAR,SAR Hualpencillo,Calle Bulgaria 2845,08112,Hualpén,08,Biobío,Servicio de Salud Talcahuano,Municipal,-36.782799,-73.103731
200865,SAPU,SAPU Dental Hualpén,Calle Bulgaria 285,08112,Hualpén,08,Biobío,Servicio de Salud Talcahuano,Municipal,-36.782795,-73.103579
119702,CECOSF,Centro Comunitario de Salud Familiar 8 de Mayo,Calle Aisén 7370,08110,Talcahuano,08,Biobío,Servicio de Salud Talcahuano,Municipal,-36.77875,-73.09858
119705,CECOSF,Centro Comunitario de Salud Familiar Esmeralda,Calle San Miguel 590,08110,Talcahuano,08,Biobío,Servicio de Salud Talcahuano,Municipal,-36.77836,-73.09221
119703,CECOSF,Centro Comunitario de Salud Familiar Cosmito,Calle Villa Cosmito,08107,Penco,08,Biobío,Servicio de Salud Talcahuano,Municipal,-36.77786,-73.02184
117469,PSR,Posta de Salud Rural Ciruelito,Calle Sector Ciruelito,16106,Pinto,16,Ñuble,Servicio de Salud Ñuble,Municipal,-36.7725,-71.82028
118401,PSR,Posta de Salud Rural Manco,Calle Sector Manco,08104,Florida,08,Biobío,Servicio de Salud Concepción,Municipal,-36.765793,-72.720296
118445,PSR,Posta de Salud Rural Roa,Calle Sector Roa,08104,Florida,08,Biobío,Servicio de Salud Concepción,Municipal,-36.801088,-72.823155
119307,CESFAM,Centro de Salud Familiar Paulina Avendaño Pereda,Calle Carlos Dittborn,08110,Talcahuano,08,Biobío,Servicio de Salud Talcahuano,Municipal,-36.75088,-73.10194
119803,SAPU,SAPU Paulina Avendaño Pereda,Calle Carlos Dittborn 4100,08110,Talcahuano,08,Biobío,Servicio de Salud Talcahuano,Municipal,-36.75066,-73.101695
117449,PSR,Posta de Salud Rural Juan Enrique Mora,Calle Aldea Coyanco,16107,Quillón,16,Ñuble,Servicio de Salud Ñuble,Municipal,-36.74609,-72.52045
119303,CESFAM,Centro de Salud Familiar Alcalde Leocán Portus,Calle Manuel Barros Borgoño 2645,08110,Talcahuano,08,Biobío,Servicio de Salud Talcahuano,Municipal,-36.74422,-73.08847
119807,SAPU,SAPU Alcalde Leocán Portus,Calle Manuel Barros Borgoño 2645,08110,Talcahuano,08,Biobío,Servicio de Salud Talcahuano,Municipal,-36.743908,-73.088275
119704,CECOSF,Centro Comunitario de Salud Familiar Los Forjadores,Calle Diego Portales,08107,Penco,08,Biobío,Servicio de Salud Talcahuano,Municipal,-36.74369,-73.00491
119804,SAR,SAR Penco,Calle Maipu 573,08107,Penco,08,Biobío,Servicio de Salud Talcahuano,Municipal,-36.742785,-72.990349
200828,SUR,SUR Quillón,Calle Francisco Unzueta 159,16107,Quillón,16,Ñuble,Servicio de Salud Ñuble,Municipal,-36.741424,-72.46883
117306,CESFAM,Centro de Salud Familiar Dr. Alberto Gyhra Soto (Quillón),Calle Francisco Unzueta 159,16107,Quillón,16,Ñuble,Servicio de Salud Ñuble,Municipal,-36.74576,-72.46769
119304,CESFAM,Centro de Salud Familiar Penco,Calle O'Higgins 654,08107,Penco,08,Biobío,Servicio de Salud Talcahuano,Municipal,-36.73845,-72.99039
119710,CECOSF,Centro Comunitario de Salud Familiar Libertad Gaete,Calle Isla San Ambrosio 509,08110,Talcahuano,08,Biobío,Servicio de Salud Talcahuano,Municipal,-36.73489,-73.11346
117407,PSR,Posta de Salud Rural Tanilvoro,Calle Aldea de Tanilvoro,16302,Coihueco,16,Ñuble,Servicio de Salud Ñuble,Municipal,-36.726,-71.82131
119302,CESFAM,Centro de Salud Familiar San Vicente,Calle Brasil 360,08110,Talcahuano,08,Biobío,Servicio de Salud Talcahuano,Municipal,-36.72379,-73.12333
119802,SAR,SAR San Vicente,Calle Brasil 360,08110,Talcahuano,08,Biobío,Servicio de Salud Talcahuano,Municipal,-36.723746,-73.122883
119711,CECOSF,Centro Comunitario de Salud Familiar Los Lobos la Gloria,Calle Los Lobos 1960,08110,Talcahuano,08,Biobío,Servicio de Salud Talcahuano,Municipal,-36.72302,-73.14301
119311,CESFAM,Centro de Salud Familiar Lirquén,Calle Camino a Tomé,08107,Penco,08,Biobío,Servicio de Salud Talcahuano,Servicio de Salud,-36.7189,-72.97515
119308,CESFAM,Centro de Salud Familiar Los Cerros,Calle Nueva Los Lobos,08110,Talcahuano,08,Biobío,Servicio de Salud Talcahuano,Municipal,-36.71453,-73.13517
201018,SAR,SAR Los Cerros,Calle San Vicente 1260,08110,Talcahuano,08,Biobío,Servicio de Salud Talcahuano,Municipal,-36.714481,-73.13515
200624,COSAM,COSAM Los Cerros,"Calle Bahía San Vicente, sector Ex Fundo Centinela 1340",08110,Talcahuano,08,Biobío,Servicio de Salud Talcahuano,Servicio de Salud,-36.711366,-73.138306
200284,CECOSF,Centro Comunitario de Salud Familiar Villa Centinela,"Avenida Punta Peñablanca, Villa centinela I 1301",08110,Talcahuano,08,Biobío,Servicio de Salud Talcahuano,Municipal,-36.71047,-73.14526
118439,PSR,Posta de Salud Rural Granerillos,Calle Caserío de Granerillos,08104,Florida,08,Biobío,Servicio de Salud Concepción,Municipal,-36.70819,-72.67678
117317,CESFAM,Centro de Salud Familiar Pinto,Calle Ernesto Riquelme,16106,Pinto,16,Ñuble,Servicio de Salud Ñuble,Municipal,-36.70465,-71.8931
200837,SUR,SUR Pinto,Calle Ernesto Riquelme,16106,Pinto,16,Ñuble,Servicio de Salud Ñuble,Municipal,-36.704575,-71.893164
200285,CECOSF,Centro Comunitario de Salud Familiar Ríos de Chile,Calle Rios Ñuble 100,08107,Penco,08,Biobío,Servicio de Salud Talcahuano,Municipal,-36.70457,-72.97238
200287,CECOSF,Centro Comunitario de Salud Familiar Punta de Parra,"Avenida Cardenal Samoré, Punta de Parra 61",08111,Tome,08,Biobío,Servicio de Salud Talcahuano,Municipal,-36.67201,-72.95961
117413,PSR,Posta de Salud Rural Rucapequén,Calle Aldea de Rucapequén,16103,Chillán Viejo,16,Ñuble,Servicio de Salud Ñuble,Municipal,-36.671299,-72.279619
117406,PSR,Posta de Salud Rural Minas del Prado,Calle Aldea Minas del Prado,16302,Coihueco,16,Ñuble,Servicio de Salud Ñuble,Municipal,-36.664799,-71.706641
117427,PSR,Posta de Salud Rural Nueva Aldea,Calle Caserío Nueva Aldea,16206,Ránquil,16,Ñuble,Servicio de Salud Ñuble,Municipal,-36.65444,-72.45867
117467,PSR,Posta de Salud Rural El Caracol,Calle Sector El Caracol,16304,San Fabián,16,Ñuble,Servicio de Salud Ñuble,Municipal,-36.649791,-71.389733
117322,CESFAM,Centro de Salud Familiar Quinchamalí,Calle Principal,16101,Chillán,16,Ñuble,Servicio de Salud Ñuble,Municipal,-36.64804,-72.40316
117414,PSR,Posta de Salud Rural Nebuco,Calle Caserío de Nebuco,16103,Chillán Viejo,16,Ñuble,Servicio de Salud Ñuble,Municipal,-36.64756,-72.22296
119400,PSR,Posta de Salud Rural Tumbes,Calle Pueblo de Caleta Tumbes,08110,Talcahuano,08,Biobío,Servicio de Salud Talcahuano,Municipal,-36.639182,-73.095932
119306,CESFAM,Centro de Salud Familiar Bellavista,Calle Los Cerezos 297,08111,Tome,08,Biobío,Servicio de Salud Talcahuano,Municipal,-36.63459,-72.95187
200151,SAPU,SAPU Bellavista,Calle Los Cerezos 297,08111,Tome,08,Biobío,Servicio de Salud Talcahuano,Municipal,-36.634534,-72.9516
117318,CESFAM,Centro de Salud Familiar Michelle Chandía Alarcón,Calle Eleuterio Ramirez 1233,16302,Coihueco,16,Ñuble,Servicio de Salud Ñuble,Municipal,-36.625324,-71.828417
117331,CESFAM,Centro de Salud Familiar Dra. Michelle Bachelet Jeria,Calle Huambalí 1201,16103,Chillán Viejo,16,Ñuble,Servicio de Salud Ñuble,Municipal,-36.63022,-72.10677
200718,SAR,SAR Dra. Michelle Bachelet Jeria,Calle Reino de Chile 1211,16103,Chillán Viejo,16,Ñuble,Servicio de Salud Ñuble,Municipal,-36.630177,-72.10684
117828,SAPU,SAPU Dr. Federico Puga,Calle Erasmo Escala 872,16103,Chillán Viejo,16,Ñuble,Servicio de Salud Ñuble,Municipal,-36.628726,-72.12819
117799,CECOSF,Centro Comunitario de Salud Familiar Los Alpes,"Pasaje Pasaje, Esquina Los Araucanos. Villa Los Alpes 7",16101,Chillán,16,Ñuble,Servicio de Salud Ñuble,Municipal,-36.62871,-72.09164
117328,CESFAM,Centro de Salud Familiar Dr. Federico Puga,Calle Erasmo Escala 872,16103,Chillán Viejo,16,Ñuble,Servicio de Salud Ñuble,Municipal,-36.62859,-72.12813
117465,PSR,Posta de Salud Rural San Ignacio Palomares,Calle Caserío San Ignacio Palomares,16206,Ránquil,16,Ñuble,Servicio de Salud Ñuble,Municipal,-36.626209,-72.604332
117702,CECOSF,Centro Comunitario de Salud Familiar El Roble,Calle Los Espinos 745,16101,Chillán,16,Ñuble,Servicio de Salud Ñuble,Municipal,-36.62499,-72.1019
117302,CESFAM,Centro de Salud Familiar San Ramón Nonato,Calle Colo Colo,16101,Chillán,16,Ñuble,Servicio de Salud Ñuble,Municipal,-36.62476,-72.09734
117304,CESFAM,Centro de Salud Familiar Isabel Riquelme,Calle O'Higgins 1661,16101,Chillán,16,Ñuble,Servicio de Salud Ñuble,Municipal,-36.61865,-72.11318
200149,SAPU,SAPU Isabel Riquelme,Avenida O'Higgins 1679,16101,Chillán,16,Ñuble,Servicio de Salud Ñuble,Municipal,-36.618385,-72.118026
117324,CESFAM,Centro de Salud Familiar Los Volcanes,Calle Los Cóndores 155,16101,Chillán,16,Ñuble,Servicio de Salud Ñuble,Municipal,-36.61794,-72.08057
117824,SAPU,SAPU Los Volcanes,Calle Los Cóndores 155,16101,Chillán,16,Ñuble,Servicio de Salud Ñuble,Municipal,-36.617897,-72.080762
119708,CECOSF,Centro Comunitario de Salud Familiar El Santo Esfuerzo de Todos,Calle Los Helechos 47,08111,Tome,08,Biobío,Servicio de Salud Talcahuano,Municipal,-36.61681,-72.93897
117601,COSAM,COSAM Chillán,Calle Collín 934,16101,Chillán,16,Ñuble,Servicio de Salud Ñuble,Municipal,-36.616489,-72.100623
117330,CESFAM,Centro de Salud Familiar Sol de Oriente,Avenida Nueva Oriente,16101,Chillán,16,Ñuble,Servicio de Salud Ñuble,Municipal,-36.615357,-72.076326
200261,CECOSF,Centro Comunitario de Salud Familiar Doña Isabel,Calle L. Arellano 1780,16101,Chillán,16,Ñuble,Servicio de Salud Ñuble,Municipal,-36.61336,-72.13223
200470,CECOSF,Centro Comunitario de Salud Familiar Cerro Estanque,Calle Santiago Osorio 2276,08111,Tome,08,Biobío,Servicio de Salud Talcahuano,Municipal,-36.60963,-72.94563
117301,CESFAM,Centro de Salud Familiar Violeta Parra,Calle Francisco Ramírez 150,16101,Chillán,16,Ñuble,Servicio de Salud Ñuble,Servicio de Salud,-36.60903,-72.0895
117801,SAR,SAR Violeta Parra,Calle Francisco Ramírez 150,16101,Chillán,16,Ñuble,Servicio de Salud Ñuble,Servicio de Salud,-36.609007,-72.089845
200558,COSAM,COSAM Ñuble,Avenida Libertad 1163,16101,Chillán,16,Ñuble,Servicio de Salud Ñuble,Servicio de Salud,-36.608122,-72.09359
117410,PSR,Posta de Salud Rural Huape,Calle Sector Huape,16101,Chillán,16,Ñuble,Servicio de Salud Ñuble,Municipal,-36.60809,-72.26106
117401,PSR,Posta de Salud Rural Talquipén,Calle Aldea de Talquipén,16302,Coihueco,16,Ñuble,Servicio de Salud Ñuble,Municipal,-36.60791,-71.92795
117316,CESFAM,Centro de Salud Familiar Ñipas,Calle Pedro Aguirre Cerda 392,16206,Ránquil,16,Ñuble,Servicio de Salud Ñuble,Municipal,-36.60412,-72.53642
200836,SUR,SUR Ñipas,Calle Pedro Aguirre Cerda 392,16206,Ránquil,16,Ñuble,Servicio de Salud Ñuble,Municipal,-36.604107,-72.536427
119805,SAR,SAR Dr. Alberto Reyes,Calle Nueva Aldea 2720,08111,Tome,08,Biobío,Servicio de Salud Talcahuano,Municipal,-36.600646,-72.960892
119305,CESFAM,Centro de Salud Familiar Dr. Alberto Reyes,Calle Nueva Aldea 2720,08111,Tome,08,Biobío,Servicio de Salud Talcahuano,Municipal,-36.60061,-72.96082
117447,PSR,Posta de Salud Rural Cucha Cox,Calle Sector Cucha Cox,16205,Portezuelo,16,Ñuble,Servicio de Salud Ñuble,Municipal,-36.6003,-72.39071
117701,CECOSF,Centro Comunitario de Salud Familiar Padre Hurtado,Calle Padre Hurtado,16101,Chillán,16,Ñuble,Servicio de Salud Ñuble,Servicio de Salud,-36.59729,-72.10102
117403,PSR,Posta de Salud Rural Bustamante,Calle Aldea de Bustamante,16302,Coihueco,16,Ñuble,Servicio de Salud Ñuble,Municipal,-36.59078,-71.7649
117439,PSR,Posta de Salud Rural Ranguelmo,Calle Aldea de Ranguelmo,16203,Coelemu,16,Ñuble,Servicio de Salud Ñuble,Municipal,-36.58007,-72.76313
117442,PSR,Posta de Salud Rural Guarilihue,Calle Aldea de Guarilihue Bajo,16203,Coelemu,16,Ñuble,Servicio de Salud Ñuble,Municipal,-36.57478,-72.69459
119404,PSR,Posta de Salud Rural Coliumo,Calle Sector de Coliumo,08111,Tome,08,Biobío,Servicio de Salud Talcahuano,Municipal,-36.55614,-72.95812
119403,PSR,Posta de Salud Rural Menque,"Calle Villoslada, Aldea de Menque",08111,Tome,08,Biobío,Servicio de Salud Talcahuano,Municipal,-36.554931,-72.864771
117309,CESFAM,Centro de Salud Familiar San Fabián,Calle 21 de Mayo,16304,San Fabián,16,Ñuble,Servicio de Salud Ñuble,Municipal,-36.55429,-71.55393
117405,PSR,Posta de Salud Rural Capilla Cato,Calle Sector Capilla Cato,16101,Chillán,16,Ñuble,Servicio de Salud Ñuble,Municipal,-36.55469,-71.976829
200831,SUR,SUR San Fabián,Calle 21 de Mayo,16304,San Fabián,16,Ñuble,Servicio de Salud Ñuble,Municipal,-36.554259,-71.553989
119402,CESFAM,Centro de Salud Familiar Dichato,Calle Daniel Vera 373,08111,Tome,08,Biobío,Servicio de Salud Talcahuano,Municipal,-36.55412,-72.938929
200957,SUR,SUR Dichato,Calle Daniel Vera 373,08111,Tome,08,Biobío,Servicio de Salud Talcahuano,Municipal,-36.549329,-72.939859
117325,CESFAM,Centro de Salud Familiar Luis Montecinos,Calle 18 de Septiembre 631,16302,Coihueco,16,Ñuble,Servicio de Salud Ñuble,Municipal,-36.544843,-71.781297
117471,PSR,Posta de Salud Rural Puente Ñuble,Calle Pueblo de Puente Ñuble,16305,San Nicolás,16,Ñuble,Servicio de Salud Ñuble,Municipal,-36.54236,-72.08522
117305,CESFAM,Centro de Salud Familiar Portezuelo,Calle San Martín 150,16205,Portezuelo,16,Ñuble,Servicio de Salud Ñuble,Municipal,-36.52974,-72.42895
200827,SUR,SUR Portezuelo,Calle San Martín 150,16205,Portezuelo,16,Ñuble,Servicio de Salud Ñuble,Municipal,-36.529724,-72.428872
117423,PSR,Posta de Salud Rural Monte Blanco,Calle Aldea Monte Blanco,16301,San Carlos,16,Ñuble,Servicio de Salud Ñuble,Municipal,-36.50257,-71.91196
200833,SUR,SUR San Nicolás,Calle Arturo Prat,16305,San Nicolás,16,Ñuble,Servicio de Salud Ñuble,Municipal,-36.499022,-72.212254
117312,CESFAM,Centro de Salud Familiar San Nicolás,Calle Arturo Prat,16305,San Nicolás,16,Ñuble,Servicio de Salud Ñuble,Municipal,-36.49902,-72.21226
117444,PSR,Posta de Salud Rural Denecan,Calle Caserío Denecan,16207,Treguaco,16,Ñuble,Servicio de Salud Ñuble,Municipal,-36.49644,-72.66301
117416,PSR,Posta de Salud Rural Rivera de Ñuble,Calle Aldea de Rivera Ñuble,16301,San Carlos,16,Ñuble,Servicio de Salud Ñuble,Municipal,-36.47914,-71.7562
117459,PSR,Posta de Salud Rural Capellanía,Calle Sector Capellanía,16205,Portezuelo,16,Ñuble,Servicio de Salud Ñuble,Municipal,-36.470246,-72.520037
117446,PSR,Posta de Salud Rural Minas de Leuque,Calle Sector Minas de Leuque,16207,Treguaco,16,Ñuble,Servicio de Salud Ñuble,Municipal,-36.471083,-72.6107
117433,PSR,Posta de Salud Rural El Sauce (Ninhue),Calle Sector El Sauce,16204,Ninhue,16,Ñuble,Servicio de Salud Ñuble,Municipal,-36.46923,-72.38875
117415,CECOSF,Centro Comunitario de Salud Familiar Cachapoal,"Calle Ruta Nº 31, Km. 20, Sector Cachapoal",16301,San Carlos,16,Ñuble,Servicio de Salud Ñuble,Municipal,-36.46276,-71.73294
117327,CESFAM,Centro de Salud Familiar Treguaco,Calle Luis Lama 286,16207,Treguaco,16,Ñuble,Servicio de Salud Ñuble,Municipal,-36.43025,-72.67121
200841,SUR,SUR Treguaco,Calle Luis Lama 286,16207,Treguaco,16,Ñuble,Servicio de Salud Ñuble,Municipal,-36.430229,-72.671242
117329,CESFAM,Centro de Salud Familiar Teresa Baldechi,Calle Arturo Prat,16301,San Carlos,16,Ñuble,Servicio de Salud Ñuble,Municipal,-36.42946,-71.95901
117729,CECOSF,Centro Comunitario de Salud Familiar Valle Hondo,Pasaje Cabrales,16301,San Carlos,16,Ñuble,Servicio de Salud Ñuble,Municipal,-36.422433,-71.951189
117811,SAPU,SAPU José Durán Trujillo,Pasaje Las Acacias 470,16301,San Carlos,16,Ñuble,Servicio de Salud Ñuble,Municipal,-36.41841,-71.969248
117311,CESFAM,Centro de Salud Familiar Dr. José Duran Trujillo,Calle Las Acacias 470,16301,San Carlos,16,Ñuble,Servicio de Salud Ñuble,Municipal,-36.41837,-71.96942
117602,COSAM,COSAM San Carlos,Calle O'Higgins 465,16301,San Carlos,16,Ñuble,Servicio de Salud Ñuble,Servicio de Salud,-36.418337,-71.969584
117470,PSR,Posta de Salud Rural Trabuncura,Calle Sector Trabuncura,16304,San Fabián,16,Ñuble,Servicio de Salud Ñuble,Municipal,-36.40534,-71.62036
117445,PSR,Posta de Salud Rural Vegas de Itata,Calle Aldea de Vegas de Itata,16203,Coelemu,16,Ñuble,Servicio de Salud Ñuble,Municipal,-36.4009,-72.85002
117464,PSR,Posta de Salud Rural Zemita,Calle Caserío Zemita el Peumo,16303,Ñiquén,16,Ñuble,Servicio de Salud Ñuble,Municipal,-36.40044,-71.74001
117314,CESFAM,Centro de Salud Familiar Dr. David Benavente de Ninhue,Calle Arturo Prat 405,16204,Ninhue,16,Ñuble,Servicio de Salud Ñuble,Municipal,-36.39808,-72.39912
200835,SUR,SUR Dr. David Benavente de Ninhue,Calle Arturo Prat 405,16204,Ninhue,16,Ñuble,Servicio de Salud Ñuble,Municipal,-36.392602,-72.399393
116564,PSR,Posta de Salud Rural Villa Baviera,Calle Camino a Catillo,07404,Parral,07,Maule,Servicio de Salud Del Maule,Municipal,-36.387935,-71.585985
117422,PSR,Posta de Salud Rural La Gloria,Calle Sector La Gloria,16303,Ñiquén,16,Ñuble,Servicio de Salud Ñuble,Municipal,-36.397838,-71.843283
117443,PSR,Posta de Salud Rural Boca Itata,Calle Sector Boca Itata,16207,Treguaco,16,Ñuble,Servicio de Salud Ñuble,Municipal,-36.38019,-72.82546
117418,CECOSF,Centro Comunitario de Salud Familiar Chacay,"Calle Chacay, Sector Chacay",16303,Ñiquén,16,Ñuble,Servicio de Salud Ñuble,Municipal,-36.36604,-71.77114
117421,PSR,Posta de Salud Rural Torrecillas,Calle Sector Torrecillas,16301,San Carlos,16,Ñuble,Servicio de Salud Ñuble,Municipal,-36.358275,-72.31656
117463,PSR,Posta de Salud Rural El Rincón,Calle Caserío El Rincón,16204,Ninhue,16,Ñuble,Servicio de Salud Ñuble,Municipal,-36.33452,-72.40821
117462,PSR,Posta de Salud Rural Arizona,Calle Caserío de Arizona,16301,San Carlos,16,Ñuble,Servicio de Salud Ñuble,Municipal,-36.31993,-72.03904
116493,PSR,Posta de Salud Rural Los Canelos (Parral),Calle Caserío Los Canelos,07404,Parral,07,Maule,Servicio de Salud Del Maule,Municipal,-36.303463,-71.31812
117419,PSR,Posta de Salud Rural Ñiquén,Calle Aldea Ñiquén,16303,Ñiquén,16,Ñuble,Servicio de Salud Ñuble,Municipal,-36.293311,-71.900638
116494,PSR,Posta de Salud Rural Bullileo,Calle Caserío Bullileo,07404,Parral,07,Maule,Servicio de Salud Del Maule,Municipal,-36.288958,-71.414922
116550,PSR,Posta de Salud Rural Bajos de Huenutil,Calle Caserío Bajos de Huenutil,07404,Parral,07,Maule,Servicio de Salud Del Maule,Municipal,-36.288946,-71.741127
117461,PSR,Posta de Salud Rural Toquihua,Calle Sector Toquihua,16301,San Carlos,16,Ñuble,Servicio de Salud Ñuble,Municipal,-36.2869,-72.22246
116496,PSR,Posta de Salud Rural Catillo,Calle Caserío Cruce Catillo,07404,Parral,07,Maule,Servicio de Salud Del Maule,Municipal,-36.28591,-71.65239
117313,CESFAM,Centro de Salud Familiar Ñiquén,Calle Semíramis Caro,16303,Ñiquén,16,Ñuble,Servicio de Salud Ñuble,Municipal,-36.28324,-71.81368
200834,SUR,SUR Ñiquén,Calle Semíramis Caro,16303,Ñiquén,16,Ñuble,Servicio de Salud Ñuble,Municipal,-36.282974,-71.813887
117452,PSR,Posta de Salud Rural Colmuyao,Calle Caserío de Colmuyao,16202,Cobquecura,16,Ñuble,Servicio de Salud Ñuble,Municipal,-36.27194,-72.80032
116523,PSR,Posta de Salud Rural Monte Flor,Calle Sector Monte Flor,07404,Parral,07,Maule,Servicio de Salud Del Maule,Municipal,-36.238563,-71.941073
200728,PSR,Posta de Salud Rural San Alejo,"Camino Camino público, Sector San Alejo 27",07404,Parral,07,Maule,Servicio de Salud Del Maule,Municipal,-36.234775,-71.550264
116551,PSR,Posta de Salud Rural Talquita,Calle Caserío Talquita,07404,Parral,07,Maule,Servicio de Salud Del Maule,Municipal,-36.235919,-71.808854
116522,PSR,Posta de Salud Rural Los Carros,Calle Sector Los Carros,07404,Parral,07,Maule,Servicio de Salud Del Maule,Municipal,-36.23168,-71.72478
116497,PSR,Posta de Salud Rural Perquilauquén,Calle Caserío Perquilauquén,07404,Parral,07,Maule,Servicio de Salud Del Maule,Municipal,-36.077547,-72.077944
116486,PSR,Posta de Salud Rural Loma de Vásquez,Calle Caserío Loma de Vásquez,07403,Longaví,07,Maule,Servicio de Salud Del Maule,Municipal,-36.223188,-71.446623
117434,PSR,Posta de Salud Rural Los Remates,Calle Sector Los Remates,16201,Quirihue,16,Ñuble,Servicio de Salud Ñuble,Municipal,-36.21321,-72.49508
116490,CECOSF,Centro Comunitario de Salud Familiar Camelias,"Calle Camino a la Montaña,  Las Camelias",07405,Retiro,07,Maule,Servicio de Salud Del Maule,Municipal,-36.21106,-71.60496
116560,PSR,Posta de Salud Rural La Orilla (Parral),Calle Aldea La Orilla,07404,Parral,07,Maule,Servicio de Salud Del Maule,Municipal,-36.2101,-71.5761
117468,PSR,Posta de Salud Rural Belén (Ñiquen),Calle Sector Belén,16303,Ñiquén,16,Ñuble,Servicio de Salud Ñuble,Municipal,-36.18691,-72.03835
116524,PSR,Posta de Salud Rural Fuerte Viejo,Calle Sector Fuerte Viejo,07404,Parral,07,Maule,Servicio de Salud Del Maule,Municipal,-36.16361,-72.02751
116556,PSR,Posta de Salud Rural Pocillas,Calle Caserío Pocillas,07201,Cauquenes,07,Maule,Servicio de Salud Del Maule,Municipal,-36.16172,-72.23107
116491,PSR,Posta de Salud Rural San Marcos (Retiro),Calle Camino a la Montaña San Marcos,07405,Retiro,07,Maule,Servicio de Salud Del Maule,Municipal,-36.16011,-71.73795
116484,PSR,Posta de Salud Rural San José (Longaví),Calle Sector San José,07403,Longaví,07,Maule,Servicio de Salud Del Maule,Municipal,-36.151157,-71.581084
116711,CECOSF,Centro Comunitario de Salud Familiar Los Olivos,Calle Delicias Sur,07404,Parral,07,Maule,Servicio de Salud Del Maule,Municipal,-36.14776,-71.81516
116311,CESFAM,Centro de Salud Familiar Arrau Méndez,Calle Cayetano Landaeta,07404,Parral,07,Maule,Servicio de Salud Del Maule,Municipal,-36.14693,-71.83847
116502,PSR,Posta de Salud Rural Tres Esquinas (Cauquenes),Calle Caserío Tres Esquinas,07201,Cauquenes,07,Maule,Servicio de Salud Del Maule,Municipal,-36.14417,-72.29366
116811,SAR,SAR Parral,Calle Delicias 149,07404,Parral,07,Maule,Servicio de Salud Del Maule,Municipal,-36.143449,-71.832433
116526,PSR,Posta de Salud Rural Santa Delfina,Calle Caserío Santa Delfina,07405,Retiro,07,Maule,Servicio de Salud Del Maule,Municipal,-36.1431,-71.65764
116765,CECOSF,Centro Comunitario de Salud Familiar Los Robles,Calle Los Robles,07405,Retiro,07,Maule,Servicio de Salud Del Maule,Municipal,-36.14002,-71.72276
200266,CECOSF,Centro Comunitario de Salud Familiar Buenos Aires,Avenida Buenos Aires 355,07404,Parral,07,Maule,Servicio de Salud Del Maule,Municipal,-36.13326,-71.82061
116478,PSR,Posta de Salud Rural Los Hualles,Calle Caserío Los Hualles,07401,Linares,07,Maule,Servicio de Salud Del Maule,Municipal,-36.133306,-71.324424
117307,CESFAM,Centro de Salud Familiar Cobquecura,Calle Chacabuco 473,16202,Cobquecura,16,Ñuble,Servicio de Salud Ñuble,Municipal,-36.13282,-72.79329
200829,SUR,SUR Cobquecura,Calle Chacabuco 473,16202,Cobquecura,16,Ñuble,Servicio de Salud Ñuble,Municipal,-36.132808,-72.793238
116503,PSR,Posta de Salud Rural Cancha de Los Huevos,Calle Sector Cancha de los Huevos,07201,Cauquenes,07,Maule,Servicio de Salud Del Maule,Municipal,-36.09699,-72.47368
116516,PSR,Posta de Salud Rural El Carmen( Longaví),Calle Sector El Carmen,07403,Longaví,07,Maule,Servicio de Salud Del Maule,Municipal,-36.08982,-71.5577
116492,PSR,Posta de Salud Rural Copihue,Calle Julio Villanueva Copihue,07405,Retiro,07,Maule,Servicio de Salud Del Maule,Municipal,-36.089751,-71.801236
117451,PSR,Posta de Salud Rural Buchupureo,Calle Aldea de Buchupureo,16202,Cobquecura,16,Ñuble,Servicio de Salud Ñuble,Municipal,-36.075024,-72.779069
116501,PSR,Posta de Salud Rural Quella,Calle Aldea Quella,07201,Cauquenes,07,Maule,Servicio de Salud Del Maule,Municipal,-36.057582,-72.091152
116532,PSR,Posta de Salud Rural Lomas de la Tercera,Calle Sector Lomas de la Tercera,07403,Longaví,07,Maule,Servicio de Salud Del Maule,Municipal,-36.05508,-71.64008
116412,PSR,Posta de Salud Rural Pejerrey,Calle Caserío Pejerrey,07401,Linares,07,Maule,Servicio de Salud Del Maule,Municipal,-36.0538,-71.40136
116504,PSR,Posta de Salud Rural Coronel,Calle Caserío Coronel,07201,Cauquenes,07,Maule,Servicio de Salud Del Maule,Municipal,-36.05285,-72.45526
116483,PSR,Posta de Salud Rural La Quinta,Calle Aldea La Quinta,07403,Longaví,07,Maule,Servicio de Salud Del Maule,Municipal,-36.05223,-71.56868
116321,CESFAM,Centro de Salud Familiar Marta Estévez,Avenida Errázuriz,07405,Retiro,07,Maule,Servicio de Salud Del Maule,Municipal,-36.051316,-71.761564
200779,SUR,SUR Marta Estevez - Retiro,Avenida Errázuriz,07405,Retiro,07,Maule,Servicio de Salud Del Maule,Municipal,-36.051427,-71.760991
116762,CECOSF,Centro Comunitario de Salud Familiar Los Cristales,Calle Los Cristales,07403,Longaví,07,Maule,Servicio de Salud Del Maule,Municipal,-36.01465,-71.65108
116527,PSR,Posta de Salud Rural San Ramón (Retiro),Calle Caserío San Ramón,07405,Retiro,07,Maule,Servicio de Salud Del Maule,Municipal,-36.00834,-71.84111
116329,CESFAM,Centro de Salud Familiar Armando Williams,Calle Padre Hurtado,07201,Cauquenes,07,Maule,Servicio de Salud Del Maule,Municipal,-35.98253,-72.31324
116476,PSR,Posta de Salud Rural Vega de Salas,Calle Caserío Cajón Vega de Salas,07401,Linares,07,Maule,Servicio de Salud Del Maule,Municipal,-35.98172,-71.38849
116402,PSR,Posta de Salud Rural Pilén,Calle Caserío Pilén Bajo,07201,Cauquenes,07,Maule,Servicio de Salud Del Maule,Municipal,-35.98133,-72.45443
116487,PSR,Posta de Salud Rural Piguchén (Retiro),Calle Caserío Piguchén,07405,Retiro,07,Maule,Servicio de Salud Del Maule,Municipal,-35.974578,-71.769929
116482,PSR,Posta de Salud Rural Mesamávida (Longaví),Calle Caserío Camino a Mesamávida,07403,Longaví,07,Maule,Servicio de Salud Del Maule,Municipal,-35.9772,-71.56887
116499,PSR,Posta de Salud Rural Cayurranquil,Calle Sector Cayurranquil,07201,Cauquenes,07,Maule,Servicio de Salud Del Maule,Municipal,-35.971063,-72.552306
116555,PSR,Posta de Salud Rural Santa Sofía,Calle Aldea Santa Sofía,07201,Cauquenes,07,Maule,Servicio de Salud Del Maule,Municipal,-35.96715,-72.35595
116320,CESFAM,Centro de Salud Familiar Amanda Benavente,Calle 1 Norte 160,07403,Longaví,07,Maule,Servicio de Salud Del Maule,Municipal,-35.96519,-71.68568
116820,SAPU,SAPU Amanda Benavente,Calle 1 Norte 160,07403,Longaví,07,Maule,Servicio de Salud Del Maule,Municipal,-35.965065,-71.685884
116829,SAR,SAR Dr. Juan Saavedra Macaya,Calle Balmaceda 680,07201,Cauquenes,07,Maule,Servicio de Salud Del Maule,Municipal,-35.964271,-72.317408
200349,CECOSF,Centro Comunitario de Salud Familiar Villa Longaví,Calle 1 Oriente 343,07403,Longaví,07,Maule,Servicio de Salud Del Maule,Municipal,-35.96211,-71.68932
116741,CECOSF,Centro Comunitario de Salud Familiar Rosita O'Higgins,Calle Población Rosita O'Higgins 24,07201,Cauquenes,07,Maule,Servicio de Salud Del Maule,Municipal,-35.9621,-72.33618
116729,CECOSF,Centro Comunitario de Salud Familiar Población Fernández,Calle Camino a Parral,07201,Cauquenes,07,Maule,Servicio de Salud Del Maule,Municipal,-35.95794,-72.29983
116341,CESFAM,Centro de Salud Familiar Dr. Ricardo Valdés Hurtado,"Calle Camino a Chanco, Km. 4",07201,Cauquenes,07,Maule,Servicio de Salud Del Maule,Municipal,-35.9504,-72.3466
116480,PSR,Posta de Salud Rural Miraflores,Calle Aldea Miraflores,07403,Longaví,07,Maule,Servicio de Salud Del Maule,Municipal,-35.91873,-71.64521
116508,PSR,Posta de Salud Rural Chovellén,Calle Aldea Chovellén,07203,Pelluhue,07,Maule,Servicio de Salud Del Maule,Municipal,-35.915099,-72.666053
116474,PSR,Posta de Salud Rural Embalse Ancoa,Calle Caserío Embalse Ancoa,07401,Linares,07,Maule,Servicio de Salud Del Maule,Municipal,-35.9059,-71.28942
116537,PSR,Posta de Salud Rural Llancanao,Calle Aldea Llancanao,07401,Linares,07,Maule,Servicio de Salud Del Maule,Municipal,-35.89484,-71.52145
116489,PSR,Posta de Salud Rural Talhuenes,Calle Caserío Talhuenes,07405,Retiro,07,Maule,Servicio de Salud Del Maule,Municipal,-35.88787,-71.99273
116531,PSR,Posta de Salud Rural San Víctor Álamos,Calle Aldea San Víctor Álamos,07401,Linares,07,Maule,Servicio de Salud Del Maule,Municipal,-35.886161,-71.471983
116548,PSR,Posta de Salud Rural La Vega (Chanco),Calle Aldea La Vega,07202,Chanco,07,Maule,Servicio de Salud Del Maule,Municipal,-35.87561,-72.44503
116709,CESFAM,Centro de Salud Familiar Luis Navarrete Carvacho,Calle Carlos Ibáñez del Campo,07401,Linares,07,Maule,Servicio de Salud Del Maule,Municipal,-35.86696,-71.59418
116477,PSR,Posta de Salud Rural Chupallar,Calle Caserío Chupallar,07401,Linares,07,Maule,Servicio de Salud Del Maule,Municipal,-35.86576,-71.23652
116488,PSR,Posta de Salud Rural Villaseca,Calle Caserío Villaseca,07405,Retiro,07,Maule,Servicio de Salud Del Maule,Municipal,-35.86232,-71.83666
200148,SAPU,SAPU Valentín Letelier,Calle Rengo,07401,Linares,07,Maule,Servicio de Salud Del Maule,Municipal,-35.85155,-71.604769
116308,CESFAM,Centro de Salud Familiar Valentín Letelier,Calle Rengo,07401,Linares,07,Maule,Servicio de Salud Del Maule,Municipal,-35.85141,-71.60484
116309,CESFAM,Centro de Salud Familiar San Juan Dios,Calle Colo Colo,07401,Linares,07,Maule,Servicio de Salud Del Maule,Municipal,-35.85141,-71.59022
116809,SAR,SAR San Juan de Dios de Linares,Calle Colo Colo,07401,Linares,07,Maule,Servicio de Salud Del Maule,Municipal,-35.851282,-71.590054
200784,SUR,SUR Curanipe,Calle Comercio,07203,Pelluhue,07,Maule,Servicio de Salud Del Maule,Municipal,-35.846509,-72.635572
116322,CESFAM,Centro de Salud Familiar Dr. Pedro Rivas Pinochet,Calle Comercio,07203,Pelluhue,07,Maule,Servicio de Salud Del Maule,Municipal,-35.84645,-72.63561
116601,COSAM,COSAM de Linares,Calle O'Higgins 892,07401,Linares,07,Maule,Servicio de Salud Del Maule,Servicio de Salud,-35.841327,-71.59729
200351,CECOSF,Centro Comunitario de Salud Familiar Yerbas Buenas,"Pasaje Los Avellanos, Población Yerbas Buenas 1180",07401,Linares,07,Maule,Servicio de Salud Del Maule,Municipal,-35.84058,-71.58263
116823,SAPU,SAPU Oscar Bonilla,Calle Los Sauces,07401,Linares,07,Maule,Servicio de Salud Del Maule,Municipal,-35.834679,-71.596092
116323,CESFAM,Centro de Salud Familiar Oscar Bonilla,Calle Trovolhue 380,07401,Linares,07,Maule,Servicio de Salud Del Maule,Municipal,-35.8407989,-71.6081485
116515,PSR,Posta de Salud Rural Vara Gruesa,Calle Pueblo Vara Gruesa,07401,Linares,07,Maule,Servicio de Salud Del Maule,Municipal,-35.83049,-71.51284
200778,SUR,SUR Vara Gruesa,Calle Pueblo Vara Gruesa,07401,Linares,07,Maule,Servicio de Salud Del Maule,Municipal,-35.829975,-71.589966
116505,PSR,Posta de Salud Rural Lomas de Putagán,Calle Aldea Lomas de Putagán,07402,Colbún,07,Maule,Servicio de Salud Del Maule,Municipal,-35.828413,-71.446164
116481,PSR,Posta de Salud Rural Huimeo,Calle Caserío Huimeo,07403,Longaví,07,Maule,Servicio de Salud Del Maule,Municipal,-35.8268,-71.75442
116500,PSR,Posta de Salud Rural Santo Toribio,Calle Sector Santo Toribio,07201,Cauquenes,07,Maule,Servicio de Salud Del Maule,Municipal,-35.834129,-72.033336
116570,PSR,Posta de Salud Rural La Mina,"Calle Camino Internacional, Sector La Mina",07109,San Clemente,07,Maule,Servicio de Salud Del Maule,Municipal,-35.818226,-70.820148
200770,SUR,SUR El Álamo,"Calle Camino Internacional, Sector La Mina",07109,San Clemente,07,Maule,Servicio de Salud Del Maule,Municipal,-35.818345,-70.820292
116506,CECOSF,Centro Comunitario de Salud Familiar Pelluhue,"Calle Abdón Fuentealba, Pueblo de Pelluhue",07203,Pelluhue,07,Maule,Servicio de Salud Del Maule,Municipal,-35.81126,-72.57287
200350,PSR,Posta de Salud Rural Quinamávida,Calle Quinamávida,07402,Colbún,07,Maule,Servicio de Salud Del Maule,Municipal,-35.80495,-71.43757
116473,PSR,Posta de Salud Rural Palmilla (Linares),Calle Caserío Palmilla,07401,Linares,07,Maule,Servicio de Salud Del Maule,Municipal,-35.80374,-71.74299
116464,PSR,Posta de Salud Rural Caliboro,Calle Sector Caliboro,07406,San Javier,07,Maule,Servicio de Salud Del Maule,Municipal,-35.79157,-71.89095
116562,PSR,Posta de Salud Rural Las Toscas,Calle Caserío Las Toscas,07401,Linares,07,Maule,Servicio de Salud Del Maule,Municipal,-35.78144,-71.707689
116558,PSR,Posta de Salud Rural Lagunillas (Chanco),Calle Caserío Lagunillas,07202,Chanco,07,Maule,Servicio de Salud Del Maule,Municipal,-35.770361,-72.455236
116498,PSR,Posta de Salud Rural Tapihue,Calle Sector Tapihue,07201,Cauquenes,07,Maule,Servicio de Salud Del Maule,Municipal,-35.772709,-72.303509
116467,PSR,Posta de Salud Rural Putagán,Calle Aldea Putagán,07407,Villa Alegre,07,Maule,Servicio de Salud Del Maule,Municipal,-35.7642,-71.66773
200783,SUR,SUR Panimavida,Avenida Capitan Rebolledo,07402,Colbún,07,Maule,Servicio de Salud Del Maule,Municipal,-35.760574,-71.418192
116319,CESFAM,Centro de Salud Familiar Panimávida,Avenida Capitan Rebolledo,07402,Colbún,07,Maule,Servicio de Salud Del Maule,Municipal,-35.76048,-71.4183
116452,PSR,Posta de Salud Rural La Suiza,Calle Sector La Suiza,07109,San Clemente,07,Maule,Servicio de Salud Del Maule,Municipal,-35.758084,-71.001592
200780,SUR,SUR Yerbas Buenas,Avenida Marcial Cáceres 48,07408,Yerbas Buenas,07,Maule,Servicio de Salud Del Maule,Municipal,-35.75062,-71.588084
116318,CESFAM,Centro de Salud Familiar Ignacio Carrera Pinto,Avenida Marcial Cáceres 48,07408,Yerbas Buenas,07,Maule,Servicio de Salud Del Maule,Municipal,-35.75061,-71.58814
116547,PSR,Posta de Salud Rural Puipuyén,Calle Sector Puipuyén,07408,Yerbas Buenas,07,Maule,Servicio de Salud Del Maule,Municipal,-35.75013,-71.52812
116463,PSR,Posta de Salud Rural Melozal,Calle Aldea Melozal,07406,San Javier,07,Maule,Servicio de Salud Del Maule,Municipal,-35.73588,-71.80008
116559,PSR,Posta de Salud Rural Floresta,Calle Caserío La Floresta,07402,Colbún,07,Maule,Servicio de Salud Del Maule,Municipal,-35.71759,-71.48237
116539,PSR,Posta de Salud Rural El Cardonal,Calle Sector El Cardonal,07202,Chanco,07,Maule,Servicio de Salud Del Maule,Municipal,-35.71719,-72.42204
116563,PSR,Posta de Salud Rural Sauzal,Calle Aldea Sauzal,07201,Cauquenes,07,Maule,Servicio de Salud Del Maule,Municipal,-35.721347,-72.126494
200782,SUR,SUR Colbun,Calle Adolfo Novoa 236,07402,Colbún,07,Maule,Servicio de Salud Del Maule,Municipal,-35.697141,-71.402967
116317,CESFAM,Centro de Salud Familiar Alcalde Francisco Sepúlveda Salgado,Calle Adolfo Novoa 236,07402,Colbún,07,Maule,Servicio de Salud Del Maule,Municipal,-35.69707,-71.40322
116466,PSR,Posta de Salud Rural Estación,Calle Aldea Estación,07407,Villa Alegre,07,Maule,Servicio de Salud Del Maule,Municipal,-35.69406,-71.67643
116519,PSR,Posta de Salud Rural Esperanza,Calle Aldea Esperanza,07407,Villa Alegre,07,Maule,Servicio de Salud Del Maule,Municipal,-35.69204,-71.6157
200522,SAR,SAR Villa Alegre,Avenida Francisco Antonio Encina 131,07407,Villa Alegre,07,Maule,Servicio de Salud Del Maule,Municipal,-35.686114,-71.735372
116310,CESFAM,Centro de Salud Familiar Jorge del Campo Amaro,Avenida Francisco Antonio Encina 141,07407,Villa Alegre,07,Maule,Servicio de Salud Del Maule,Municipal,-35.68609,-71.73483
200619,PSR,Posta de Salud Rural Semillero,Calle Lote Uno B Subdelegación N°6 de Arquén,07408,Yerbas Buenas,07,Maule,Servicio de Salud Del Maule,Municipal,-35.67004,-71.46342
116462,PSR,Posta de Salud Rural Huerta,Calle Caserío Huerta,07406,San Javier,07,Maule,Servicio de Salud Del Maule,Municipal,-35.6618,-71.94937
116469,PSR,Posta de Salud Rural Peñuelas,Calle Aldea Peñuelas,07407,Villa Alegre,07,Maule,Servicio de Salud Del Maule,Municipal,-35.65242,-71.57929
116468,PSR,Posta de Salud Rural Lagunillas ( Villa Alegre ),Calle Aldea Lagunillas,07407,Villa Alegre,07,Maule,Servicio de Salud Del Maule,Municipal,-35.652272,-71.652963
116471,PSR,Posta de Salud Rural Maitencillo (Yerbas Buenas),Calle Sector Maitencillo Adentro,07408,Yerbas Buenas,07,Maule,Servicio de Salud Del Maule,Municipal,-35.65061,-71.5062
116430,PSR,Posta de Salud Rural El Colo,Calle Sector El Colo,07202,Chanco,07,Maule,Servicio de Salud Del Maule,Municipal,-35.64451,-72.49323
200771,SUR,SUR El Colorado,Calle Aldea El Colorado,07109,San Clemente,07,Maule,Servicio de Salud Del Maule,Municipal,-35.641248,-71.262043
116451,PSR,Posta de Salud Rural El Colorado,Calle Aldea El Colorado,07109,San Clemente,07,Maule,Servicio de Salud Del Maule,Municipal,-35.64119,-71.26199
200038,PSR,Posta de Salud Rural Alquihue,Calle Sector Alquihue,07406,San Javier,07,Maule,Servicio de Salud Del Maule,Municipal,-35.63957,-71.80996
116472,PSR,Posta de Salud Rural Maule Sur,Calle Aldea Maule Sur,07402,Colbún,07,Maule,Servicio de Salud Del Maule,Municipal,-35.63701,-71.402241
116465,PSR,Posta de Salud Rural El Sauce de San Javier,Calle Sector Pangal,07406,San Javier,07,Maule,Servicio de Salud Del Maule,Municipal,-35.62324,-71.67677
116764,CECOSF,Centro Comunitario de Salud Familiar Loma de Las Tortillas,Calle Loma de Las Tortillas,07407,Villa Alegre,07,Maule,Servicio de Salud Del Maule,Municipal,-35.62251,-71.74718
116470,PSR,Posta de Salud Rural Orilla de Maule,Calle Orilla del Maule kilómetro 4,07408,Yerbas Buenas,07,Maule,Servicio de Salud Del Maule,Municipal,-35.617693,-71.539769
116509,PSR,Posta de Salud Rural Pahuil,Calle Aldea Pahuil,07202,Chanco,07,Maule,Servicio de Salud Del Maule,Municipal,-35.61727,-72.56903
116342,CESFAM,Centro de Salud Familiar Dr. Carlos Díaz Gidi,Avenida Chorrillos Sur,07406,San Javier,07,Maule,Servicio de Salud Del Maule,Municipal,-35.60111,-71.73439
200781,SUR,SUR El Aromo,Calle Sector El Aromo,07406,San Javier,07,Maule,Servicio de Salud Del Maule,Municipal,-35.574794,-71.67211156
116763,CECOSF,Centro Comunitario de Salud Familiar San Pablo,Calle Enrique Ibáñez,07406,San Javier,07,Maule,Servicio de Salud Del Maule,Municipal,-35.59911,-71.74411
116453,PSR,Posta de Salud Rural Maitenes,Calle Caserío Maitenes,07109,San Clemente,07,Maule,Servicio de Salud Del Maule,Municipal,-35.589168,-71.429628
116553,PSR,Posta de Salud Rural Quilhuine,Calle Caserío Quilhuine,07202,Chanco,07,Maule,Servicio de Salud Del Maule,Municipal,-35.59355,-72.52816
116461,PSR,Posta de Salud Rural Villavicencio,Calle Sector Villavicencio,07406,San Javier,07,Maule,Servicio de Salud Del Maule,Municipal,-35.59292,-71.88953
116458,PSR,Posta de Salud Rural Buenos Aires,Calle Aldea Buenos Aires,07109,San Clemente,07,Maule,Servicio de Salud Del Maule,Municipal,-35.59268,-71.37028
116334,CESFAM,Centro de Salud Familiar Empedrado,Avenida Bueras,07104,Empedrado,07,Maule,Servicio de Salud Del Maule,Municipal,-35.59029,-72.28193
200777,SUR,SUR Empedrado,Avenida Bueras,07104,Empedrado,07,Maule,Servicio de Salud Del Maule,Municipal,-35.590225,-72.281722
116510,PSR,Posta de Salud Rural Loanco,Calle Sector Loanco,07202,Chanco,07,Maule,Servicio de Salud Del Maule,Municipal,-35.58938,-72.60991
116460,PSR,Posta de Salud Rural Rastrojos,Calle Caserío Rastrojos,07406,San Javier,07,Maule,Servicio de Salud Del Maule,Municipal,-35.58291,-72.11439
116450,PSR,Posta de Salud Rural Los Montes,Calle Aldea Los Montes,07109,San Clemente,07,Maule,Servicio de Salud Del Maule,Municipal,-35.57957,-71.26113
116518,PSR,Posta de Salud Rural El Aromo,Calle Sector El Aromo,07406,San Javier,07,Maule,Servicio de Salud Del Maule,Municipal,-35.574715,-71.671993
116448,PSR,Posta de Salud Rural Vilches,Calle Caserío Vilches Centro,07109,San Clemente,07,Maule,Servicio de Salud Del Maule,Municipal,-35.56697,-71.1707
116546,PSR,Posta de Salud Rural Chequén,Calle Aldea Chequén,07109,San Clemente,07,Maule,Servicio de Salud Del Maule,Municipal,-35.56551,-71.55958
116441,PSR,Posta de Salud Rural Duao de Maule,Calle Aldea Duao,07105,Maule,07,Maule,Servicio de Salud Del Maule,Municipal,-35.55673,-71.58827
116449,PSR,Posta de Salud Rural Corralones,Calle Aldea Corralones,07109,San Clemente,07,Maule,Servicio de Salud Del Maule,Municipal,-35.55233,-71.354818
116442,PSR,Posta de Salud Rural Quiñipeumo,Calle Sector Quiñipeumo,07105,Maule,07,Maule,Servicio de Salud Del Maule,Municipal,-35.55141,-71.63733
116459,PSR,Posta de Salud Rural Nirivilo,Calle Caserío Nirivilo,07406,San Javier,07,Maule,Servicio de Salud Del Maule,Municipal,-35.54227,-72.090252
200232,CECOSF,Centro Comunitario de Salud Familiar San Máximo,Calle Villa Las Rosas San Máximo,07109,San Clemente,07,Maule,Servicio de Salud Del Maule,Municipal,-35.542464,-71.485194
116813,SAR,SAR Luis Tobar Rojas,Avenida Huamachuco,07109,San Clemente,07,Maule,Servicio de Salud Del Maule,Municipal,-35.53597,-71.491996
116313,CESFAM,Centro de Salud Familiar Dr. Juan Carlos Baeza,Calle Los Espinos,07109,San Clemente,07,Maule,Servicio de Salud Del Maule,Municipal,-35.53589,-71.49258
116407,PSR,Posta de Salud Rural Pellines (Empedrado),Calle Sector Pellines,07104,Empedrado,07,Maule,Servicio de Salud Del Maule,Municipal,-35.535341,-72.287571
116447,PSR,Posta de Salud Rural Mariposas,Calle Aldea Mariposas,07109,San Clemente,07,Maule,Servicio de Salud Del Maule,Municipal,-35.52938,-71.42217
116314,CESFAM,Centro de Salud Familiar Practicante Julio Camilo Zamorano Sánchez,Calle Balmaceda 580,07105,Maule,07,Maule,Servicio de Salud Del Maule,Municipal,-35.52507,-71.69505
200776,SAPU,SAPU Maule,Calle Balmaceda 580,07105,Maule,07,Maule,Servicio de Salud Del Maule,Municipal,-35.524906,-71.672173
201095,COSAM,COSAM Raíces de Maule,Calle Balmaceda 490,07105,Maule,07,Maule,Servicio de Salud Del Maule,Servicio de Salud,-35.523709,-71.690987
116713,CECOSF,Centro Comunitario de Salud Familiar Chile Nuevo,Calle Los Almendros,07109,San Clemente,07,Maule,Servicio de Salud Del Maule,Municipal,-35.52001,-71.51601
116445,PSR,Posta de Salud Rural Punta de Diamante,Calle Caserío Punta de Diamante,07109,San Clemente,07,Maule,Servicio de Salud Del Maule,Municipal,-35.49522,-71.32119
116780,CECOSF,Centro Comunitario de Salud Familiar Aurora,Calle Jorge Alessandri,07109,San Clemente,07,Maule,Servicio de Salud Del Maule,Municipal,-35.493629,-71.527476
116520,PSR,Posta de Salud Rural Santa Elena (San Clemente),Calle Caserío Santa Elena,07109,San Clemente,07,Maule,Servicio de Salud Del Maule,Municipal,-35.48784,-71.466615
116446,PSR,Posta de Salud Rural Las Lomas (San Clemente ),Calle Caserío Las Lomas,07109,San Clemente,07,Maule,Servicio de Salud Del Maule,Municipal,-35.486234,-71.219334
116440,PSR,Posta de Salud Rural Colín,Calle Aldea Colín,07105,Maule,07,Maule,Servicio de Salud Del Maule,Municipal,-35.47586,-71.74423
116561,PSR,Posta de Salud Rural Mercedes,Calle Sector Mercedes,07101,Talca,07,Maule,Servicio de Salud Del Maule,Municipal,-35.47207,-71.55733
200767,SUR,SUR Mercedes,Calle Sector Mercedes,07101,Talca,07,Maule,Servicio de Salud Del Maule,Municipal,-35.472053,-71.557428
116542,PSR,Posta de Salud Rural Linares de Perales,Calle Caserío Linares de Perales,07105,Maule,07,Maule,Servicio de Salud Del Maule,Municipal,-35.46968,-71.84333
200233,CECOSF,Centro Comunitario de Salud Familiar Villa Francia,Calle 29 Sur 1038,07105,Maule,07,Maule,Servicio de Salud Del Maule,Municipal,-35.4596,-71.6633
116479,PSR,Posta de Salud Rural Las Cañas,Calle Aldea Las Cañas,07102,Constitución,07,Maule,Servicio de Salud Del Maule,Municipal,-35.475003,-72.501996
200768,SUR,SUR Santa Olga,Calle Pueblo Santa Olga,07102,Constitución,07,Maule,Servicio de Salud Del Maule,Municipal,-35.451167,-72.277477
116512,PSR,Posta de Salud Rural Santa Olga,Calle Pueblo Santa Olga,07102,Constitución,07,Maule,Servicio de Salud Del Maule,Municipal,-35.450711,-72.277106
116443,PSR,Posta de Salud Rural Peumo Negro,Calle Sector Peumo Negro,07109,San Clemente,07,Maule,Servicio de Salud Del Maule,Municipal,-35.44809,-71.41551
116307,CESFAM,Centro de Salud Familiar Dr. Julio Contardo Urzúa,Calle 15 Sur con 10 Oriente,07101,Talca,07,Maule,Servicio de Salud Del Maule,Municipal,-35.44752,-71.65486
116807,SAPU,SAPU Julio Contardo Urzúa,Calle 15 Sur con 10 Oriente 1630,07101,Talca,07,Maule,Servicio de Salud Del Maule,Municipal,-35.447479,-71.654579
200352,CECOSF,Centro Comunitario de Salud Familiar Carlos Trupp,Calle 12 1/2 Sur con 30 Oriente,07101,Talca,07,Maule,Servicio de Salud Del Maule,Municipal,-35.44597,-71.63614
200072,CESFAM,Centro de Salud Familiar Villa Magisterio,"Calle 21 Poniente 27 Sur, Villa Magisterio",07101,Talca,07,Maule,Servicio de Salud Del Maule,Municipal,-35.44263,-71.69844
116705,CECOSF,Centro Comunitario de Salud Familiar Brilla el Sol,Pasaje 12 ½ Sur 1250,07101,Talca,07,Maule,Servicio de Salud Del Maule,Municipal,-35.44113,-71.66165
116438,PSR,Posta de Salud Rural Corinto,Calle Corinto,07107,Pencahue,07,Maule,Servicio de Salud Del Maule,Municipal,-35.44049,-71.86583
116331,CESFAM,Centro de Salud Familiar Carlos Trupp,Calle 8 Sur,07101,Talca,07,Maule,Servicio de Salud Del Maule,Municipal,-35.44003,-71.63343
116831,SAR,SAR Carlos Trupp,Avenida Circunvalación 30 Oriente 461,07101,Talca,07,Maule,Servicio de Salud Del Maule,Municipal,-35.439942,-71.63321
116444,PSR,Posta de Salud Rural La Placeta,Calle Caserío La Placenta,07109,San Clemente,07,Maule,Servicio de Salud Del Maule,Municipal,-35.43823,-71.12586
116306,CESFAM,Centro de Salud Familiar La Florida,Avenida Los Nogales,07101,Talca,07,Maule,Servicio de Salud Del Maule,Municipal,-35.43577,-71.67828
116602,COSAM,COSAM Sin Fronteras,Avenida Los Nogales calle 14 sur,07101,Talca,07,Maule,Servicio de Salud Del Maule,Servicio de Salud,-35.43577,-71.67828
116806,SAR,SAR La Florida,"Avenida Los Nogales, 14 Sur",07101,Talca,07,Maule,Servicio de Salud Del Maule,Municipal,-35.435409,-71.678244
116439,PSR,Posta de Salud Rural Tanhuao,Calle Tanhuao,07107,Pencahue,07,Maule,Servicio de Salud Del Maule,Municipal,-35.4304,-71.97927
116766,CECOSF,Centro Comunitario de Salud Familiar Nuevo Horizonte,Calle 23 Oriente 5 Norte,07101,Talca,07,Maule,Servicio de Salud Del Maule,Municipal,-35.42643,-71.63093
116541,PSR,Posta de Salud Rural El Manzano (Pelarco ),Calle Sector El Manzano,07106,Pelarco,07,Maule,Servicio de Salud Del Maule,Municipal,-35.42124,-71.41523
200987,CESFAM,Centro de Salud Familiar Bicentenario,Calle Ramadillas de Lircay N° 3320,07101,Talca,07,Maule,Servicio de Salud Del Maule,Municipal,-35.419792,-71.60947
116343,CESFAM,Centro de Salud Familiar Faustino González,Calle 17 Oriente 2360,07101,Talca,07,Maule,Servicio de Salud Del Maule,Municipal,-35.418954,-71.637286
116760,CECOSF,Centro Comunitario de Salud Familiar Faustino González,Calle 14 Oriente 2096,07101,Talca,07,Maule,Servicio de Salud Del Maule,Municipal,-35.41779,-71.64283
116421,PSR,Posta de Salud Rural El Radal,Calle Caserío El Radal,07304,Molina,07,Maule,Servicio de Salud Del Maule,Municipal,-35.41422,-71.05508
116805,SAPU,SAPU José Dionisio Astaburuaga,Calle 6 y 7 Oriente con 12 Norte 1375,07101,Talca,07,Maule,Servicio de Salud Del Maule,Municipal,-35.412085,-71.654915
116305,CESFAM,Centro de Salud Familiar José Dionisio Astaburuaga,Calle 12 Norte,07101,Talca,07,Maule,Servicio de Salud Del Maule,Municipal,-35.41184,-71.65525
116731,CECOSF,Centro Comunitario de Salud Familiar Lo Figueroa,Calle Lo Figueroa,07107,Pencahue,07,Maule,Servicio de Salud Del Maule,Municipal,-35.40977,-71.75961
116840,SAR,SAR Las Américas,Calle 19 ½ Norte 1355,07101,Talca,07,Maule,Servicio de Salud Del Maule,Municipal,-35.404259,-71.647586
116340,CESFAM,Centro de Salud Familiar Las Américas,Calle 19 Norte 3000,07101,Talca,07,Maule,Servicio de Salud Del Maule,Municipal,-35.40348,-71.6474
200775,SUR,SUR Pencahue,Calle Fernando Parot Silva 148,07107,Pencahue,07,Maule,Servicio de Salud Del Maule,Municipal,-35.397854,-71.798241
116312,CESFAM,Centro de Salud Familiar Pencahue,Calle Fernando Parot Silva 148,07107,Pencahue,07,Maule,Servicio de Salud Del Maule,Municipal,-35.39771,-71.79808
116571,PSR,Posta de Salud Rural Santa Rita,Calle Sector Santa Rita 62,07106,Pelarco,07,Maule,Servicio de Salud Del Maule,Municipal,-35.39527,-71.53165
116552,PSR,Posta de Salud Rural Las Palmas de Toconey,Calle Las Palmas de Toconey,07107,Pencahue,07,Maule,Servicio de Salud Del Maule,Municipal,-35.392775,-72.049803
200773,SUR,SUR Pelarco,Calle Catedral 50,07106,Pelarco,07,Maule,Servicio de Salud Del Maule,Municipal,-35.382956,-71.446452
116534,PSR,Posta de Salud Rural Huencuecho,Calle Sector Huencuecho,07106,Pelarco,07,Maule,Servicio de Salud Del Maule,Municipal,-35.38313,-71.347708
116315,CESFAM,Centro de Salud Familiar Pelarco,Calle Catedral 50,07106,Pelarco,07,Maule,Servicio de Salud Del Maule,Municipal,-35.38275,-71.44662
116436,PSR,Posta de Salud Rural Carrizalillo (Constitución ),Calle Caserío Carrizalillo,07102,Constitución,07,Maule,Servicio de Salud Del Maule,Municipal,-35.35314,-72.15776
116332,CESFAM,Centro de Salud Familiar Cerro Alto,Calle Diagonal,07102,Constitución,07,Maule,Servicio de Salud Del Maule,Municipal,-35.341,-72.41731
200340,CECOSF,Centro Comunitario de Salud Familiar Chacarillas,Calle Piedra de la Iglesia 1040,07102,Constitución,07,Maule,Servicio de Salud Del Maule,Municipal,-35.34023,-72.42305
116572,PSR,Posta de Salud Rural Pangue Arriba,Calle Pangue Arriba,07110,San Rafael,07,Maule,Servicio de Salud Del Maule,Municipal,-35.33695,-71.43611
116832,SAR,SAR Constitución,Avenida Santa María 721,07102,Constitución,07,Maule,Servicio de Salud Del Maule,Municipal,-35.336625,-72.416548
200496,CESFAM,Centro de Salud Familiar Constitución,Avenida Santa María 465,07102,Constitución,07,Maule,Servicio de Salud Del Maule,Municipal,-35.33324,-72.417
200625,COSAM,COSAM Ayelén,Calle Bulnes esquina Cruz 595,07102,Constitución,07,Maule,Servicio de Salud Del Maule,Servicio de Salud,-35.331011,-72.408705
116543,PSR,Posta de Salud Rural Batuco,Calle Batuco,07107,Pencahue,07,Maule,Servicio de Salud Del Maule,Municipal,-35.32171,-71.95614
200774,SUR,SUR San Rafael,Avenida Oriente,07110,San Rafael,07,Maule,Servicio de Salud Del Maule,Municipal,-35.306356,-71.517781
116324,CESFAM,Centro de Salud Familiar San Rafael (San Rafael),Avenida Oriente,07110,San Rafael,07,Maule,Servicio de Salud Del Maule,Municipal,-35.30465,-71.51513
116316,CESFAM,Centro de Salud Familiar Cumpeo,Calle Casimiro Sepúlveda,07108,Río Claro,07,Maule,Servicio de Salud Del Maule,Municipal,-35.28284,-71.2557
200772,SUR,SUR Río Claro,Calle Casimiro Sepúlveda,07108,Río Claro,07,Maule,Servicio de Salud Del Maule,Municipal,-35.28283,-71.255588
116437,PSR,Posta de Salud Rural Botalcura,Calle Botalcura,07107,Pencahue,07,Maule,Servicio de Salud Del Maule,Municipal,-35.28182,-71.77433
116455,PSR,Posta de Salud Rural Gualleco,Calle Aldea Gualleco,07103,Curepto,07,Maule,Servicio de Salud Del Maule,Municipal,-35.24667,-71.98117
116435,PSR,Posta de Salud Rural Coipué (Curepto),Calle Sector Coipué,07103,Curepto,07,Maule,Servicio de Salud Del Maule,Municipal,-35.251358,-72.091573
116517,PSR,Posta de Salud Rural El Bolsico,Calle Aldea El Bolsico,07108,Río Claro,07,Maule,Servicio de Salud Del Maule,Municipal,-35.24497,-71.18642
116432,PSR,Posta de Salud Rural Camarico (Río Claro),Calle Aldea Camarico,07108,Río Claro,07,Maule,Servicio de Salud Del Maule,Municipal,-35.22298,-71.41954
116540,PSR,Posta de Salud Rural Los Robles (Río Claro),Calle Caserío Los Robles,07108,Río Claro,07,Maule,Servicio de Salud Del Maule,Municipal,-35.220625,-71.3679
116457,PSR,Posta de Salud Rural Putú,Calle Aldea Putú,07102,Constitución,07,Maule,Servicio de Salud Del Maule,Municipal,-35.21292,-72.28443
200769,SUR,SUR Putu,Calle Aldea Putú,07102,Constitución,07,Maule,Servicio de Salud Del Maule,Municipal,-35.212861,-72.284449
116434,PSR,Posta de Salud Rural Peñaflor,Calle Caserío Peñaflor,07108,Río Claro,07,Maule,Servicio de Salud Del Maule,Municipal,-35.21043,-71.25459
116422,PSR,Posta de Salud Rural El Yacal,Calle Caserío El Yacal,07304,Molina,07,Maule,Servicio de Salud Del Maule,Municipal,-35.19433,-71.1149
116454,PSR,Posta de Salud Rural Rapilermo,Calle Sector Rapilermo,07103,Curepto,07,Maule,Servicio de Salud Del Maule,Municipal,-35.18257,-71.84242
116417,PSR,Posta de Salud Rural Potrero Grande,Calle Sector Potrero Grande,07301,Curicó,07,Maule,Servicio de Salud Del Maule,Municipal,-35.18083,-71.10627
116525,PSR,Posta de Salud Rural Tres Esquinas (Molina),Calle Caserío Tres Esquinas,07304,Molina,07,Maule,Servicio de Salud Del Maule,Municipal,-35.16888,-71.21578
116433,PSR,Posta de Salud Rural Porvenir,Calle Aldea Porvenir,07108,Río Claro,07,Maule,Servicio de Salud Del Maule,Municipal,-35.16165,-71.28734
116420,PSR,Posta de Salud Rural Itahue,Calle Pueblo Itahue,07304,Molina,07,Maule,Servicio de Salud Del Maule,Municipal,-35.142474,-71.364783
116416,PSR,Posta de Salud Rural Upeo,Calle Caserío Upeo,07301,Curicó,07,Maule,Servicio de Salud Del Maule,Municipal,-35.126662,-71.035328
116418,PSR,Posta de Salud Rural Cordillerilla,Calle Sector Cordillerilla,07301,Curicó,07,Maule,Servicio de Salud Del Maule,Municipal,-35.12337,-71.14677
116419,PSR,Posta de Salud Rural Pichingal,Calle Aldea Pichingal,07304,Molina,07,Maule,Servicio de Salud Del Maule,Municipal,-35.11689,-71.21393
116411,PSR,Posta de Salud Rural Huaquén (Curepto),Calle Aldea Huaquén,07103,Curepto,07,Maule,Servicio de Salud Del Maule,Municipal,-35.11556,-71.69453
116521,PSR,Posta de Salud Rural Las Lomas (Curepto),Calle Sector Las Lomas,07103,Curepto,07,Maule,Servicio de Salud Del Maule,Municipal,-35.11471,-72.17559
116538,PSR,Posta de Salud Rural Estancilla,Calle Sector Estancilla,07103,Curepto,07,Maule,Servicio de Salud Del Maule,Municipal,-35.1085,-71.87314
200766,SUR,SUR Villa Prat,Calle Principal,07307,Sagrada Familia,07,Maule,Servicio de Salud Del Maule,Municipal,-35.095915,-71.614724
116326,CESFAM,Centro de Salud Familiar Villa Prat,Calle Principal,07307,Sagrada Familia,07,Maule,Servicio de Salud Del Maule,Municipal,-35.0959,-71.61474
116415,PSR,Posta de Salud Rural Chequenlemu,Calle Sector Chequenlemu,07301,Curicó,07,Maule,Servicio de Salud Del Maule,Municipal,-35.09197,-71.09292
201043,SUR,SUR La Huerta de Hualañé,Calle Aldea La Huerta,07302,Hualañé,07,Maule,Servicio de Salud Del Maule,Servicio de Salud,-35.089365,-71.656547
116424,PSR,Posta de Salud Rural La Huerta,Calle Sector La Huerta,07302,Hualañé,07,Maule,Servicio de Salud Del Maule,Municipal,-35.089337,-71.656578
200757,SUR,SUR Los Niches,Calle Villa Sta Elena,07301,Curicó,07,Maule,Servicio de Salud Del Maule,Municipal,-35.06974,-71.155069
116338,CESFAM,Centro de Salud Familiar Los Niches,Calle Villa Sta Elena,07301,Curicó,07,Maule,Servicio de Salud Del Maule,Municipal,-35.06962,-71.15513
116514,PSR,Posta de Salud Rural Los Quillayes (Sagrada Familia),Calle Los Quillayes,07307,Sagrada Familia,07,Maule,Servicio de Salud Del Maule,Municipal,-35.073788,-71.474495
116304,CESFAM,Centro de Salud Familiar Lontué,Avenida Hospital,07304,Molina,07,Maule,Servicio de Salud Del Maule,Municipal,-35.05585,-71.2742
200760,SUR,SUR Lontue,Avenida Hospital,07304,Molina,07,Maule,Servicio de Salud Del Maule,Municipal,-35.055843,-71.274091
116557,PSR,Posta de Salud Rural La Obra (Curicó),Calle Sector La Obra,07301,Curicó,07,Maule,Servicio de Salud Del Maule,Municipal,-35.0538,-71.22298
116533,PSR,Posta de Salud Rural Santa Rosa (Sagrada Familia),Calle Ulices Correa S/N Santa Rosa,07307,Sagrada Familia,07,Maule,Servicio de Salud Del Maule,Municipal,-35.03982,-71.30535
116405,PSR,Posta de Salud Rural Palquibudi,Calle Camino Público - Palquibudi,07305,Rauco,07,Maule,Servicio de Salud Del Maule,Municipal,-35.03344,-71.52889
116400,PSR,Posta de Salud Rural Limávida,Calle Sector Limávida,07103,Curepto,07,Maule,Servicio de Salud Del Maule,Municipal,-35.03169,-71.77015
116425,PSR,Posta de Salud Rural Lora,Calle Aldea Lora,07303,Licantén,07,Maule,Servicio de Salud Del Maule,Municipal,-35.02753,-72.07724
116456,PSR,Posta de Salud Rural Calpún,Calle Sector Calpún,07103,Curepto,07,Maule,Servicio de Salud Del Maule,Municipal,-35.02027,-72.03927
116408,PSR,Posta de Salud Rural Juan Carlos Conteras Muñoz,Calle Caserío El Peumal,07306,Romeral,07,Maule,Servicio de Salud Del Maule,Municipal,-35.0131,-71.05721
116544,PSR,Posta de Salud Rural El Porvenir,Calle Aldea El Porvenir,07301,Curicó,07,Maule,Servicio de Salud Del Maule,Municipal,-35.0031,-71.18899
116410,PSR,Posta de Salud Rural Los Queñes,Calle Aldea Los Queñes,07306,Romeral,07,Maule,Servicio de Salud Del Maule,Municipal,-34.99898,-70.81315
116801,SAR,SAR Aguas Negras,Avenida Balmaceda 455,07301,Curicó,07,Maule,Servicio de Salud Del Maule,Municipal,-34.998104,-71.248924
116325,CESFAM,Centro de Salud Familiar Sagrada Familia,Calle Presbitero Tomas Corres,07307,Sagrada Familia,07,Maule,Servicio de Salud Del Maule,Municipal,-35.00040329,-71.39091784
200765,SUR,SUR Sagrada Familia,Calle Presbitero Tomas Corres,07307,Sagrada Familia,07,Maule,Servicio de Salud Del Maule,Municipal,-34.997999,-71.387451
116703,CECOSF,Centro Comunitario de Salud Familiar Prosperidad,Calle Monte Patria 455,07301,Curicó,07,Maule,Servicio de Salud Del Maule,Municipal,-34.99598,-71.25466
116301,CESFAM,Centro de Salud Familiar Miguel Ángel Arenas López,Avenida Balmaceda 179,07301,Curicó,07,Maule,Servicio de Salud Del Maule,Municipal,-34.99057,-71.2488
200934,COSAM,COSAM Rayün,Calle Población Río Elqui Callejón 11 de Septiembre 1137,07301,Curicó,07,Maule,Servicio de Salud Del Maule,Servicio de Salud,-34.981182,-71.245271
116409,PSR,Posta de Salud Rural Clara Sanhueza Matamala,Calle Sector El Calabozo,07306,Romeral,07,Maule,Servicio de Salud Del Maule,Municipal,-34.978528,-70.983239
116802,SAR,SAR Bombero Garrido,Calle Apóstol Andrés 2075,07301,Curicó,07,Maule,Servicio de Salud Del Maule,Municipal,-34.977179,-71.264039
116803,SAPU,SAPU Curicó Centro,Calle Freire 189,07301,Curicó,07,Maule,Servicio de Salud Del Maule,Municipal,-34.976651,-71.237891
116303,CESFAM,Centro de Salud Familiar Curicó Centro,Avenida Freire 189,07301,Curicó,07,Maule,Servicio de Salud Del Maule,Municipal,-34.97649,-71.23778
116300,CESFAM,Centro De Salud Familiar A.S. Betty Muñoz Arce (Ex Sol de Septiembre),Calle Piloto Marcelo Oxilia 1550,07301,Curicó,07,Maule,Servicio de Salud Del Maule,Municipal,-34.97605,-71.21886
116302,CESFAM,Centro de Salud Familiar Colón,Calle Balmaceda,07301,Curicó,07,Maule,Servicio de Salud Del Maule,Municipal,-34.97288,-71.24795
116403,PSR,Posta de Salud Rural El Manzano ( Teno),Calle Sector El Manzano,07308,Teno,07,Maule,Servicio de Salud Del Maule,Municipal,-34.97237,-70.92763
116528,PSR,Posta de Salud Rural La Pesca,Calle Sector La Pesca,07303,Licantén,07,Maule,Servicio de Salud Del Maule,Municipal,-34.96583,-72.18398
116413,PSR,Posta de Salud Rural Tutuquén,Calle Sector Tutuquén,07301,Curicó,07,Maule,Servicio de Salud Del Maule,Municipal,-34.980201,-71.345423
200764,SUR,SUR Romeral,Pasaje Luis Saiz Romeral 196,07306,Romeral,07,Maule,Servicio de Salud Del Maule,Municipal,-34.95981,-71.127052
116328,CESFAM,Centro de Salud Familiar EU Nancy González Díaz de Romeral,Pasaje Luis Saiz Romeral 196,07306,Romeral,07,Maule,Servicio de Salud Del Maule,Municipal,-34.95238,-71.12284
116761,CECOSF,Centro Comunitario de Salud Familiar Doña Carmen de Sarmiento,Calle Villa Doña Carmen Los Pensamientos 579,07301,Curicó,07,Maule,Servicio de Salud Del Maule,Municipal,-34.94485,-71.20368
116529,PSR,Posta de Salud Rural Barba Rubia,Calle Sector Barba Rubia,07302,Hualañé,07,Maule,Servicio de Salud Del Maule,Municipal,-34.94422,-71.652568
116330,CESFAM,Centro de Salud Familiar Sarmiento,Calle Volcán Calbuco,07301,Curicó,07,Maule,Servicio de Salud Del Maule,Municipal,-34.93733,-71.19522
200758,SUR,SUR Sarmiento,Calle Volcán Calbuco,07301,Curicó,07,Maule,Servicio de Salud Del Maule,Municipal,-34.937184,-71.19523
116427,PSR,Posta de Salud Rural Iloca,Calle Pueblo de Iloca,07303,Licantén,07,Maule,Servicio de Salud Del Maule,Municipal,-34.934335,-72.180503
200761,SUR,SUR Iloca,Calle Pueblo de Iloca,07303,Licantén,07,Maule,Servicio de Salud Del Maule,Municipal,-34.934421,-72.18039
200763,SUR,SUR Rauco,Avenida Bernardo O'Higgins,07305,Rauco,07,Maule,Servicio de Salud Del Maule,Municipal,-34.923461,-71.317285
116333,CESFAM,Centro de Salud Familiar Rauco,Avenida Bernardo O'Higgins,07305,Rauco,07,Maule,Servicio de Salud Del Maule,Municipal,-34.92345,-71.31737
116406,PSR,Posta de Salud Rural El Parrón,Calle Camino Público - El Parrón,07305,Rauco,07,Maule,Servicio de Salud Del Maule,Municipal,-34.92166,-71.50868
116404,PSR,Posta de Salud Rural Santa Blanca,Calle Sector Santa Blanca,07308,Teno,07,Maule,Servicio de Salud Del Maule,Municipal,-34.9201,-71.0291
116426,PSR,Posta de Salud Rural Duao de Licantén,Calle Pueblo de Licantén,07303,Licantén,07,Maule,Servicio de Salud Del Maule,Municipal,-34.88754,-72.17141
116569,PSR,Posta de Salud Rural El Plumero,Calle Población Quicharco - Sector El Plumero,07305,Rauco,07,Maule,Servicio de Salud Del Maule,Municipal,-34.884253,-71.278953
200762,SUR,SUR Vichuquén,Calle Luis Cruz Martínez,07309,Vichuquén,07,Maule,Servicio de Salud Del Maule,Municipal,-34.878802,-71.994221
116327,CESFAM,Centro de Salud Familiar Vichuquén,Calle Luis Cruz Martínez,07309,Vichuquén,07,Maule,Servicio de Salud Del Maule,Municipal,-34.87872,-71.99417
116530,PSR,Posta de Salud Rural Espinalillo,Calle Sector Espinalillo,07302,Hualañé,07,Maule,Servicio de Salud Del Maule,Municipal,-34.874316,-71.865613
115438,PSR,Posta de Salud Rural Huemul (Chimbarongo),Calle Caserío Huemul del Medio,06303,Chimbarongo,06,Libertador Gral. B. O'Higgins,Servicio de Salud Del Libertador B.O'Higgins,Municipal,-34.85294,-70.96929
116429,PSR,Posta de Salud Rural Lipimávida,Calle Caserío Limpimávida,07309,Vichuquén,07,Maule,Servicio de Salud Del Maule,Municipal,-34.84945,-72.14189
116336,CESFAM,Centro de Salud Familiar Comalle,Calle Capellania,07308,Teno,07,Maule,Servicio de Salud Del Maule,Municipal,-34.8478,-71.27054
116554,PSR,Posta de Salud Rural Raúl Folleraux,Calle Sector Raúl Folleraux,07308,Teno,07,Maule,Servicio de Salud Del Maule,Municipal,-34.84004,-71.10383
115475,PSR,Posta de Salud Rural Ranguil,Calle Caserío Ranguil,06304,Lolol,06,Libertador Gral. B. O'Higgins,Servicio de Salud Del Libertador B.O'Higgins,Municipal,-34.832617,-71.698581
116335,CESFAM,Centro de Salud Familiar Morza,Calle Sector Morza,07308,Teno,07,Maule,Servicio de Salud Del Maule,Municipal,-34.82228,-71.02083
200759,SUR,SUR Morza,Calle Sector Morza,07308,Teno,07,Maule,Servicio de Salud Del Maule,Municipal,-34.822251,-71.020763
116401,PSR,Posta de Salud Rural Monterilla,Calle Aldea Monterilla - El Eucaliptus,07308,Teno,07,Maule,Servicio de Salud Del Maule,Municipal,-34.822286,-71.069641
115459,PSR,Posta de Salud Rural El Membrillo,Calle Caserío El Membrillo,06304,Lolol,06,Libertador Gral. B. O'Higgins,Servicio de Salud Del Libertador B.O'Higgins,Municipal,-34.8056,-71.62767
115482,PSR,Posta de Salud Rural Peor Es Nada,Calle Peor Es Nada,06303,Chimbarongo,06,Libertador Gral. B. O'Higgins,Servicio de Salud Del Libertador B.O'Higgins,Municipal,-34.79151,-71.04498
115439,PSR,Posta de Salud Rural Codegua,Calle Aldea de Codegua,06303,Chimbarongo,06,Libertador Gral. B. O'Higgins,Servicio de Salud Del Libertador B.O'Higgins,Municipal,-34.77133,-70.94791
115468,PSR,Posta de Salud Rural San Pedro de Alcántara,Calle Aldea San Pedro de Alcántara,06206,Paredones,06,Libertador Gral. B. O'Higgins,Servicio de Salud Del Libertador B.O'Higgins,Municipal,-34.7708,-71.83608
115465,PSR,Posta de Salud Rural Auquinco,Calle Pueblo Auquinco,06302,Chepica,06,Libertador Gral. B. O'Higgins,Servicio de Salud Del Libertador B.O'Higgins,Municipal,-34.76967,-71.1902
116431,PSR,Posta de Salud Rural Rarín,Calle Sector Rarín,07309,Vichuquén,07,Maule,Servicio de Salud Del Maule,Municipal,-34.77287,-71.925358
115470,PSR,Posta de Salud Rural Candelaria ( Chépica),Calle Caserío Candelaria,06302,Chepica,06,Libertador Gral. B. O'Higgins,Servicio de Salud Del Libertador B.O'Higgins,Municipal,-34.767257,-71.422754
116428,PSR,Posta de Salud Rural Llico de Vichuquén,Calle Pueblo de Llico,07309,Vichuquén,07,Maule,Servicio de Salud Del Maule,Municipal,-34.76472,-72.07862
115466,PSR,Posta de Salud Rural Orilla de Auquinco,"Calle Orilla de Auquinco, Pueblo de Auquinco",06302,Chepica,06,Libertador Gral. B. O'Higgins,Servicio de Salud Del Libertador B.O'Higgins,Municipal,-34.74725,-71.19042
115315,CESFAM,Centro de Salud Familiar Chépica,Calle 18 de Septiembre,06302,Chepica,06,Libertador Gral. B. O'Higgins,Servicio de Salud Del Libertador B.O'Higgins,Municipal,-34.73351,-71.26817
200855,SUR,SUR Chépica,Calle 18 de Septiembre,06302,Chepica,06,Libertador Gral. B. O'Higgins,Servicio de Salud Del Libertador B.O'Higgins,Municipal,-34.733507,-71.268165
115480,PSR,Posta de Salud Rural La Cabaña,Calle Sector la Cabaña,06304,Lolol,06,Libertador Gral. B. O'Higgins,Servicio de Salud Del Libertador B.O'Higgins,Municipal,-34.72209,-71.56817
115440,PSR,Posta de Salud Rural San Juan de La Sierra,Calle Caserío San Juan de la Sierra,06303,Chimbarongo,06,Libertador Gral. B. O'Higgins,Servicio de Salud Del Libertador B.O'Higgins,Municipal,-34.69874,-70.92966
115443,PSR,Posta de Salud Rural Quinahue,Calle Aldea Quinahue,06310,Santa Cruz,06,Libertador Gral. B. O'Higgins,Servicio de Salud Del Libertador B.O'Higgins,Municipal,-34.69254,-71.31729
116549,PSR,Posta de Salud Rural Boyeruca,Calle Caserío Boyecura,07309,Vichuquén,07,Maule,Servicio de Salud Del Maule,Municipal,-34.68829,-72.04825
115434,PSR,Posta de Salud Rural Puente Negro,"Calle Camino Internacional, Aldea Puente Negro",06301,San Fernando,06,Libertador Gral. B. O'Higgins,Servicio de Salud Del Libertador B.O'Higgins,Municipal,-34.685018,-70.873413
115442,PSR,Posta de Salud Rural Puquillay Bajo,Calle Aldea Puquillay Bajo,06305,Nancagua,06,Libertador Gral. B. O'Higgins,Servicio de Salud Del Libertador B.O'Higgins,Municipal,-34.68396,-71.20079
115471,PSR,Posta de Salud Rural Puquillay Alto,Calle Ignacio Valdés,06305,Nancagua,06,Libertador Gral. B. O'Higgins,Servicio de Salud Del Libertador B.O'Higgins,Municipal,-34.67449,-71.18159
115450,PSR,Posta de Salud Rural Guindo Alto,"Calle Guindo Alto, Caserío Camino al Guindo",06310,Santa Cruz,06,Libertador Gral. B. O'Higgins,Servicio de Salud Del Libertador B.O'Higgins,Municipal,-34.66773,-71.29579
115473,PSR,Posta de Salud Rural Nilahue Cornejo,Calle Aldea Nilahue Cornejo,06309,Pumanque,06,Libertador Gral. B. O'Higgins,Servicio de Salud Del Libertador B.O'Higgins,Municipal,-34.65564,-71.74047
115435,PSR,Posta de Salud Rural La Dehesa,Calle Aldea La Dehesa,06308,Placilla,06,Libertador Gral. B. O'Higgins,Servicio de Salud Del Libertador B.O'Higgins,Municipal,-34.65473,-71.11445
115437,PSR,Posta de Salud Rural Tinguiririca,"Calle Manuel Rodríguez, Pueblo Tinguiririca",06303,Chimbarongo,06,Libertador Gral. B. O'Higgins,Servicio de Salud Del Libertador B.O'Higgins,Municipal,-34.65204,-70.97634
115328,CESFAM,Centro de Salud Familiar Cunaco,Calle Pueblo de Cunaco,06305,Nancagua,06,Libertador Gral. B. O'Higgins,Servicio de Salud Del Libertador B.O'Higgins,Municipal,-34.65137,-71.28386
115436,PSR,Posta de Salud Rural Agua Buena,Calle J. Fernández,06301,San Fernando,06,Libertador Gral. B. O'Higgins,Servicio de Salud Del Libertador B.O'Higgins,Municipal,-34.650289,-70.852744
115467,PSR,Posta de Salud Rural Bucalemu (Paredones),Calle Pueblo de Bucalemu,06206,Paredones,06,Libertador Gral. B. O'Higgins,Servicio de Salud Del Libertador B.O'Higgins,Municipal,-34.64562,-72.03257
115316,CESFAM,Centro de Salud Familiar Paredones,Avenida Dr. Moore 84,06206,Paredones,06,Libertador Gral. B. O'Higgins,Servicio de Salud Del Libertador B.O'Higgins,Municipal,-34.6428,-71.8987
200857,SUR,SUR Paredones,Avenida Dr. Moore 84,06206,Paredones,06,Libertador Gral. B. O'Higgins,Servicio de Salud Del Libertador B.O'Higgins,Municipal,-34.642803,-71.898699
115601,COSAM,COSAM Santa Cruz,Pasaje Los Língues 125,06310,Santa Cruz,06,Libertador Gral. B. O'Higgins,Servicio de Salud Del Libertador B.O'Higgins,Municipal,-34.640304,-71.370021
115318,CESFAM,CESFAM  Placilla,Calle Oscar Gajardo 84,06308,Placilla,06,Libertador Gral. B. O'Higgins,Servicio de Salud Del Libertador B.O'Higgins,Municipal,-34.63918,-71.117
200853,SUR,SUR Placilla,Calle Oscar Gajardo 84,06308,Placilla,06,Libertador Gral. B. O'Higgins,Servicio de Salud Del Libertador B.O'Higgins,Municipal,-34.639175,-71.117002
200623,SAR,SAR Santa Cruz,Calle Cabello 250,06310,Santa Cruz,06,Libertador Gral. B. O'Higgins,Servicio de Salud Del Libertador B.O'Higgins,Municipal,-34.634649,-71.368656
115319,CESFAM,Centro de Salud Familiar Santa Cruz,Avenida Diego Portales 625,06310,Santa Cruz,06,Libertador Gral. B. O'Higgins,Servicio de Salud Del Libertador B.O'Higgins,Municipal,-34.6344,-71.36903
200288,CECOSF,Centro Comunitario de Salud Familiar Paniahue,"Calle Camilo Henríquez, Paniahue 360",06310,Santa Cruz,06,Libertador Gral. B. O'Higgins,Servicio de Salud Del Libertador B.O'Higgins,Municipal,-34.626329,-71.352848
115441,PSR,Posta de Salud Rural Yáquil,Calle Aldea Yáquil,06305,Nancagua,06,Libertador Gral. B. O'Higgins,Servicio de Salud Del Libertador B.O'Higgins,Municipal,-34.62343,-71.17884
115449,PSR,Posta de Salud Rural Apalta,Calle Sector Apalta,06310,Santa Cruz,06,Libertador Gral. B. O'Higgins,Servicio de Salud Del Libertador B.O'Higgins,Municipal,-34.62065,-71.2671
115478,PSR,Posta de Salud Rural Lo Moscoso,Calle Aldea Lo Moscoso,06308,Placilla,06,Libertador Gral. B. O'Higgins,Servicio de Salud Del Libertador B.O'Higgins,Municipal,-34.60379,-71.110004
115323,CESFAM,Centro de Salud Familiar Oriente de San Fernando,Calle José Miguel Carrera,06301,San Fernando,06,Libertador Gral. B. O'Higgins,Servicio de Salud Del Libertador B.O'Higgins,Municipal,-34.5966,-70.97087
115823,SAPU,SAPU Oriente de San Fernando,Calle José Miguel Carrera,06301,San Fernando,06,Libertador Gral. B. O'Higgins,Servicio de Salud Del Libertador B.O'Higgins,Municipal,-34.596419,-70.970892
115445,CESFAM,Centro de Salud Familiar de Palmilla,Calle Ignacio Carrera Pinto,06306,Palmilla,06,Libertador Gral. B. O'Higgins,Servicio de Salud Del Libertador B.O'Higgins,Municipal,-34.59587,-71.36083
115452,PSR,Posta de Salud Rural Pumanque,Calle Aldea Camino Población,06309,Pumanque,06,Libertador Gral. B. O'Higgins,Servicio de Salud Del Libertador B.O'Higgins,Municipal,-34.5958,-71.64891
115444,PSR,Posta de Salud Rural Isla de Yáquil,Calle Aldea Isla de Yáquil,06310,Santa Cruz,06,Libertador Gral. B. O'Higgins,Servicio de Salud Del Libertador B.O'Higgins,Municipal,-34.59454,-71.42891
115432,PSR,Posta de Salud Rural Roma,Calle Aldea Roma de San José de Los Lingues,06301,San Fernando,06,Libertador Gral. B. O'Higgins,Servicio de Salud Del Libertador B.O'Higgins,Municipal,-34.582367,-70.910144
200145,SAPU,SAPU Centro,Calle Manso de Velasco,06301,San Fernando,06,Libertador Gral. B. O'Higgins,Servicio de Salud Del Libertador B.O'Higgins,Municipal,-34.574329,-70.991749
115317,CESFAM,Centro de Salud Familiar Chacabuco,Calle Manso de Velasco,06301,San Fernando,06,Libertador Gral. B. O'Higgins,Servicio de Salud Del Libertador B.O'Higgins,Municipal,-34.57419,-70.99197
115717,CECOSF,Centro Comunitario de Salud Familiar Consultorio Chacabuco,Calle Avelino Barros,06301,San Fernando,06,Libertador Gral. B. O'Higgins,Servicio de Salud Del Libertador B.O'Higgins,Municipal,-34.57412,-71.00103
115421,PSR,Posta de Salud Rural Las Viñas,Calle Sector Las Viñas,06206,Paredones,06,Libertador Gral. B. O'Higgins,Servicio de Salud Del Libertador B.O'Higgins,Municipal,-34.54991,-71.906731
200491,CECOSF,Centro Comunitario de Salud Familiar Angostura,"Calle Las Américas, sector Angostura",06301,San Fernando,06,Libertador Gral. B. O'Higgins,Servicio de Salud Del Libertador B.O'Higgins,Municipal,-34.54288,-70.97026
115446,PSR,Posta de Salud Rural Pupilla,Calle Aldea Pupilla,06306,Palmilla,06,Libertador Gral. B. O'Higgins,Servicio de Salud Del Libertador B.O'Higgins,Municipal,-34.53217,-71.38892
115447,PSR,Posta de Salud Rural San José del Carmen,Calle Aldea San José del Carmen,06306,Palmilla,06,Libertador Gral. B. O'Higgins,Servicio de Salud Del Libertador B.O'Higgins,Municipal,-34.52297,-71.37203
115455,PSR,Posta de Salud Rural Molineros,Calle Caserío Molineros,06309,Pumanque,06,Libertador Gral. B. O'Higgins,Servicio de Salud Del Libertador B.O'Higgins,Municipal,-34.518666,-71.59326
115426,PSR,Posta de Salud Rural Rinconada,Calle Aldea Rinconada,06117,San Vicente,06,Libertador Gral. B. O'Higgins,Servicio de Salud Del Libertador B.O'Higgins,Municipal,-34.49716,-71.07368
115484,PSR,Posta de Salud Rural Idahue,Calle Idahue,06117,San Vicente,06,Libertador Gral. B. O'Higgins,Servicio de Salud Del Libertador B.O'Higgins,Municipal,-34.482215,-71.201724
115461,PSR,Posta de Salud Rural Alto Ramírez,Calle Caserío Alto Ramírez,06201,Pichilemu,06,Libertador Gral. B. O'Higgins,Servicio de Salud Del Libertador B.O'Higgins,Municipal,-34.480679,-71.906179
115313,CESFAM,Centro de Salud Familiar Peralillo,Calle Cardenal Caro,06307,Peralillo,06,Libertador Gral. B. O'Higgins,Servicio de Salud Del Libertador B.O'Higgins,Municipal,-34.47798,-71.47711
200850,SUR,SUR Peralillo,Calle Cardenal Caro,06307,Peralillo,06,Libertador Gral. B. O'Higgins,Servicio de Salud Del Libertador B.O'Higgins,Municipal,-34.477982,-71.477109
115427,PSR,Posta de Salud Rural El Tambo,Calle Pueblo El Tambo,06117,San Vicente,06,Libertador Gral. B. O'Higgins,Servicio de Salud Del Libertador B.O'Higgins,Municipal,-34.4759,-70.98062
115448,PSR,Posta de Salud Rural Santa Irene,Calle Aldea Santa Irene,06306,Palmilla,06,Libertador Gral. B. O'Higgins,Servicio de Salud Del Libertador B.O'Higgins,Municipal,-34.4759,-71.31025
115458,PSR,Posta de Salud Rural Cahuil,Calle Sector Cahuil,06201,Pichilemu,06,Libertador Gral. B. O'Higgins,Servicio de Salud Del Libertador B.O'Higgins,Municipal,-34.474647,-72.021953
115454,PSR,Posta de Salud Rural Los Cardos,Calle Caserío Los Cardos,06307,Peralillo,06,Libertador Gral. B. O'Higgins,Servicio de Salud Del Libertador B.O'Higgins,Municipal,-34.46446,-71.39778
115326,CESFAM,Centro de Salud Familiar de Pelequen,Calle Pueblo de Pelequen,06109,Malloa,06,Libertador Gral. B. O'Higgins,Servicio de Salud Del Libertador B.O'Higgins,Municipal,-34.46134,-70.89436
115453,PSR,Posta de Salud Rural Población,"Calle Santísima Trinidad, Pueblo de Población",06307,Peralillo,06,Libertador Gral. B. O'Higgins,Servicio de Salud Del Libertador B.O'Higgins,Municipal,-34.44879,-71.55003
115325,CESFAM,Centro de Salud Familiar de Malloa,Calle Bernales 127,06109,Malloa,06,Libertador Gral. B. O'Higgins,Servicio de Salud Del Libertador B.O'Higgins,Municipal,-34.44145,-70.9443
200862,SUR,SUR de Malloa,Calle Bernales 127,06109,Malloa,06,Libertador Gral. B. O'Higgins,Servicio de Salud Del Libertador B.O'Higgins,Municipal,-34.441445,-70.944302
200719,SAR,SAR San Vicente de Tagua Tagua,Calle General Velasquez 167,06117,San Vicente,06,Libertador Gral. B. O'Higgins,Servicio de Salud Del Libertador B.O'Higgins,Municipal,-34.439959,-70.992248
200075,CESFAM,Centro de Salud Familiar San Vicente de Tagua Tagua,Avenida Central 460,06117,San Vicente,06,Libertador Gral. B. O'Higgins,Servicio de Salud Del Libertador B.O'Higgins,Municipal,-34.43789,-71.07215
115417,PSR,Posta de Salud Rural Popeta,"Calle La Granja, Caserío Popeta",06115,Rengo,06,Libertador Gral. B. O'Higgins,Servicio de Salud Del Libertador B.O'Higgins,Municipal,-34.43388,-70.79195
115425,PSR,Posta de Salud Rural Pencahue,Calle Aldea Pencahue,06117,San Vicente,06,Libertador Gral. B. O'Higgins,Servicio de Salud Del Libertador B.O'Higgins,Municipal,-34.427856,-71.167482
115428,PSR,Posta de Salud Rural Larmahue,Calle Aldea de Larmahue,06113,Pichidegua,06,Libertador Gral. B. O'Higgins,Servicio de Salud Del Libertador B.O'Higgins,Municipal,-34.41452,-71.22743
200632,CESFAM,Centro de Salud Familiar Rengo Consejal Gavino Martinez Maturana,Calle Quintalba 610,06115,Rengo,06,Libertador Gral. B. O'Higgins,Servicio de Salud Del Libertador B.O'Higgins,Municipal,-34.40961,-70.85009
115429,PSR,Posta de Salud Rural Santa Amelia,Calle Sector Santa Amelia,06113,Pichidegua,06,Libertador Gral. B. O'Higgins,Servicio de Salud Del Libertador B.O'Higgins,Municipal,-34.40851,-71.30117
115419,PSR,Posta de Salud Rural Corcolén,Calle Aldea Corcolén,06109,Malloa,06,Libertador Gral. B. O'Higgins,Servicio de Salud Del Libertador B.O'Higgins,Municipal,-34.40785,-71.001
115476,PSR,Posta de Salud Rural San Roberto,Calle Aldea San Roberto,06113,Pichidegua,06,Libertador Gral. B. O'Higgins,Servicio de Salud Del Libertador B.O'Higgins,Municipal,-34.40309,-71.36671
115456,PSR,Posta de Salud Rural Calleuque,Calle Caserío Calleuque,06307,Peralillo,06,Libertador Gral. B. O'Higgins,Servicio de Salud Del Libertador B.O'Higgins,Municipal,-34.401827,-71.432661
115418,PSR,Posta de Salud Rural Cerrillos (Rengo),Avenida Bernardo O'Higgins,06115,Rengo,06,Libertador Gral. B. O'Higgins,Servicio de Salud Del Libertador B.O'Higgins,Municipal,-34.39727,-70.78181
200562,SAR,SAR Dr. Rienzi Valencia,Avenida Arturo Prat 1850,06115,Rengo,06,Libertador Gral. B. O'Higgins,Servicio de Salud Del Libertador B.O'Higgins,Municipal,-34.394698,-70.851097
115329,CESFAM,Centro de Salud Familiar Rengo,Avenida Arturo Prat 1850,06115,Rengo,06,Libertador Gral. B. O'Higgins,Servicio de Salud Del Libertador B.O'Higgins,Municipal,-34.39435,-70.8506
115472,PSR,Posta de Salud Rural Lo Cartagena,Calle Aldea Lo Cartagena,06115,Rengo,06,Libertador Gral. B. O'Higgins,Servicio de Salud Del Libertador B.O'Higgins,Municipal,-34.38231,-70.87162
115420,PSR,Posta de Salud Rural Lo de Lobos,Calle Caserío Lo de Lobo,06115,Rengo,06,Libertador Gral. B. O'Higgins,Servicio de Salud Del Libertador B.O'Higgins,Municipal,-34.37844,-70.81404
115424,PSR,Posta de Salud Rural Zúñiga,Calle El Manzano,06117,San Vicente,06,Libertador Gral. B. O'Higgins,Servicio de Salud Del Libertador B.O'Higgins,Municipal,-34.364792,-71.099934
115712,CECOSF,Centro Comunitario de Salud Familiar Guacarhue,Calle José María Caro,06114,Quinta de Tilcoco,06,Libertador Gral. B. O'Higgins,Servicio de Salud Del Libertador B.O'Higgins,Municipal,-34.35577,-71.0163
115469,PSR,Posta de Salud Rural Rinconada de Alcones,Calle Aldea Rinconada de Alcones,06204,Marchihue,06,Libertador Gral. B. O'Higgins,Servicio de Salud Del Libertador B.O'Higgins,Municipal,-34.35571,-71.73477
115312,CESFAM,Centro de Salud Familiar Quinta de Tilcoco,Avenida Jaime Barrientos 302,06114,Quinta de Tilcoco,06,Libertador Gral. B. O'Higgins,Servicio de Salud Del Libertador B.O'Higgins,Municipal,-34.35329,-70.96577
115322,CESFAM,Centro de Salud Familiar Rosario,Calle San Ignacio,06115,Rengo,06,Libertador Gral. B. O'Higgins,Servicio de Salud Del Libertador B.O'Higgins,Municipal,-34.34891,-70.83763
200147,SAPU,SAPU Rosario,Calle San Ignacio 145,06115,Rengo,06,Libertador Gral. B. O'Higgins,Servicio de Salud Del Libertador B.O'Higgins,Municipal,-34.348629,-70.837337
115410,PSR,Posta de Salud Rural Totihue,Calle Sector Totihue,06116,Requínoa,06,Libertador Gral. B. O'Higgins,Servicio de Salud Del Libertador B.O'Higgins,Municipal,-34.33611,-70.7661
200225,PSR,Posta de Salud Rural Esmeralda,"Calle Camino Rosario ? Quinta de Tilcoco, Sector Esmeralda 5891",06115,Rengo,06,Libertador Gral. B. O'Higgins,Servicio de Salud Del Libertador B.O'Higgins,Municipal,-34.330563,-70.900765
115430,PSR,Posta de Salud Rural Patagua Orilla,Calle Aldea Patagua Orilla,06113,Pichidegua,06,Libertador Gral. B. O'Higgins,Servicio de Salud Del Libertador B.O'Higgins,Municipal,-34.31275,-71.34112
115431,PSR,Posta de Salud Rural Patagua Cerro,Calle Aldea Patagua Cerro,06113,Pichidegua,06,Libertador Gral. B. O'Higgins,Servicio de Salud Del Libertador B.O'Higgins,Municipal,-34.30771,-71.38972
115331,CESFAM,Centro de Salud Familiar La Esperanza,Calle Isla 18,06112,Peumo,06,Libertador Gral. B. O'Higgins,Servicio de Salud Del Libertador B.O'Higgins,Municipal,-34.30541,-71.27108
200864,SUR,SUR Peumo,Calle Isla 18,06112,Peumo,06,Libertador Gral. B. O'Higgins,Servicio de Salud Del Libertador B.O'Higgins,Municipal,-34.305412,-71.271083
115477,PSR,Posta de Salud Rural San José de Marchigue,Calle Aldea San José de Marchihue,06113,Pichidegua,06,Libertador Gral. B. O'Higgins,Servicio de Salud Del Libertador B.O'Higgins,Municipal,-34.2956,-71.43905
115457,PSR,Posta de Salud Rural Pailimo,Calle Caserío Pailimo,06204,Marchihue,06,Libertador Gral. B. O'Higgins,Servicio de Salud Del Libertador B.O'Higgins,Municipal,-34.29367,-71.78725
115474,PSR,Posta de Salud Rural Cardonal de Panilonco,Calle Aldea Cardonal de Panilonco,06201,Pichilemu,06,Libertador Gral. B. O'Higgins,Servicio de Salud Del Libertador B.O'Higgins,Municipal,-34.29219,-71.88352
115405,PSR,Posta de Salud Rural Idahue,Calle Aldea Idahue,06104,Coltauco,06,Libertador Gral. B. O'Higgins,Servicio de Salud Del Libertador B.O'Higgins,Municipal,-34.29207,-71.14715
115311,CESFAM,Centro de Salud Familiar Las Cabras,Calle John Kennedy 506,06107,Las Cabras,06,Libertador Gral. B. O'Higgins,Servicio de Salud Del Libertador B.O'Higgins,Municipal,-34.29056,-71.30719
200851,SUR,SUR Las Cabras,Calle John Kennedy 506,06107,Las Cabras,06,Libertador Gral. B. O'Higgins,Servicio de Salud Del Libertador B.O'Higgins,Municipal,-34.290557,-71.307186
115310,CESFAM,Centro de Salud Familiar Requínoa,Calle Comercio,06116,Requínoa,06,Libertador Gral. B. O'Higgins,Servicio de Salud Del Libertador B.O'Higgins,Municipal,-34.28796,-70.81712
200863,SUR,SUR Requínoa,Calle Comercio,06116,Requínoa,06,Libertador Gral. B. O'Higgins,Servicio de Salud Del Libertador B.O'Higgins,Municipal,-34.287958,-70.817122
115309,CESFAM,Centro de Salud Familiar Francisco Labrin de Coltauco,Avenida Arturo Prat,06104,Coltauco,06,Libertador Gral. B. O'Higgins,Servicio de Salud Del Libertador B.O'Higgins,Municipal,-34.28758,-71.08382
200854,SUR,SUR Coltauco,Avenida Arturo Prat,06104,Coltauco,06,Libertador Gral. B. O'Higgins,Servicio de Salud Del Libertador B.O'Higgins,Municipal,-34.287581,-71.08382
200485,CECOSF,Centro Comunitario de Salud Familiar Chumaquito,"Calle Camino El Descanso, sector Chumaquito 21",06116,Requínoa,06,Libertador Gral. B. O'Higgins,Servicio de Salud Del Libertador B.O'Higgins,Municipal,-34.27673,-70.80946
115409,PSR,Posta de Salud Rural El Abra,Calle Campo Lindo 1,06116,Requínoa,06,Libertador Gral. B. O'Higgins,Servicio de Salud Del Libertador B.O'Higgins,Municipal,-34.26923,-70.8528
200931,CECOSF,Centro Comunitario de Salud Familiar Loreto,"Calle Juan Pablo II, sector Loreto. 143",06104,Coltauco,06,Libertador Gral. B. O'Higgins,Servicio de Salud Del Libertador B.O'Higgins,Municipal,-34.26504,-71.02582
115404,PSR,Posta de Salud Rural El Carmen ( Las Cabras),Calle Aldea El Carmen,06107,Las Cabras,06,Libertador Gral. B. O'Higgins,Servicio de Salud Del Libertador B.O'Higgins,Municipal,-34.25486,-71.38457
115406,PSR,Posta de Salud Rural Rinconada de Parral,Calle Caserío Rinconada de Parral,06104,Coltauco,06,Libertador Gral. B. O'Higgins,Servicio de Salud Del Libertador B.O'Higgins,Municipal,-34.24288,-71.07092
115481,PSR,Posta de Salud Rural Olivar Bajo,Calle Julio Montt,06111,Olivar,06,Libertador Gral. B. O'Higgins,Servicio de Salud Del Libertador B.O'Higgins,Municipal,-34.23218,-70.87625
115407,PSR,Posta de Salud Rural Lo de Cuevas,Calle Aldea Lo de Cuevas,06104,Coltauco,06,Libertador Gral. B. O'Higgins,Servicio de Salud Del Libertador B.O'Higgins,Municipal,-34.2312,-70.99924
115411,PSR,Posta de Salud Rural Los Lirios,Avenida Los Lirios,06116,Requínoa,06,Libertador Gral. B. O'Higgins,Servicio de Salud Del Libertador B.O'Higgins,Municipal,-34.22395,-70.78467
115308,CESFAM,Centro de Salud Familiar Doñihue,Pasaje Dr. Sanhueza,06105,Doñihue,06,Libertador Gral. B. O'Higgins,Servicio de Salud Del Libertador B.O'Higgins,Municipal,-34.22327,-70.96113
200044,COSAM,COSAM Sur Doñihue,Calle Dr. Sanhueza,06105,Doñihue,06,Libertador Gral. B. O'Higgins,Servicio de Salud Del Libertador B.O'Higgins,Servicio de Salud,-34.223273,-70.961128
200859,SUR,SUR Doñihue,Pasaje Dr. Sanhueza,06105,Doñihue,06,Libertador Gral. B. O'Higgins,Servicio de Salud Del Libertador B.O'Higgins,Municipal,-34.223273,-70.961128
115416,PSR,Posta de Salud Rural Llallauquén,Calle Aldea Llallauquén,06107,Las Cabras,06,Libertador Gral. B. O'Higgins,Servicio de Salud Del Libertador B.O'Higgins,Municipal,-34.21948,-71.44119
115327,CESFAM,Centro de Salud Familiar Olivar Alto,Calle Rafael Estrada 200,06111,Olivar,06,Libertador Gral. B. O'Higgins,Servicio de Salud Del Libertador B.O'Higgins,Municipal,-34.21298,-70.81463
200861,SUR,SUR Olivar,Calle Rafael Estrada 200,06111,Olivar,06,Libertador Gral. B. O'Higgins,Servicio de Salud Del Libertador B.O'Higgins,Municipal,-34.212979,-70.814625
115314,CESFAM,Centro de Salud Familiar La Estrella,Calle 21 de Mayo,06202,La Estrella,06,Libertador Gral. B. O'Higgins,Servicio de Salud Del Libertador B.O'Higgins,Municipal,-34.20897,-71.65305
200858,SUR,SUR La Estrella,Calle 21 de Mayo,06202,La Estrella,06,Libertador Gral. B. O'Higgins,Servicio de Salud Del Libertador B.O'Higgins,Municipal,-34.208966,-71.653054
115413,PSR,Posta de Salud Rural La Cebada,Calle Aldea La Cebada,06107,Las Cabras,06,Libertador Gral. B. O'Higgins,Servicio de Salud Del Libertador B.O'Higgins,Municipal,-34.20818,-71.31421
115483,PSR,Posta de Salud Rural Cocalan,Calle La Represa,06107,Las Cabras,06,Libertador Gral. B. O'Higgins,Servicio de Salud Del Libertador B.O'Higgins,Municipal,-34.20698,-71.27443
115330,CESFAM,Centro de Salud Familiar Gultro,Calle Orocoipo,06111,Olivar,06,Libertador Gral. B. O'Higgins,Servicio de Salud Del Libertador B.O'Higgins,Municipal,-34.20341,-70.75692
115400,PSR,Posta de Salud Rural Coya,Calle Bocatoma,06108,Machalí,06,Libertador Gral. B. O'Higgins,Servicio de Salud Del Libertador B.O'Higgins,Municipal,-34.20267,-70.52791
115412,PSR,Posta de Salud Rural La Panchina,Calle Sector La Panchina,06107,Las Cabras,06,Libertador Gral. B. O'Higgins,Servicio de Salud Del Libertador B.O'Higgins,Municipal,-34.20098,-71.21047
115321,CESFAM,Centro de Salud Familiar Lo Miranda,Calle Pedro Aguirre Cerda,06105,Doñihue,06,Libertador Gral. B. O'Higgins,Servicio de Salud Del Libertador B.O'Higgins,Municipal,-34.19892,-70.88967
115701,CECOSF,Centro Comunitario de Salud Familiar Dr. Eduardo de Geyter,Calle Santa Adela 769,06101,Rancagua,06,Libertador Gral. B. O'Higgins,Servicio de Salud Del Libertador B.O'Higgins,Municipal,-34.19501,-70.74219
115305,CESFAM,Centro de Salud Familiar Dr. Osvaldo Ruz Orrego de Machalí,Calle Castro 398,06108,Machalí,06,Libertador Gral. B. O'Higgins,Servicio de Salud Del Libertador B.O'Higgins,Municipal,-34.18032,-70.65161
115805,SAPU,SAPU Machalí,Calle Miranda 420,06108,Machalí,06,Libertador Gral. B. O'Higgins,Servicio de Salud Del Libertador B.O'Higgins,Municipal,-34.18017,-70.651414
200264,CECOSF,Centro Comunitario de Salud Familiar Santa Teresa,"Calle Patria Nueva, Población Santa Teresita 497",06108,Machalí,06,Libertador Gral. B. O'Higgins,Servicio de Salud Del Libertador B.O'Higgins,Municipal,-34.1796,-70.68794
115415,PSR,Posta de Salud Rural El Manzano,Calle Pueblo El Manzano,06107,Las Cabras,06,Libertador Gral. B. O'Higgins,Servicio de Salud Del Libertador B.O'Higgins,Municipal,-34.17884,-71.40095
115301,CESFAM,Centro de Salud Familiar N° 2 Dr. Eduardo Geyter,Calle Almarza,06101,Rancagua,06,Libertador Gral. B. O'Higgins,Servicio de Salud Del Libertador B.O'Higgins,Municipal,-34.17875,-70.7399
115801,SAPU,SAPU Eduardo de Geyter,Calle Almarza 1064,06101,Rancagua,06,Libertador Gral. B. O'Higgins,Servicio de Salud Del Libertador B.O'Higgins,Municipal,-34.178681,-70.739747
115302,CESFAM,Centro de Salud Familiar N° 3 Dr. Abel Zapata,Calle Miguel Ramírez,06101,Rancagua,06,Libertador Gral. B. O'Higgins,Servicio de Salud Del Libertador B.O'Higgins,Municipal,-34.17427,-70.71164
115802,SAPU,SAPU Abel Zapata,Calle Bombero Villalobos 10,06101,Rancagua,06,Libertador Gral. B. O'Higgins,Servicio de Salud Del Libertador B.O'Higgins,Municipal,-34.174229,-70.711797
115600,COSAM,COSAM Centro 1 de Rancagua,Calle Freire 339,06101,Rancagua,06,Libertador Gral. B. O'Higgins,Servicio de Salud Del Libertador B.O'Higgins,Servicio de Salud,-34.170292,-70.735259
115433,PSR,Posta de Salud Rural El Durazno (Las Cabras),Calle Sector El Durazno,06107,Las Cabras,06,Libertador Gral. B. O'Higgins,Servicio de Salud Del Libertador B.O'Higgins,Municipal,-34.16932,-71.32545
115300,CESFAM,Centro de Salud Familiar N° 1 Dr. Enrique Dintrans,Calle Provincial Irene Frei,06101,Rancagua,06,Libertador Gral. B. O'Higgins,Servicio de Salud Del Libertador B.O'Higgins,Municipal,-34.16693,-70.76419
115800,SAR,SAR Enrique Dintrans,Avenida Baquedano 626,06101,Rancagua,06,Libertador Gral. B. O'Higgins,Servicio de Salud Del Libertador B.O'Higgins,Municipal,-34.166829,-70.764251
115304,CESFAM,Centro de Salud Familiar N° 5 Dr. Juan Chiorrini,Avenida La Compañía,06101,Rancagua,06,Libertador Gral. B. O'Higgins,Servicio de Salud Del Libertador B.O'Higgins,Municipal,-34.163491,-70.714107
200042,COSAM,COSAM Centro 2 de Rancagua,Calle German Riesco 189,06101,Rancagua,06,Libertador Gral. B. O'Higgins,Servicio de Salud Del Libertador B.O'Higgins,Servicio de Salud,-34.164489,-70.741937
115850,SAR,SAR Oriente,"Calle Juan Martinez de Rosas, Poblacion Manuel Rodríguez 702",06101,Rancagua,06,Libertador Gral. B. O'Higgins,Servicio de Salud Del Libertador B.O'Higgins,Servicio de Salud,-34.16297,-70.723565
115700,CECOSF,Centro Comunitario de Salud Familiar San Rafael,Calle Provincial Irene Frei,06101,Rancagua,06,Libertador Gral. B. O'Higgins,Servicio de Salud Del Libertador B.O'Higgins,Municipal,-34.15525,-70.75267
115303,CESFAM,Centro de Salud Familiar Nº 4 Dra. María Latife,Avenida Republica 397,06101,Rancagua,06,Libertador Gral. B. O'Higgins,Servicio de Salud Del Libertador B.O'Higgins,Municipal,-34.15461,-70.7371
115803,SAR,SAR María Latife,Avenida Republica de Chile,06101,Rancagua,06,Libertador Gral. B. O'Higgins,Servicio de Salud Del Libertador B.O'Higgins,Municipal,-34.154584,-70.737301
115324,CESFAM,Centro de Salud Familiar N° 6 Ignacio Caroca,Avenida Constanza 1790,06101,Rancagua,06,Libertador Gral. B. O'Higgins,Servicio de Salud Del Libertador B.O'Higgins,Municipal,-34.14949,-70.70904
200146,SAPU,SAPU Ignacio Caroca,Avenida Constanza 1790,06101,Rancagua,06,Libertador Gral. B. O'Higgins,Servicio de Salud Del Libertador B.O'Higgins,Municipal,-34.14935,-70.709235
115479,PSR,Posta de Salud Rural Pulin,Calle Pulin,06203,Litueche,06,Libertador Gral. B. O'Higgins,Servicio de Salud Del Libertador B.O'Higgins,Municipal,-34.13349,-71.57196
115703,CECOSF,Centro Comunitario de Salud Familiar Ciudad de Paju,Calle Los Arcángeles 1249,06101,Rancagua,06,Libertador Gral. B. O'Higgins,Servicio de Salud Del Libertador B.O'Higgins,Municipal,-34.12993,-70.73673
200379,CECOSF,Centro Comunitario de Salud Familiar Tuncahue,"Calle RUTA H-15, Sector Tuncahue S/N 1015",06102,Codegua,06,Libertador Gral. B. O'Higgins,Servicio de Salud Del Libertador B.O'Higgins,Municipal,-34.12028,-70.68419
115414,PSR,Posta de Salud Rural Santa Inés,Calle Aldea Santa Inés,06107,Las Cabras,06,Libertador Gral. B. O'Higgins,Servicio de Salud Del Libertador B.O'Higgins,Municipal,-34.09309,-71.37282
200043,COSAM,COSAM Norte Graneros,Calle Camino Real 140,06106,Graneros,06,Libertador Gral. B. O'Higgins,Servicio de Salud Del Libertador B.O'Higgins,Servicio de Salud,-34.067459,-70.731999
115307,CESFAM,Centro de Salud Familiar Codegua,Calle O'Higgins 376,06102,Codegua,06,Libertador Gral. B. O'Higgins,Servicio de Salud Del Libertador B.O'Higgins,Municipal,-34.03911,-70.66704
200860,SUR,SUR Codegua,Calle O'Higgins 376,06102,Codegua,06,Libertador Gral. B. O'Higgins,Servicio de Salud Del Libertador B.O'Higgins,Municipal,-34.039108,-70.667039
110393,CESFAM,Centro de Salud Familiar Villa Alhué,Calle 21 de Mayo 440,13502,Alhué,13,Metropolitana de Santiago,Servicio de Salud Metropolitano Occidente,Municipal,-34.03248,-71.10008
200878,SUR,SUR Villa Alhué,Calle 21 de Mayo,13502,Alhué,13,Metropolitana de Santiago,Servicio de Salud Metropolitano Occidente,Municipal,-34.032484,-71.100076
110400,PSR,Posta de Salud Rural Aliro Cárcarmo (Lonquén),Calle Balmaceda,13601,Talagante,13,Metropolitana de Santiago,Servicio de Salud Metropolitano Occidente,Municipal,-33.709767,-70.853969
110503,CECOSF,Centro Comunitario de Salud Familiar Hacienda Alhué,Calle Camino público a Villa Alhué - Hacienda Alhué,13502,Alhué,13,Metropolitana de Santiago,Servicio de Salud Metropolitano Occidente,Municipal,-34.03091,-71.21683
115463,PSR,Posta de Salud Rural Quelentaro,"Calle Carretera Pasado Central Rapel, Caserío Quelentaro",06203,Litueche,06,Libertador Gral. B. O'Higgins,Servicio de Salud Del Libertador B.O'Higgins,Municipal,-34.02554,-71.54214
115460,PSR,Posta de Salud Rural Pupuya,Calle Caserío Pupuya,06205,Navidad,06,Libertador Gral. B. O'Higgins,Servicio de Salud Valparaíso San Antonio,Municipal,-34.01949,-71.84328
115464,PSR,Posta de Salud Rural San Vicente de Pucalán,Calle Caserío San Vicente de Pucalán,06205,Navidad,06,Libertador Gral. B. O'Higgins,Servicio de Salud Valparaíso San Antonio,Municipal,-34.0028,-71.71673
115401,PSR,Posta de Salud Rural La Punta,"Avenida La Villa, Pueblo La Punta",06110,Mostazal,06,Libertador Gral. B. O'Higgins,Servicio de Salud Del Libertador B.O'Higgins,Municipal,-34.001,-70.64952
110440,PSR,Posta de Salud Rural Bollenar,Avenida Valparaíso s,13501,Melipilla,13,Metropolitana de Santiago,Servicio de Salud Metropolitano Occidente,Municipal,-33.56909,-71.21091
110475,PSR,Posta de Salud Rural Chorombo,Calle Sector Chorombo Alto,13504,Maria Pinto,13,Metropolitana de Santiago,Servicio de Salud Metropolitano Occidente,Municipal,-33.503619,-71.256737
115306,CESFAM,Centro de Salud Familiar San Francisco Mostazal,Calle Luco,06110,Mostazal,06,Libertador Gral. B. O'Higgins,Servicio de Salud Del Libertador B.O'Higgins,Municipal,-33.97832,-70.70813
200852,SUR,SUR San Francisco de Mostazal,Calle Luco,06110,Mostazal,06,Libertador Gral. B. O'Higgins,Servicio de Salud Del Libertador B.O'Higgins,Municipal,-33.978317,-70.708128
110510,PSR,Posta de Salud Rural El Asiento,Calle Aldea El Asiento,13502,Alhué,13,Metropolitana de Santiago,Servicio de Salud Metropolitano Occidente,Municipal,-34.03232,-71.00262
115320,CESFAM,Centro de Salud Familiar Valle Mar Navidad,Calle Plaza General Bonilla 25,06205,Navidad,06,Libertador Gral. B. O'Higgins,Servicio de Salud Valparaíso San Antonio,Municipal,-33.95372,-71.83028
200856,SUR,SUR Navidad,Calle Plaza General Bonilla 25,06205,Navidad,06,Libertador Gral. B. O'Higgins,Servicio de Salud Valparaíso San Antonio,Municipal,-33.953718,-71.830284
115462,PSR,Posta de Salud Rural Rapel (Navidad),Calle Aldea Rapel,06205,Navidad,06,Libertador Gral. B. O'Higgins,Servicio de Salud Valparaíso San Antonio,Municipal,-33.9447,-71.73746
110495,PSR,Posta de Salud Rural El Prado,Calle Aldea El Prado,13505,San Pedro,13,Metropolitana de Santiago,Servicio de Salud Metropolitano Occidente,Municipal,-33.91865,-71.51013
106414,PSR,Posta de Salud Rural San Enrique,Calle Sector San Enrique,05606,Santo Domingo,05,Valparaíso,Servicio de Salud Valparaíso San Antonio,Municipal,-33.908094,-71.715785
110431,PSR,Posta de Salud Rural Gacitúa,Calle Sector Gacitúa Pobl. Gacitúa,13603,Isla de Maipo,13,Metropolitana de Santiago,Servicio de Salud Metropolitano Occidente,Municipal,-33.732562,-70.90713
106407,PSR,Posta de Salud Rural Bucalemu (Santo Domingo),Calle Sector Bucalemu,05606,Santo Domingo,05,Valparaíso,Servicio de Salud Valparaíso San Antonio,Municipal,-33.861645,-71.657738
113412,PSR,Posta de Salud Rural Chada,Calle Camino Vec. Interior,13404,Paine,13,Metropolitana de Santiago,Servicio de Salud Metropolitano Sur,Municipal,-33.90075,-70.66052
110387,CESFAM,Centro de Salud Familiar San Pedro,Avenida Hermosilla 11,13505,San Pedro,13,Metropolitana de Santiago,Servicio de Salud Metropolitano Occidente,Municipal,-33.89474,-71.45561
200877,SUR,SUR San Pedro,Avenida Hermosilla 11,13505,San Pedro,13,Metropolitana de Santiago,Servicio de Salud Metropolitano Occidente,Municipal,-33.89474,-71.45561
113408,PSR,Posta de Salud Rural Pintué,Avenida Alfonso Letelier,13404,Paine,13,Metropolitana de Santiago,Servicio de Salud Metropolitano Sur,Municipal,-33.876159,-70.882962
113319,CESFAM,Centro de Salud Familiar Dr. Raúl Moya,Calle Diego Portales,13404,Paine,13,Metropolitana de Santiago,Servicio de Salud Metropolitano Sur,Municipal,-33.86854,-70.748
200969,SUR,SUR Dr. Raúl Moya,Calle Diego Portales,13404,Paine,13,Metropolitana de Santiago,Servicio de Salud Metropolitano Sur,Municipal,-33.868535,-70.747995
113411,PSR,Posta de Salud Rural Abrantes,Avenida Alfonso Letelier,13404,Paine,13,Metropolitana de Santiago,Servicio de Salud Metropolitano Sur,Municipal,-33.859449,-70.850683
113410,PSR,Posta de Salud Rural Rangue,Avenida Alfonso Letelier,13404,Paine,13,Metropolitana de Santiago,Servicio de Salud Metropolitano Sur,Municipal,-33.85075,-70.94281
113409,PSR,Posta de Salud Rural Huelquén,Calle Sta. Filomena,13404,Paine,13,Metropolitana de Santiago,Servicio de Salud Metropolitano Sur,Municipal,-33.83276,-70.64326
114408,PSR,Posta de Salud Rural El Volcán,Calle Camino El Volcán,13203,San José de Maipo,13,Metropolitana de Santiago,Servicio de Salud Metropolitano Sur Oriente,Municipal,-33.815209,-70.169449
113818,SAPU,SAPU Paine,Calle José Joaquín Prieto 118,13404,Paine,13,Metropolitana de Santiago,Servicio de Salud Metropolitano Sur,Municipal,-33.813271,-70.744895
113404,PSR,Posta de Salud Rural Valdivia de Paine,Calle Manuel Rodríguez,13402,Buin,13,Metropolitana de Santiago,Servicio de Salud Metropolitano Sur,Municipal,-33.81193,-70.86063
113318,CESFAM,Centro de Salud Familiar Dr. Miguel Ángel Solar (ex CESFAM Paine),Avenida General Baquedano 214,13404,Paine,13,Metropolitana de Santiago,Servicio de Salud Metropolitano Sur,Municipal,-33.80483,-70.74121
110490,PSR,Posta de Salud Rural La Manga,Calle Sector La Manga,13505,San Pedro,13,Metropolitana de Santiago,Servicio de Salud Metropolitano Occidente,Municipal,-33.910708,-71.608008
114410,PSR,Posta de Salud Rural San Gabriel,Calle Los Rodados 41687,13203,San José de Maipo,13,Metropolitana de Santiago,Servicio de Salud Metropolitano Sur Oriente,Municipal,-33.78344,-70.23606
113405,PSR,Posta de Salud Rural Viluco,Calle Camino Público Viluco,13402,Buin,13,Metropolitana de Santiago,Servicio de Salud Metropolitano Sur,Municipal,-33.78223,-70.79177
110380,CESFAM,Centro de Salud Familiar San Manuel,Calle Camino San Manuel S/N Ruta      G-668,13501,Melipilla,13,Metropolitana de Santiago,Servicio de Salud Metropolitano Occidente,Municipal,-33.7735,-71.25757
106413,PSR,Posta de Salud Rural El Convento,Calle Sector El Convento,05606,Santo Domingo,05,Valparaíso,Servicio de Salud Valparaíso San Antonio,Municipal,-33.77087,-71.61981
110783,CECOSF,Centro Comunitario de Salud Familiar Codigua,Calle Ruta G. Km. 8 688,13501,Melipilla,13,Metropolitana de Santiago,Servicio de Salud Metropolitano Occidente,Municipal,-33.76008,-71.32788
106417,PSR,Posta de Salud Rural El Asilo,Calle Caserío El Asilo,05601,San Antonio,05,Valparaíso,Servicio de Salud Valparaíso San Antonio,Municipal,-33.752633,-71.363168
113402,CECOSF,Centro Comunitario de Salud Familiar Dr. Ramón Galindo,"Calle Francisco Javier Krugger, esquina Juan Osorio, Linderos 2825",13402,Buin,13,Metropolitana de Santiago,Servicio de Salud Metropolitano Sur,Municipal,-33.75109,-70.73556
110432,PSR,Posta de Salud Rural Las Mercedes ( Isla de Maipo ),"Calle Juan Fco. Fresno, Aldea Villa Las Mercedes",13603,Isla de Maipo,13,Metropolitana de Santiago,Servicio de Salud Metropolitano Occidente,Municipal,-33.78438,-70.88618
110375,CESFAM,Centro de Salud Familiar Isla de Maipo,Calle Manuel Rodríguez 1001,13603,Isla de Maipo,13,Metropolitana de Santiago,Servicio de Salud Metropolitano Occidente,Municipal,-33.74904,-70.90331
200876,SUR,SUR Isla de Maipo,Calle Manuel Rodríguez 1001,13603,Isla de Maipo,13,Metropolitana de Santiago,Servicio de Salud Metropolitano Occidente,Municipal,-33.749042,-70.903306
200127,SAPU,SAPU Isla de Maipo,Calle Manuel Rodríguez 1001,13603,Isla de Maipo,13,Metropolitana de Santiago,Servicio de Salud Metropolitano Occidente,Municipal,-33.748954,-70.903463
113890,SAPU,SAPU Buin,Calle Errázuriz 703,13402,Buin,13,Metropolitana de Santiago,Servicio de Salud Metropolitano Sur,Municipal,-33.737859,-70.741169
113390,CESFAM,Centro de Salud Familiar Dr. Héctor García,Calle Errázuriz 703,13402,Buin,13,Metropolitana de Santiago,Servicio de Salud Metropolitano Sur,Municipal,-33.73775,-70.74133
110775,CECOSF,Centro Comunitario de Salud Familiar La Islita,Calle El Maitén 279,13603,Isla de Maipo,13,Metropolitana de Santiago,Servicio de Salud Metropolitano Occidente,Municipal,-33.73582,-70.862
113333,CESFAM,Centro de Salud Familiar Alto Jahuel,"Calle Camino Miraflores, Ciudad Alto Jahuel",13402,Buin,13,Metropolitana de Santiago,Servicio de Salud Metropolitano Sur,Municipal,-33.73525,-70.68416
200966,SUR,SUR Alto Jahuel,"Calle Camino Miraflores, Ciudad Alto Jahuel",13402,Buin,13,Metropolitana de Santiago,Servicio de Salud Metropolitano Sur,Municipal,-33.735249,-70.684161
106418,PSR,Posta de Salud Rural Cuncumén (San Antonio),Calle Aldea Councumén,05601,San Antonio,05,Valparaíso,Servicio de Salud Valparaíso San Antonio,Municipal,-33.735169,-71.424172
113320,CESFAM,Centro de Salud Familiar Dragica Ciudad Pap,Calle Bellavista,13402,Buin,13,Metropolitana de Santiago,Servicio de Salud Metropolitano Sur,Municipal,-33.73121192,-70.77552915
200968,SUR,SUR Maipo,Calle Bellavista,13402,Buin,13,Metropolitana de Santiago,Servicio de Salud Metropolitano Sur,Municipal,-33.734885,-70.784598
110425,CESFAM,Centro de Salud Familiar La Islita,"Calle Río Maipo, Villa El Maitén, La Islita 4517",13603,Isla de Maipo,13,Metropolitana de Santiago,Servicio de Salud Metropolitano Occidente,Municipal,-33.7348,-70.8617
110470,PSR,Posta de Salud Rural Las Mercedes ( María Pinto ),Calle Aldea Las Mercedes,13504,Maria Pinto,13,Metropolitana de Santiago,Servicio de Salud Metropolitano Occidente,Municipal,-33.48836,-71.18518
200385,CECOSF,Centro Comunitario de Salud Familiar San Vicente de Naltagua,Avenida San Antonio de Naltagua 7603,13603,Isla de Maipo,13,Metropolitana de Santiago,Servicio de Salud Metropolitano Occidente,Municipal,-33.72834,-70.98703
114333,CGR,Centro de Salud Rural El Principal,Calle La Alameda 113,13202,Pirque,13,Metropolitana de Santiago,Servicio de Salud Metropolitano Sur Oriente,Municipal,-33.72068,-70.55328
113790,CECOSF,Centro Comunitario de Salud Familiar Dr. Héctor García,Avenida Nuevo Buin Poniente Exclemencia Sazo 1591,13402,Buin,13,Metropolitana de Santiago,Servicio de Salud Metropolitano Sur,Municipal,-33.71179,-70.73953
110492,PSR,Posta de Salud Rural Nihue,Calle Camino público de la Manga a Nihue Alto S/N,13505,San Pedro,13,Metropolitana de Santiago,Servicio de Salud Metropolitano Occidente,Municipal,-33.947638,-71.560175
110379,CESFAM,Centro de Salud Familiar Dr. Francisco Boris Soler,Calle Silvia Chávez 1650,13501,Melipilla,13,Metropolitana de Santiago,Servicio de Salud Metropolitano Occidente,Municipal,-33.70024,-71.21813
200123,SAPU,SAPU Dr. Francisco Boris Soler,Calle Silva Chávez 1650,13501,Melipilla,13,Metropolitana de Santiago,Servicio de Salud Metropolitano Occidente,Municipal,-33.700169,-71.217991
113406,PSR,Posta de Salud Rural El Recurso,"Calle Camino Público Fundo Recurso, Aldea El Recurso",13402,Buin,13,Metropolitana de Santiago,Servicio de Salud Metropolitano Sur,Municipal,-33.69079,-70.70173
110625,COSAM,COSAM Melipilla,Calle Pardo 830,13501,Melipilla,13,Metropolitana de Santiago,Servicio de Salud Metropolitano Occidente,Municipal,-33.690264,-71.21851
200454,CECOSF,CECOSF Wilma Yoli Gomez Conejera,"Pasaje Los Plátanos, Villa Los Álamos 3 1214",13602,El Monte,13,Metropolitana de Santiago,Servicio de Salud Metropolitano Occidente,Municipal,-33.68636,-71.02232
200965,CESFAM,Centro de Salud Familiar Florencia,Calle Libertad 1923,13501,Melipilla,13,Metropolitana de Santiago,Servicio de Salud Metropolitano Occidente,Municipal,-33.682339,-71.234276
200136,SAPU,SAPU El Monte,Avenida Los Libertadores 531,13602,El Monte,13,Metropolitana de Santiago,Servicio de Salud Metropolitano Occidente,Municipal,-33.682045,-70.985912
110370,CESFAM,Centro de Salud Familiar El Monte,Avenida Avda. Los Libertadores 531,13602,El Monte,13,Metropolitana de Santiago,Servicio de Salud Metropolitano Occidente,Municipal,-33.68192,-70.98609
110378,CESFAM,Centro de Salud Familiar Dr. Edelberto Elgueta,Calle Arza 1576,13501,Melipilla,13,Metropolitana de Santiago,Servicio de Salud Metropolitano Occidente,Municipal,-33.6815,-71.22595
200135,SAPU,SAPU Dr. Edelberto Elgueta,Calle Arza 1576,13501,Melipilla,13,Metropolitana de Santiago,Servicio de Salud Metropolitano Occidente,Municipal,-33.681495,-71.225757
110781,CECOSF,Centro Comunitario de Salud Familiar Obispo Pablo Lizama,Calle Guillermo Vera 2091,13501,Melipilla,13,Metropolitana de Santiago,Servicio de Salud Metropolitano Occidente,Municipal,-33.67893,-71.23202
200365,CECOSF,Centro Comunitario de Salud Familiar Villa Los Presidentes,"Avenida Salvador Allende, Villa Los Presidentes 1100",13601,Talagante,13,Metropolitana de Santiago,Servicio de Salud Metropolitano Occidente,Municipal,-33.67879,-70.95539
110778,CECOSF,Centro Comunitario de Salud Familiar Padre Demetrio Bravo,Calle Ignacio Carrera Pinto 60,13501,Melipilla,13,Metropolitana de Santiago,Servicio de Salud Metropolitano Occidente,Municipal,-33.67872,-71.20689
114403,PSR,Posta de Salud Rural Santa Rita,Calle Camino Las Rozas,13202,Pirque,13,Metropolitana de Santiago,Servicio de Salud Metropolitano Sur Oriente,Municipal,-33.67207,-70.53228
114612,COSAM,COSAM Pirque,Calle Camino las Rozas,13202,Pirque,13,Metropolitana de Santiago,Servicio de Salud Metropolitano Sur Oriente,Municipal,-33.672074,-70.532282
113407,PSR,Posta de Salud Rural Los Morros,"Calle Camino Padre Hurtado, Sector Los Morros",13402,Buin,13,Metropolitana de Santiago,Servicio de Salud Metropolitano Sur,Municipal,-33.67046,-70.66555
200119,SAPU,SAPU Dr. Alberto Allende Jones,Calle Esmeralda 2049,13601,Talagante,13,Metropolitana de Santiago,Servicio de Salud Metropolitano Occidente,Municipal,-33.669668,-70.937885
110390,CESFAM,Centro de Salud Familiar Dr. Alberto Allende Jones,Calle Esmeralda 2049,13601,Talagante,13,Metropolitana de Santiago,Servicio de Salud Metropolitano Occidente,Municipal,-33.66967,-70.93761
110623,COSAM,COSAM Talagante,Calle Esmeralda 2049,13601,Talagante,13,Metropolitana de Santiago,Servicio de Salud Metropolitano Occidente,Municipal,-33.669635,-70.937712
114406,PSR,Posta de Salud Rural San Vicente,Calle San Vicente,13202,Pirque,13,Metropolitana de Santiago,Servicio de Salud Metropolitano Sur Oriente,Municipal,-33.66886,-70.62115
113728,CECOSF,Centro Comunitario de Salud Familiar Lo Herrera,Calle Volcán Guallatiri 8282,13401,San Bernardo,13,Metropolitana de Santiago,Servicio de Salud Metropolitano Sur,Municipal,-33.669569,-70.744021
110891,SAPU,SAPU Marcela Jacques Vargas,Calle Francisco Chacón 750,13601,Talagante,13,Metropolitana de Santiago,Servicio de Salud Metropolitano Occidente,Municipal,-33.663479,-70.929231
200479,SAR,SAR Oriente María Eugenia Torres,"Pasaje Quemchi, Villa Mónaco 1075",13601,Talagante,13,Metropolitana de Santiago,Servicio de Salud Metropolitano Occidente,Municipal,-33.662391,-70.916975
110381,CESFAM,Centro de Salud Familiar Alfarera Rosa Reyes Vilches,Calle Artesana Julita Vera 354,13501,Melipilla,13,Metropolitana de Santiago,Servicio de Salud Metropolitano Occidente,Municipal,-33.64985,-71.15045
113713,CECOSF,Centro Comunitario de Salud Familiar Ribera del Maipo,Calle Parcela San Adolfo BC-1. Cancha San Adolfo,13401,San Bernardo,13,Metropolitana de Santiago,Servicio de Salud Metropolitano Sur,Municipal,-33.64893,-70.66279
106337,CESFAM,Centro de Salud Familiar Fernando Rodriguez Vicuña,Calle Las Hortensias 146,05606,Santo Domingo,05,Valparaíso,Servicio de Salud Valparaíso San Antonio,Municipal,-33.64399,-71.61244
200730,SUR,SUR Rocas de Santo Domingo,Calle Las Hortensias 146,05606,Santo Domingo,05,Valparaíso,Servicio de Salud Valparaíso San Antonio,Municipal,-33.64399,-71.612435
200200,COSAM,COSAM San José de Maipo,Calle 1 Sur con calle del Cerro,13203,San José de Maipo,13,Metropolitana de Santiago,Servicio de Salud Metropolitano Sur Oriente,Servicio de Salud,-33.64097,-70.351681
200729,SUR,SUR Juan Fernández,Calle Vicente González 225,05104,Juan Fernández,05,Valparaíso,Servicio de Salud Valparaíso San Antonio,Municipal,-33.640893,-78.831374
106400,CESFAM,Centro de Salud Familiar Juan Fernández,Calle Vicente González 225,05104,Juan Fernández,05,Valparaíso,Servicio de Salud Valparaíso San Antonio,Municipal,-33.640915,-78.831448
113413,PSR,Posta de Salud Rural Santa Inés,Calle Camino Santa Inés,13403,Calera de Tango,13,Metropolitana de Santiago,Servicio de Salud Metropolitano Sur,Municipal,-33.64029,-70.76634
113321,CESFAM,Centro de Salud Familiar Calera de Tango,Calle Lonquén Sur,13403,Calera de Tango,13,Metropolitana de Santiago,Servicio de Salud Metropolitano Sur,Municipal,-33.63601,-70.81101
114310,CESFAM,Centro de Salud Familiar Dr. José Manuel Balmaceda,Avenida Virginia Subercaseaux 385,13202,Pirque,13,Metropolitana de Santiago,Servicio de Salud Metropolitano Sur Oriente,Municipal,-33.63508,-70.57248
200932,SAPU,SAPU Dr. José Manuel Balmaceda,Avenida Virginia Subercaseaux 385,13202,Pirque,13,Metropolitana de Santiago,Servicio de Salud Metropolitano Sur Oriente,Municipal,-33.635077,-70.572477
106419,PSR,Posta de Salud Rural San Juan de San Antonio,Calle Sector San Juan de San Antonio,05601,San Antonio,05,Valparaíso,Servicio de Salud Valparaíso San Antonio,Municipal,-33.63487,-71.54312
106422,CECOSF,Centro Comunitario de Salud Familiar Lo Gallardo,Avenida San Juan 2698,05601,San Antonio,05,Valparaíso,Servicio de Salud Valparaíso San Antonio,Municipal,-33.63094,-71.59579
114321,CESFAM,Centro de Salud Familiar Cardenal Silva Henríquez,Calle San Pedro 3345,13201,Puente Alto,13,Metropolitana de Santiago,Servicio de Salud Metropolitano Sur Oriente,Municipal,-33.62792,-70.61646
114821,SAPU,SAPU Cardenal Silva Henríquez de Puente Alto,Calle Estación El Canelo 3345,13201,Puente Alto,13,Metropolitana de Santiago,Servicio de Salud Metropolitano Sur Oriente,Municipal,-33.627857,-70.616197
114826,SAPU,SAPU Karol Wojtyla,Calle Curaco de Vélez 4110,13201,Puente Alto,13,Metropolitana de Santiago,Servicio de Salud Metropolitano Sur Oriente,Municipal,-33.626314,-70.625363
114326,CESFAM,Centro de Salud Familiar Karol Wojtyla,Calle Curaco de Vélez 4110,13201,Puente Alto,13,Metropolitana de Santiago,Servicio de Salud Metropolitano Sur Oriente,Municipal,-33.62597,-70.62576
113334,CESFAM,Centro de Salud Familiar Los Bajos de San Agustín,Avenida Calera de Tango,13403,Calera de Tango,13,Metropolitana de Santiago,Servicio de Salud Metropolitano Sur,Municipal,-33.62595,-70.78242
200967,SUR,SUR Los Bajos de San Agustín,Avenida Calera de Tango,13403,Calera de Tango,13,Metropolitana de Santiago,Servicio de Salud Metropolitano Sur,Municipal,-33.625946,-70.782415
114312,CESFAM,Centro de Salud Familiar San Gerónimo,Calle San Pedro 1203,13201,Puente Alto,13,Metropolitana de Santiago,Servicio de Salud Metropolitano Sur Oriente,Municipal,-33.62353,-70.58839
114812,SAPU,SAPU San Gerónimo,Calle San Pedro 1203,13201,Puente Alto,13,Metropolitana de Santiago,Servicio de Salud Metropolitano Sur Oriente,Municipal,-33.623509,-70.588615
114401,PSR,Posta de Salud Rural Puntilla,Calle Ramón Subercaseaux,13202,Pirque,13,Metropolitana de Santiago,Servicio de Salud Metropolitano Sur Oriente,Municipal,-33.61969,-70.530209
106729,CECOSF,Centro Comunitario de Salud Familiar Tejas Verdes,Calle Los Claveles 347,05601,San Antonio,05,Valparaíso,Servicio de Salud Valparaíso San Antonio,Municipal,-33.61735,-71.6193
114613,COSAM,COSAM CEIF Centro,Calle Tocornal 70,13201,Puente Alto,13,Metropolitana de Santiago,Servicio de Salud Metropolitano Sur Oriente,Municipal,-33.616061,-70.575382
114323,CESFAM,Centro de Salud Familiar Madre Teresa de Calcuta Red de Salud UC CHRISTUS,Avenida Circunvalación 1815,13201,Puente Alto,13,Metropolitana de Santiago,Servicio de Salud Metropolitano Sur Oriente,Delegado,-33.61433,-70.55268
113828,SAPU,SAPU Padre Joan Alsina,Calle Márquez de la Plata 5,13401,San Bernardo,13,Metropolitana de Santiago,Servicio de Salud Metropolitano Sur,Municipal,-33.614112,-70.697762
113328,CESFAM,Centro de Salud Familiar Padre Joan Alsina,Calle Márquez de la Plata 5,13401,San Bernardo,13,Metropolitana de Santiago,Servicio de Salud Metropolitano Sur,Municipal,-33.61399,-70.69787
114611,COSAM,COSAM Puente Alto,Calle Tocornal 152,13201,Puente Alto,13,Metropolitana de Santiago,Servicio de Salud Metropolitano Sur Oriente,Municipal,-33.613765,-70.576098
106420,PSR,Posta de Salud Rural Leyda,Calle Aldea Leyda,05601,San Antonio,05,Valparaíso,Servicio de Salud Valparaíso San Antonio,Municipal,-33.613063,-71.44412
114313,CESFAM,Centro de Salud Familiar Vista Hermosa,Calle Los Pinos 275,13201,Puente Alto,13,Metropolitana de Santiago,Servicio de Salud Metropolitano Sur Oriente,Municipal,-33.61107,-70.52104
200122,SAPU,SAPU Dr. Fernando Monckeberg,Calle Concepcion 73,13605,Peñaflor,13,Metropolitana de Santiago,Servicio de Salud Metropolitano Occidente,Municipal,-33.610078,-70.87153
110369,CESFAM,Centro de Salud Familiar Dr. Fernando Monckeberg,Calle La Concepción 73,13605,Peñaflor,13,Metropolitana de Santiago,Servicio de Salud Metropolitano Occidente,Municipal,-33.60998,-70.87164
106829,SAR,SAR Nestor Fernández Thomas,Avenida José Miguel Carrera 1053,05601,San Antonio,05,Valparaíso,Servicio de Salud Valparaíso San Antonio,Municipal,-33.609329,-71.601307
106329,CESFAM,Centro de Salud Familiar Néstor Fernández Thomas,Calle José Miguel Carrera 1015,05601,San Antonio,05,Valparaíso,Servicio de Salud Valparaíso San Antonio,Municipal,-33.609665,-71.60113
110308,CESFAM,Centro de Salud Familiar Peñaflor,Calle Costa Rica 1000,13605,Peñaflor,13,Metropolitana de Santiago,Servicio de Salud Metropolitano Occidente,Municipal,-33.6088,-70.89626
200130,SAPU,SAPU Peñaflor,Calle Costa Rica 1000,13605,Peñaflor,13,Metropolitana de Santiago,Servicio de Salud Metropolitano Occidente,Municipal,-33.608746,-70.895925
114301,CESFAM,Centro de Salud Familiar Dr. Alejandro del Río,Calle Gandarillas 105,13201,Puente Alto,13,Metropolitana de Santiago,Servicio de Salud Metropolitano Sur Oriente,Municipal,-33.60716,-70.57845
114801,SAPU,SAPU Dr. Alejandro del Río,Calle Gandarillas 105,13201,Puente Alto,13,Metropolitana de Santiago,Servicio de Salud Metropolitano Sur Oriente,Municipal,-33.607158,-70.578452
110624,COSAM,COSAM Peñaflor,Avenida Miraflores 160,13605,Peñaflor,13,Metropolitana de Santiago,Servicio de Salud Metropolitano Occidente,Municipal,-33.60276,-70.853214
200377,CECOSF,Centro Comunitario de Salud Familiar Las Hortensias,Avenida Carlos Condell 1789,13401,San Bernardo,13,Metropolitana de Santiago,Servicio de Salud Metropolitano Sur,Municipal,-33.60213,-70.67051
106319,CESFAM,Centro de Salud Familiar Barrancas,Calle Barros Luco 2370,05601,San Antonio,05,Valparaíso,Servicio de Salud Valparaíso San Antonio,Municipal,-33.60212,-71.61341
200106,SAPU,SAPU Barrancas,Avenida Barros Luco 2347,05601,San Antonio,05,Valparaíso,Servicio de Salud Valparaíso San Antonio,Municipal,-33.601628,-71.614047
113830,SAPU,SAPU Raúl Brañes F.,Calle Carlos Condell 1036,13401,San Bernardo,13,Metropolitana de Santiago,Servicio de Salud Metropolitano Sur,Municipal,-33.598813,-70.680145
113330,CESFAM,Centro de Salud Familiar Raúl Brañes F.,Avenida Carlos Condell 1036,13401,San Bernardo,13,Metropolitana de Santiago,Servicio de Salud Metropolitano Sur,Municipal,-33.59866,-70.68036
113313,CESFAM,Centro de Salud Familiar Raúl Cuevas (Ex-San Bernardo),Calle San Alfonso 1202,13401,San Bernardo,13,Metropolitana de Santiago,Servicio de Salud Metropolitano Sur,Municipal,-33.59763,-70.71485
106333,CESFAM,Centro de Salud Familiar 30 de Marzo,Calle Brockman 1700,05601,San Antonio,05,Valparaíso,Servicio de Salud Valparaíso San Antonio,Municipal,-33.59751,-71.60551
113813,SAPU,SAPU Raúl Cuevas (Ex San Bernardo),Calle San Alfonso 1201,13401,San Bernardo,13,Metropolitana de Santiago,Servicio de Salud Metropolitano Sur,Municipal,-33.597298,-70.715066
114329,CESFAM,Centro de Salud Familiar San Alberto Hurtado Red de Salud UC CHRISTUS,Avenida San Carlos 1693,13201,Puente Alto,13,Metropolitana de Santiago,Servicio de Salud Metropolitano Sur Oriente,Delegado,-33.59663,-70.55654
114327,CESFAM,Centro de Salud Familiar Juan Pablo II Red de Salud UC CHRISTUS,"Avenida La Primavera, Población Jorge Alessandri Rodríguez, El Castillo 2870",13112,La Pintana,13,Metropolitana de Santiago,Servicio de Salud Metropolitano Sur Oriente,Delegado,-33.59543,-70.6217
114407,PSR,Posta de Salud Rural Las Vertientes,Calle Parque Municipal 2786,13203,San José de Maipo,13,Metropolitana de Santiago,Servicio de Salud Metropolitano Sur Oriente,Municipal,-33.588122,-70.471502
114332,CESFAM,Centro de Salud Familiar Laurita Vicuña,Avenida Ejército Libertador 2433,13201,Puente Alto,13,Metropolitana de Santiago,Servicio de Salud Metropolitano Sur Oriente,Municipal,-33.59115,-70.59528
113394,CESFAM,Centro de Salud Familiar El Manzano,Calle Camino Santa Teresa 1876,13401,San Bernardo,13,Metropolitana de Santiago,Servicio de Salud Metropolitano Sur,Municipal,-33.59071,-70.66622
113339,COSAM,COSAM San Bernardo,Calle Martín de Solís 14260,13401,San Bernardo,13,Metropolitana de Santiago,Servicio de Salud Metropolitano Sur,Municipal,-33.590145,-70.683325
113315,CESFAM,Centro de Salud Familiar Confraternidad,Calle Martín de Solís 14210,13401,San Bernardo,13,Metropolitana de Santiago,Servicio de Salud Metropolitano Sur,Municipal,-33.58966,-70.68286
113815,SAPU,SAPU Confraternidad,Calle Martín de Solís 14210,13401,San Bernardo,13,Metropolitana de Santiago,Servicio de Salud Metropolitano Sur,Municipal,-33.589493,-70.682814
106314,CESFAM,Centro de Salud Familiar San Antonio,Calle Lucía Subercaseux 116,05601,San Antonio,05,Valparaíso,Servicio de Salud Valparaíso San Antonio,Municipal,-33.58948,-71.60989
114311,CESFAM,Centro de Salud Familiar Santiago de Nueva Extremadura,Avenida Juanita 13558,13112,La Pintana,13,Metropolitana de Santiago,Servicio de Salud Metropolitano Sur Oriente,Municipal,-33.58898,-70.61858
114811,SAPU,SAPU Santiago de Nueva Extremadura,Avenida Juanita 13558,13112,La Pintana,13,Metropolitana de Santiago,Servicio de Salud Metropolitano Sur Oriente,Municipal,-33.588831,-70.618785
200468,COSAM,COSAM CEIF Puente Alto Norte,Avenida Concha y Toro 2531,13201,Puente Alto,13,Metropolitana de Santiago,Servicio de Salud Metropolitano Sur Oriente,Municipal,-33.58881,-70.5796
114318,CESFAM,Centro de Salud Familiar Flor Fernández,Avenida Ciudad de México 1503,13112,La Pintana,13,Metropolitana de Santiago,Servicio de Salud Metropolitano Sur Oriente,Municipal,-33.5855,-70.63626
113832,SAPU,SAPU Juan Pablo II,Calle Santa Marta 277,13401,San Bernardo,13,Metropolitana de Santiago,Servicio de Salud Metropolitano Sur,Municipal,-33.584763,-70.691983
113332,CESFAM,Centro de Salud Familiar Juan Pablo II ( San Bernardo),Calle Santa Marta 276,13401,San Bernardo,13,Metropolitana de Santiago,Servicio de Salud Metropolitano Sur,Municipal,-33.58448,-70.69208
114320,CESFAM,Centro de Salud Familiar Bernardo Leighton,Calle Miguel Ángel 1929,13201,Puente Alto,13,Metropolitana de Santiago,Servicio de Salud Metropolitano Sur Oriente,Municipal,-33.58428,-70.60438
114822,SAR,SAR Padre Manuel Villaseca,Calle Luis Matte Larraín 2312,13201,Puente Alto,13,Metropolitana de Santiago,Servicio de Salud Metropolitano Sur Oriente,Municipal,-33.584146,-70.556186
114820,SAPU,SAPU Bernardo Leighton,Calle Miguel Ángel 1929,13201,Puente Alto,13,Metropolitana de Santiago,Servicio de Salud Metropolitano Sur Oriente,Municipal,-33.584117,-70.604067
114322,CESFAM,Centro de Salud Familiar Padre Manuel Villaseca,Calle Luis Matte Larraín 2312,13201,Puente Alto,13,Metropolitana de Santiago,Servicio de Salud Metropolitano Sur Oriente,Municipal,-33.58396,-70.55633
114609,COSAM,COSAM La Pintana,Calle Patagonia 12834,13112,La Pintana,13,Metropolitana de Santiago,Servicio de Salud Metropolitano Sur Oriente,Municipal,-33.583283,-70.634079
113323,CESFAM,Centro de Salud Familiar Dr. Mario Salcedo,Pasaje Mar Báltico 13256,13105,El Bosque,13,Metropolitana de Santiago,Servicio de Salud Metropolitano Sur,Municipal,-33.58208,-70.66877
114808,SAPU,SAPU San Rafael,Avenida Porto Alegre 12577,13112,La Pintana,13,Metropolitana de Santiago,Servicio de Salud Metropolitano Sur Oriente,Municipal,-33.57965,-70.63945
114308,CESFAM,Centro de Salud Familiar San Rafael,Avenida Porto Alegre 12577,13112,La Pintana,13,Metropolitana de Santiago,Servicio de Salud Metropolitano Sur Oriente,Municipal,-33.57958,-70.63909
106736,CECOSF,Centro Comunitario de Salud Familiar Cerro Alegre,Calle Agustín Kropp 583,05601,San Antonio,05,Valparaíso,Servicio de Salud Valparaíso San Antonio,Municipal,-33.57843,-71.61739
113329,CESFAM,Centro de Salud Familiar Canciller Orlando Letelier,Calle Lo Moreno 890,13105,El Bosque,13,Metropolitana de Santiago,Servicio de Salud Metropolitano Sur,Municipal,-33.57804,-70.67785
114309,CESFAM,Centro de Salud Familiar Pablo de Rokha,Calle Pedro Prado 12221,13112,La Pintana,13,Metropolitana de Santiago,Servicio de Salud Metropolitano Sur Oriente,Municipal,-33.57662,-70.64964
114809,SAPU,SAPU Pablo de Rokha,Calle Pedro Prado 12221,13112,La Pintana,13,Metropolitana de Santiago,Servicio de Salud Metropolitano Sur Oriente,Municipal,-33.576474,-70.650211
113316,CESFAM,Centro de Salud Familiar Carol Urzúa,Calle Loncomilla 958,13401,San Bernardo,13,Metropolitana de Santiago,Servicio de Salud Metropolitano Sur,Municipal,-33.57581,-70.70361
113829,SAR,SAR Eugenia Muñoz Dalmatín,Calle Mendoza 855,13401,San Bernardo,13,Metropolitana de Santiago,Servicio de Salud Metropolitano Sur,Municipal,-33.575737,-70.70347
113324,CESFAM,Centro de Salud Familiar Dra. Haydeé López Casoou,Calle Lo Martínez 862,13105,El Bosque,13,Metropolitana de Santiago,Servicio de Salud Metropolitano Sur,Municipal,-33.57010603,-70.66706145000001
113823,SAR,SAR Haydee López,Calle Lo Martínez 862,13105,El Bosque,13,Metropolitana de Santiago,Servicio de Salud Metropolitano Sur,Municipal,-33.572174,-70.667283
110366,CESFAM,Centro de Salud Familiar Juan Pablo II ( Padre Hurtado),Calle Primera Transversal 1657,13604,Padre Hurtado,13,Metropolitana de Santiago,Servicio de Salud Metropolitano Occidente,Municipal,-33.56978,-70.80515
110455,PSR,Posta de Salud Rural Pabellón,Calle Larraín,13501,Melipilla,13,Metropolitana de Santiago,Servicio de Salud Metropolitano Occidente,Municipal,-33.75062,-71.19828
110445,PSR,Posta de Salud Rural Pahuilmo,"Calle Calle Pahuilmo S/N°, Mallarauco",13501,Melipilla,13,Metropolitana de Santiago,Servicio de Salud Metropolitano Occidente,Municipal,-33.56916,-71.11575
113337,COSAM,COSAM El Bosque,Calle Padre Hurtado 11480,13105,El Bosque,13,Metropolitana de Santiago,Servicio de Salud Metropolitano Sur,Municipal,-33.568335,-70.672247
200107,SAPU,SAPU Diputado Manuel Bustos Huerta,Calle Alcalde Reinaldo Barahona 1150,05601,San Antonio,05,Valparaíso,Servicio de Salud Valparaíso San Antonio,Municipal,-33.567502,-71.606125
106336,CESFAM,Centro de Salud Familiar Diputado Manuel Bustos Huerta,Avenida Reinaldo Barahona 1150,05601,San Antonio,05,Valparaíso,Servicio de Salud Valparaíso San Antonio,Municipal,-33.56746,-71.60578
110867,SAPU,SAPU Santa Rosa de Chena,Calle Teniente Sáenz Neira 823,13604,Padre Hurtado,13,Metropolitana de Santiago,Servicio de Salud Metropolitano Occidente,Municipal,-33.564063,-70.795882
114319,CESFAM,Centro de Salud Familiar El Roble,Avenida Observatorio 1777,13112,La Pintana,13,Metropolitana de Santiago,Servicio de Salud Metropolitano Sur Oriente,Municipal,-33.56387,-70.64754
114819,SAPU,SAPU El Roble,Avenida Observatorio 1777,13112,La Pintana,13,Metropolitana de Santiago,Servicio de Salud Metropolitano Sur Oriente,Municipal,-33.563873,-70.647535
113716,CECOSF,Centro Comunitario de Salud Familiar Rapa Nui,Calle Miguel de Unamuno 2738,13401,San Bernardo,13,Metropolitana de Santiago,Servicio de Salud Metropolitano Sur,Municipal,-33.56323,-70.70594
200962,CECOSF,Centro Comunitario de Salud Familiar Los Sauces,Calle Portales 1071,13105,El Bosque,13,Metropolitana de Santiago,Servicio de Salud Metropolitano Sur,Municipal,-33.562694,-70.663764
113314,CESFAM,Centro de Salud Familiar Cóndores de Chile,Calle Agusto D`Almar 555,13105,El Bosque,13,Metropolitana de Santiago,Servicio de Salud Metropolitano Sur,Municipal,-33.56136,-70.67469
114805,SAPU,SAPU Los Quillayes,Calle Julio César 10905,13110,La Florida,13,Metropolitana de Santiago,Servicio de Salud Metropolitano Sur Oriente,Municipal,-33.560616,-70.605789
114316,CESFAM,Centro de Salud Familiar Dr. Fernando Maffioletti,Avenida Central 301,13110,La Florida,13,Metropolitana de Santiago,Servicio de Salud Metropolitano Sur Oriente,Municipal,-33.5602,-70.57852
114305,CESFAM,Centro de Salud Familiar Los Quillayes,Calle Julio César 10905,13110,La Florida,13,Metropolitana de Santiago,Servicio de Salud Metropolitano Sur Oriente,Municipal,-33.56018,-70.60598
114816,SAPU,SAPU Dr. Fernando Maffioletti,Avenida Central 301,13110,La Florida,13,Metropolitana de Santiago,Servicio de Salud Metropolitano Sur Oriente,Municipal,-33.560171,-70.578325
113812,SAPU,SAPU Dr. Carlos Lorca,Pasaje El Pajar 10675,13105,El Bosque,13,Metropolitana de Santiago,Servicio de Salud Metropolitano Sur,Municipal,-33.55933,-70.669491
114334,CESFAM,Centro de Salud Familiar José Alvo,Avenida Bacteriológico 10817,13110,La Florida,13,Metropolitana de Santiago,Servicio de Salud Metropolitano Sur Oriente,Municipal,-33.55718,-70.58201
200144,SAPU,SAPU José Alvo,Avenida Bacteriológico 10817,13110,La Florida,13,Metropolitana de Santiago,Servicio de Salud Metropolitano Sur Oriente,Municipal,-33.557172,-70.581816
114317,CESFAM,Centro de Salud Familiar Santo Tomás,Calle Santo Tomás 987,13112,La Pintana,13,Metropolitana de Santiago,Servicio de Salud Metropolitano Sur Oriente,Municipal,-33.55697,-70.61654
114817,SAPU,SAPU Santo Tomás,Avenida Santo Tomás 987,13112,La Pintana,13,Metropolitana de Santiago,Servicio de Salud Metropolitano Sur Oriente,Municipal,-33.556797,-70.616538
113312,CESFAM,Centro de Salud Familiar Dr. Carlos Lorca Tobar,Calle Claudina Parra 11028,13105,El Bosque,13,Metropolitana de Santiago,Servicio de Salud Metropolitano Sur,Municipal,-33.55415,-70.66697
114610,COSAM,COSAM La Florida,Calle Diagonal La Florida 5820,13110,La Florida,13,Metropolitana de Santiago,Servicio de Salud Metropolitano Sur Oriente,Municipal,-33.553972,-70.575392
113317,CESFAM,Centro de Salud Familiar Santa Laura,Calle Indio Gerónimo 10460,13105,El Bosque,13,Metropolitana de Santiago,Servicio de Salud Metropolitano Sur,Municipal,-33.55249,-70.68881
114325,CESFAM,Centro de Salud Familiar Granja Sur,Avenida Sofía Eastman 10009,13111,La Granja,13,Metropolitana de Santiago,Servicio de Salud Metropolitano Sur Oriente,Municipal,-33.55182,-70.62955
114828,SAPU,SAPU Poetisa Gabriela Mistral,Calle Aurora de Chile 9872,13131,San Ramón,13,Metropolitana de Santiago,Servicio de Salud Metropolitano Sur Oriente,Municipal,-33.551808,-70.640914
114825,SAPU,SAPU Granja Sur,Calle Sofía Eastman 10036,13111,La Granja,13,Metropolitana de Santiago,Servicio de Salud Metropolitano Sur Oriente,Municipal,-33.55162,-70.629382
114328,CESFAM,Centro de Salud Familiar Poetisa Gabriela Mistral,Calle Aurora de Chile 9872,13131,San Ramón,13,Metropolitana de Santiago,Servicio de Salud Metropolitano Sur Oriente,Municipal,-33.55161,-70.64073
113814,SAPU,SAPU Cóndores de Chile,Avenida Gran Avenida José Miguel Carrera 9902,13105,El Bosque,13,Metropolitana de Santiago,Servicio de Salud Metropolitano Sur,Municipal,-33.550691,-70.671985
200643,CECOSF,Centro Comunitario de Salud Familiar Los Bosquinos,Calle El Tranque 177,13119,Maipú,13,Metropolitana de Santiago,Servicio de Salud Metropolitano Central,Municipal,-33.5498,-70.79348
114606,COSAM,COSAM La Bandera,Calle La Bandera 9696,13131,San Ramón,13,Metropolitana de Santiago,Servicio de Salud Metropolitano Sur Oriente,Municipal,-33.549614,-70.645854
114330,CESFAM,Centro de Salud Familiar Trinidad,Calle Uno 10021,13110,La Florida,13,Metropolitana de Santiago,Servicio de Salud Metropolitano Sur Oriente,Municipal,-33.54721,-70.60862
200051,SAPU,SAPU Trinidad,Avenida Uno 10021,13110,La Florida,13,Metropolitana de Santiago,Servicio de Salud Metropolitano Sur Oriente,Municipal,-33.547094,-70.608477
106826,SAPU,SAPU Cartagena,Calle Crescente Errázuriz 665,05603,Cartagena,05,Valparaíso,Servicio de Salud Valparaíso San Antonio,Municipal,-33.546833,-71.598547
106326,CESFAM,Centro de Salud Familiar Cartagena,Calle Crescente Errázuriz 665,05603,Cartagena,05,Valparaíso,Servicio de Salud Valparaíso San Antonio,Municipal,-33.54679,-71.59871
200010,SAPU,SAPU Santa Laura,Calle Picton 1050,13105,El Bosque,13,Metropolitana de Santiago,Servicio de Salud Metropolitano Sur,Municipal,-33.546191,-70.683983
113717,CECOSF,Centro Comunitario de Salud Familiar Santa Laura,Calle Picton 1050,13105,El Bosque,13,Metropolitana de Santiago,Servicio de Salud Metropolitano Sur,Municipal,-33.54616,-70.68416
114706,CECOSF,Centro Comunitario de Salud Familiar Millalemu,"Calle Tricolor, Población Millalemu 805",13111,La Granja,13,Metropolitana de Santiago,Servicio de Salud Metropolitano Sur Oriente,Municipal,-33.54581,-70.61317
106421,PSR,Posta de Salud Rural El Turco,Calle Caserío El Turco,05603,Cartagena,05,Valparaíso,Servicio de Salud Valparaíso San Antonio,Municipal,-33.54581,-71.47756
114307,CESFAM,Centro de Salud Familiar La Bandera,Calle Vicuña Mackenna 1758,13131,San Ramón,13,Metropolitana de Santiago,Servicio de Salud Metropolitano Sur Oriente,Municipal,-33.54543,-70.64482
114324,CESFAM,Centro de Salud Familiar Santa Amalia,Calle Santa Amalia 202,13110,La Florida,13,Metropolitana de Santiago,Servicio de Salud Metropolitano Sur Oriente,Municipal,-33.54375,-70.59283
114824,SAPU,SAPU Santa Amalia,Calle Santa Amalia 202,13110,La Florida,13,Metropolitana de Santiago,Servicio de Salud Metropolitano Sur Oriente,Municipal,-33.543587,-70.592865
111704,CECOSF,Centro Comunitario de Salud Familiar Futramapu,Calle Judea 321,13119,Maipú,13,Metropolitana de Santiago,Servicio de Salud Metropolitano Central,Servicio de Salud,-33.5402,-70.77004
113826,SAPU,SAPU Eduardo Frei Montalva,Avenida Ossa 140,13109,La Cisterna,13,Metropolitana de Santiago,Servicio de Salud Metropolitano Sur,Municipal,-33.539064,-70.662494
113326,CESFAM,Centro de Salud Familiar Eduardo Frei Montalva,Calle Bombero Encalada 375,13109,La Cisterna,13,Metropolitana de Santiago,Servicio de Salud Metropolitano Sur,Municipal,-33.5364187,-70.6605989
114608,COSAM,COSAM La Granja,Calle Angol 8363,13111,La Granja,13,Metropolitana de Santiago,Servicio de Salud Metropolitano Sur Oriente,Municipal,-33.538159,-70.61477
114796,CECOSF,Centro Comunitario de Salud Familiar San Gregorio,Calle Angol 8363,13111,La Granja,13,Metropolitana de Santiago,Servicio de Salud Metropolitano Sur Oriente,Municipal,-33.53809,-70.61461
114814,SAPU,SAPU San Ramón,Calle Uruguay 1760,13131,San Ramón,13,Metropolitana de Santiago,Servicio de Salud Metropolitano Sur Oriente,Municipal,-33.537991,-70.640711
114314,CESFAM,Centro de Salud Familiar Dr. Salvador Allende (Ex Consultorio San Ramón),Calle Los Claveles 8097,13131,San Ramón,13,Metropolitana de Santiago,Servicio de Salud Metropolitano Sur Oriente,Municipal,-33.532855,-70.642517
114806,SAPU,SAPU La Granja,Calle San Gregorio 28,13111,La Granja,13,Metropolitana de Santiago,Servicio de Salud Metropolitano Sur Oriente,Municipal,-33.537049,-70.633284
114306,CESFAM,Centro de Salud Familiar La Granja,Avenida San Gregorio 28,13111,La Granja,13,Metropolitana de Santiago,Servicio de Salud Metropolitano Sur Oriente,Municipal,-33.537,-70.63367
114607,COSAM,COSAM La Rinconada,Calle Rinconada 8460,13131,San Ramón,13,Metropolitana de Santiago,Servicio de Salud Metropolitano Sur Oriente,Municipal,-33.536665,-70.640814
111780,CECOSF,Centro Comunitario de Salud Familiar Europa,Calle Europa 220,13119,Maipú,13,Metropolitana de Santiago,Servicio de Salud Metropolitano Central,Servicio de Salud,-33.53588,-70.77421
200475,CECOSF,Centro Comunitario de Salud Familiar Las Lomas,Avenida Jardin Alto 9057,13110,La Florida,13,Metropolitana de Santiago,Servicio de Salud Metropolitano Sur Oriente,Municipal,-33.5353,-70.55749
113396,CESFAM,Centro de Salud Familiar Pueblo Lo Espejo,Avenida Lo Espejo 2891,13116,Lo Espejo,13,Metropolitana de Santiago,Servicio de Salud Metropolitano Sur,Municipal,-33.53472,-70.69643
200360,CECOSF,Centro Comunitario de Salud Familiar Eduardo Frei Montalva,Calle Victoria 8396,13109,La Cisterna,13,Metropolitana de Santiago,Servicio de Salud Metropolitano Sur,Municipal,-33.53306,-70.65177
106406,PSR,Posta de Salud Rural Lo Zárate,Calle Caserío Lo Zárate,05603,Cartagena,05,Valparaíso,Servicio de Salud Valparaíso San Antonio,Municipal,-33.53304,-71.52763
114804,SAPU,SAPU Villa O'Higgins,Calle Santa Julia 870,13110,La Florida,13,Metropolitana de Santiago,Servicio de Salud Metropolitano Sur Oriente,Municipal,-33.531441,-70.604288
114304,CESFAM,Centro de Salud Familiar Villa O'Higgins,Calle Santa Julia 870,13110,La Florida,13,Metropolitana de Santiago,Servicio de Salud Metropolitano Sur Oriente,Municipal,-33.53124,-70.60422
113311,CESFAM,Centro de Salud Familiar Santa Anselma,Calle Fernando de Aragón 8365,13109,La Cisterna,13,Metropolitana de Santiago,Servicio de Salud Metropolitano Sur,Municipal,-33.52959,-70.66737
111380,CESFAM,Centro de Salud Familiar Dr. Carlos Godoy,Avenida El Conquistador 1565,13119,Maipú,13,Metropolitana de Santiago,Servicio de Salud Metropolitano Central,Municipal,-33.52776,-70.79639
114315,CESFAM,Centro de Salud Familiar Malaquías Concha,Avenida Linares 585,13111,La Granja,13,Metropolitana de Santiago,Servicio de Salud Metropolitano Sur Oriente,Municipal,-33.52746,-70.6213
111382,CESFAM,Centro de Salud Familiar Presidenta Michelle Bachelet,Calle Nueva San Martín 776,13119,Maipú,13,Metropolitana de Santiago,Servicio de Salud Metropolitano Central,Municipal,-33.5254,-70.76784
106409,CECOSF,Centro Comunitario de Salud Familiar San Sebastian,"Avenida Central, San Sebastian 124",05603,Cartagena,05,Valparaíso,Servicio de Salud Valparaíso San Antonio,Municipal,-33.52637,-71.59618
113309,CESFAM,Centro de Salud Familiar Julio Acuña Pinzón,Avenida Central Raúl Silva Henríquez 8260,13116,Lo Espejo,13,Metropolitana de Santiago,Servicio de Salud Metropolitano Sur,Municipal,-33.52243,-70.69732
113809,SAR,SAR Julio Acuña Pinzón,Avenida Central 8260,13116,Lo Espejo,13,Metropolitana de Santiago,Servicio de Salud Metropolitano Sur,Municipal,-33.522311,-70.697161
106408,PSR,Posta de Salud Rural Lo Abarca,Calle Aldea Lo Abarca,05603,Cartagena,05,Valparaíso,Servicio de Salud Valparaíso San Antonio,Municipal,-33.52184,-71.54215
114714,CECOSF,Centro Comunitario de Salud Familiar Modelo,Calle Alvear 6543,13131,San Ramón,13,Metropolitana de Santiago,Servicio de Salud Metropolitano Sur Oriente,Municipal,-33.519808,-70.642705
113807,SAPU,SAPU Padre Esteban Gumucio,Avenida Padre Esteban Gumucio 281,13111,La Granja,13,Metropolitana de Santiago,Servicio de Salud Metropolitano Sur Oriente,Municipal,-33.519708,-70.624091
113307,CESFAM,Centro de Salud Familiar Padre Esteban Gumucio Vives,Avenida Central 281,13111,La Granja,13,Metropolitana de Santiago,Servicio de Salud Metropolitano Sur Oriente,Municipal,-33.5196,-70.62398
114303,CESFAM,Centro de Salud Familiar Bellavista,Calle Froilan Roa 6420,13110,La Florida,13,Metropolitana de Santiago,Servicio de Salud Metropolitano Sur Oriente,Municipal,-33.51856,-70.60222
114409,PSR,Posta de Salud Rural Las Perdices,Calle El Panul 6706,13110,La Florida,13,Metropolitana de Santiago,Servicio de Salud Metropolitano Sur Oriente,Municipal,-33.51736,-70.5445
200132,SAPU,SAPU María Pinto,Calle Francisco Costabal 78,13504,Maria Pinto,13,Metropolitana de Santiago,Servicio de Salud Metropolitano Occidente,Municipal,-33.517179,-71.124818
110385,CESFAM,Centro de Salud Familiar Adriana Madrid De Costabal,Avenida Francisco Costabal,13504,Maria Pinto,13,Metropolitana de Santiago,Servicio de Salud Metropolitano Occidente,Municipal,-33.51714,-71.12501
113308,CESFAM,Centro de Salud Familiar Clara Estrella,Calle Putre 6868,13116,Lo Espejo,13,Metropolitana de Santiago,Servicio de Salud Metropolitano Sur,Municipal,-33.51493,-70.67617
114831,SAPU,SAPU La Florida,Avenida La Florida 6015,13110,La Florida,13,Metropolitana de Santiago,Servicio de Salud Metropolitano Sur Oriente,Municipal,-33.514807,-70.585529
113808,SAPU,SAPU Clara Estrella,Calle Putre 6868,13116,Lo Espejo,13,Metropolitana de Santiago,Servicio de Salud Metropolitano Sur,Municipal,-33.514798,-70.676271
114331,CESFAM,Centro de Salud Familiar La Florida,Avenida La Florida 6015,13110,La Florida,13,Metropolitana de Santiago,Servicio de Salud Metropolitano Sur Oriente,Municipal,-33.51466,-70.58581
111309,CESFAM,Centro de Salud Familiar Dra. Ana María Juricic,Calle El Conquistador 1841,13119,Maipú,13,Metropolitana de Santiago,Servicio de Salud Metropolitano Central,Servicio de Salud,-33.51407,-70.7966
111809,SAPU,SAPU Dra. Ana María Juricic,Calle El Conquistador 1841,13119,Maipú,13,Metropolitana de Santiago,Servicio de Salud Metropolitano Central,Servicio de Salud,-33.513934,-70.79687
111400,CECOSF,Centro Comunitario de Salud Familiar Rinconada de Maipú,Calle Camino Rinconada,13119,Maipú,13,Metropolitana de Santiago,Servicio de Salud Metropolitano Central,Servicio de Salud,-33.51317,-70.82542
113722,CECOSF,Centro Comunitario de Salud Familiar Dr. Salvador Allende,Calle Juan Aravena 472,13129,San Joaquín,13,Metropolitana de Santiago,Servicio de Salud Metropolitano Sur,Municipal,-33.51265,-70.63664
114802,SAPU,SAPU Los Castaños,Calle Diagonal Los Castaños 5820,13110,La Florida,13,Metropolitana de Santiago,Servicio de Salud Metropolitano Sur Oriente,Municipal,-33.512075,-70.578137
114302,CESFAM,Centro de Salud Familiar Los Castaños,Calle Diagonal Los Castaños 5820,13110,La Florida,13,Metropolitana de Santiago,Servicio de Salud Metropolitano Sur Oriente,Municipal,-33.51188,-70.57798
200210,CECOSF,Centro Comunitario de Salud Familiar Coñimo,Pasaje Catruman 275,13129,San Joaquín,13,Metropolitana de Santiago,Servicio de Salud Metropolitano Sur,Municipal,-33.51077,-70.62374
113302,CESFAM,Centro de Salud Familiar Recreo,Calle Varas Mena 785,13130,San Miguel,13,Metropolitana de Santiago,Servicio de Salud Metropolitano Sur,Municipal,-33.51012,-70.64902
113642,COSAM,COSAM Lo Espejo,Pasaje confirmar 2379,13116,Lo Espejo,13,Metropolitana de Santiago,Servicio de Salud Metropolitano Sur,Municipal,-33.509211,-70.677547
112315,CESFAM,Centro de Salud Familiar San Luis,Calle La Pradera 5370,13122,Peñalolén,13,Metropolitana de Santiago,Servicio de Salud Metropolitano Oriente,Municipal,-33.50812,-70.57799
113810,SAPU,SAPU Dental Valledor Tres,Calle José María Caro 3849,13116,Lo Espejo,13,Metropolitana de Santiago,Servicio de Salud Metropolitano Sur,Municipal,-33.507512,-70.694361
113310,CESFAM,Centro de Salud Familiar Dra. Mariela Salgado Zepeda,Calle José María Caro 3849,13116,Lo Espejo,13,Metropolitana de Santiago,Servicio de Salud Metropolitano Sur,Municipal,-33.50742,-70.69407
113820,SAPU,SAPU Dra. Mariela Salgado,Avenida Cardenal Caro 3849,13116,Lo Espejo,13,Metropolitana de Santiago,Servicio de Salud Metropolitano Sur,Municipal,-33.507337,-70.694295
113822,SAPU,SAPU Santa Teresa de Los Andes,Pasaje Huara 5379,13129,San Joaquín,13,Metropolitana de Santiago,Servicio de Salud Metropolitano Sur,Municipal,-33.506319,-70.62454
113322,CESFAM,Centro de Salud Familiar Santa Teresa de Los Andes,Pasaje Huara 5379,13129,San Joaquín,13,Metropolitana de Santiago,Servicio de Salud Metropolitano Sur,Municipal,-33.5063,-70.62439
111308,CESFAM,Centro de Salud Familiar Dr. José Eduardo Ahués Salame,Avenida Independencia 2200,13119,Maipú,13,Metropolitana de Santiago,Servicio de Salud Metropolitano Central,Servicio de Salud,-33.50543,-70.77435
113802,SAR,SAR San Miguel,Calle Llico 567,13130,San Miguel,13,Metropolitana de Santiago,Servicio de Salud Metropolitano Sur,Municipal,-33.504957,-70.642698
111804,SAPU,SAPU Maipú,Avenida Pajaritos 2470,13119,Maipú,13,Metropolitana de Santiago,Servicio de Salud Metropolitano Central,Servicio de Salud,-33.504336,-70.758607
111304,CESFAM,Centro de Salud Familiar Maipú,Avenida Ramón Freire 2470,13119,Maipú,13,Metropolitana de Santiago,Servicio de Salud Metropolitano Central,Servicio de Salud,-33.50432,-70.75815
112815,SAPU,SAPU San Luis,Calle Los Cerezos 5556,13122,Peñalolén,13,Metropolitana de Santiago,Servicio de Salud Metropolitano Oriente,Municipal,-33.503774,-70.574054
200361,CECOSF,Centro Comunitario de Salud Familiar Atacama,Calle Segunda Avenida 1462,13130,San Miguel,13,Metropolitana de Santiago,Servicio de Salud Metropolitano Sur,Municipal,-33.50374,-70.66271
110505,PSR,Posta de Salud Rural Pichi,Calle Sector Pichi,13502,Alhué,13,Metropolitana de Santiago,Servicio de Salud Metropolitano Occidente,Municipal,-33.98443,-71.06306
113803,SAR,SAR Dr. Amador Neghme R.,Calle Llanquihue 6043,13121,Pedro Aguirre Cerda,13,Metropolitana de Santiago,Servicio de Salud Metropolitano Sur,Municipal,-33.503567,-70.675846
113303,CESFAM,Centro de Salud Familiar Amador Neghme,Calle Alhué 2810,13121,Pedro Aguirre Cerda,13,Metropolitana de Santiago,Servicio de Salud Metropolitano Sur,Municipal,-33.50346,-70.67606
111607,COSAM,COSAM Maipú,Calle O'Higgins 1000,13119,Maipú,13,Metropolitana de Santiago,Servicio de Salud Metropolitano Central,Municipal,-33.502803,-70.769791
113304,CESFAM,Centro de Salud Familiar Villa Sur,Calle Clotario Blest 6035,13121,Pedro Aguirre Cerda,13,Metropolitana de Santiago,Servicio de Salud Metropolitano Sur,Municipal,-33.50158,-70.68072
112312,CESFAM,Centro de Salud Familiar Félix de Amesti,Calle El Líbano 5557,13118,Macul,13,Metropolitana de Santiago,Servicio de Salud Metropolitano Oriente,Municipal,-33.5015,-70.59393
111307,CESFAM,Centro de Salud Familiar Enfermera Sofía Pincheira,Avenida Las Torres 7590,13102,Cerrillos,13,Metropolitana de Santiago,Servicio de Salud Metropolitano Central,Servicio de Salud,-33.50148,-70.73355
200189,SAR,SAR Enfermera Sofía Pincheira,Avenida Las Torres 7590,13102,Cerrillos,13,Metropolitana de Santiago,Servicio de Salud Metropolitano Central,Servicio de Salud,-33.501479,-70.733545
113703,CECOSF,Centro Comunitario de Salud Familiar Dr. Miguel Enríquez Espinosa,Calle Cooperación 6041,13121,Pedro Aguirre Cerda,13,Metropolitana de Santiago,Servicio de Salud Metropolitano Sur,Municipal,-33.50027,-70.68552
200337,CECOSF,Centro Comunitario de Salud Familiar Martín Henríquez,Calle Martín Henríquez 4537,13129,San Joaquín,13,Metropolitana de Santiago,Servicio de Salud Metropolitano Sur,Municipal,-33.49891,-70.63273
106416,CECOSF,Centro Comunitario de Salud Familiar Las Cruces (El Tabo),Calle Lincoln 174,05605,El Tabo,05,Valparaíso,Servicio de Salud Valparaíso San Antonio,Municipal,-33.498534,-71.626162
113753,CECOSF,Centro Comunitario de Salud Familiar Reverendo Javier Peró,Calle Reverendo Javier Peró 145,13129,San Joaquín,13,Metropolitana de Santiago,Servicio de Salud Metropolitano Sur,Municipal,-33.49815,-70.62411
111784,CECOSF,Centro Comunitario de Salud Familiar Bueras,Calle Bueras 456,13119,Maipú,13,Metropolitana de Santiago,Servicio de Salud Metropolitano Central,Municipal,-33.49647,-70.76305
111608,COSAM,COSAM Cerrillos,Calle 19 de Septiembre 6161,13102,Cerrillos,13,Metropolitana de Santiago,Servicio de Salud Metropolitano Central,Municipal,-33.493615,-70.708752
112319,CESFAM,Centro de Salud Familiar Padre Alberto Hurtado,Calle Arturo Prat 4345,13118,Macul,13,Metropolitana de Santiago,Servicio de Salud Metropolitano Oriente,Municipal,-33.49348,-70.61511
111805,SAPU,SAPU Dr. Norman Voulliéme,Calle Salomón Sack 1323,13102,Cerrillos,13,Metropolitana de Santiago,Servicio de Salud Metropolitano Central,Servicio de Salud,-33.493334,-70.719326
111305,CESFAM,Centro de Salud Familiar Dr. Norman Voulliéme,Calle Salomón Sack 6376,13102,Cerrillos,13,Metropolitana de Santiago,Servicio de Salud Metropolitano Central,Servicio de Salud,-33.49331,-70.7192
113338,COSAM,COSAM Pedro Aguirre Cerda,Avenida La Marina 2256,13121,Pedro Aguirre Cerda,13,Metropolitana de Santiago,Servicio de Salud Metropolitano Sur,Municipal,-33.492859,-70.669761
113305,CESFAM,Centro de Salud Familiar Arturo Baeza Goñi,Calle Álvarez de Toledo 399,13129,San Joaquín,13,Metropolitana de Santiago,Servicio de Salud Metropolitano Sur,Municipal,-33.49196,-70.63322
113341,COSAM,COSAM San Joaquín,Calle Álvarez de Toledo 569,13129,San Joaquín,13,Metropolitana de Santiago,Servicio de Salud Metropolitano Sur,Municipal,-33.49184,-70.638206
111379,CESFAM,Centro de Salud Familiar Clotario Blest,Calle Los Trabajadores 999,13119,Maipú,13,Metropolitana de Santiago,Servicio de Salud Metropolitano Central,Municipal,-33.49003,-70.74488
113306,CESFAM,Centro de Salud Familiar Padre Pierre Dubois (Ex La Feria),Calle Los Comandos 4772,13121,Pedro Aguirre Cerda,13,Metropolitana de Santiago,Servicio de Salud Metropolitano Sur,Municipal,-33.48971,-70.67602
113806,SAPU,SAPU La Feria,Calle Uno Oriente 3939,13121,Pedro Aguirre Cerda,13,Metropolitana de Santiago,Servicio de Salud Metropolitano Sur,Municipal,-33.489687,-70.676158
110430,PSR,Posta de Salud Rural San Antonio de Naltagua,Calle Aldea San Antonio Naltagua,13603,Isla de Maipo,13,Metropolitana de Santiago,Servicio de Salud Metropolitano Occidente,Municipal,-33.733259,-71.022697
111303,CESFAM,Centro de Salud Familiar Lo Valledor Norte,Avenida Cooperación 4661,13121,Pedro Aguirre Cerda,13,Metropolitana de Santiago,Servicio de Salud Metropolitano Sur,Municipal,-33.4953803,-70.6832112
200011,SAR,SAR Enrique Molina,Calle Schwager 307,13129,San Joaquín,13,Metropolitana de Santiago,Servicio de Salud Metropolitano Sur,Municipal,-33.486624,-70.623535
113301,CESFAM,Centro de Salud Familiar San Joaquín,Calle Francisca de Rimini 3223,13129,San Joaquín,13,Metropolitana de Santiago,Servicio de Salud Metropolitano Sur,Municipal,-33.48649,-70.62353
113702,CECOSF,Centro Comunitario de Salud Familiar Sierra Bella,Calle Sierra Bella 3208,13129,San Joaquín,13,Metropolitana de Santiago,Servicio de Salud Metropolitano Sur,Municipal,-33.4861,-70.63252
111378,CESFAM,Centro de Salud Familiar Dr. Iván Insunza,Calle Mar de Chile 491,13119,Maipú,13,Metropolitana de Santiago,Servicio de Salud Metropolitano Central,Municipal,-33.48427,-70.77135
200141,SAPU,SAPU Dr. Iván Insunza,Calle Mar de Chile 491,13119,Maipú,13,Metropolitana de Santiago,Servicio de Salud Metropolitano Central,Municipal,-33.48424,-70.771537
113300,CESFAM,Centro de Salud Familiar Barros Luco,Calle Ángel Guarello 1319,13130,San Miguel,13,Metropolitana de Santiago,Servicio de Salud Metropolitano Sur,Municipal,-33.49346,-70.65739
113331,CESFAM,Centro de Salud Familiar Edgardo Enríquez Fröedden,Avenida Clotario Blest 2650,13121,Pedro Aguirre Cerda,13,Metropolitana de Santiago,Servicio de Salud Metropolitano Sur,Municipal,-33.48019,-70.66908
113831,SAPU,SAPU Edgardo Enríquez Froedden,Calle Clotario Blest 2650,13121,Pedro Aguirre Cerda,13,Metropolitana de Santiago,Servicio de Salud Metropolitano Sur,Municipal,-33.47999,-70.669113
112716,CECOSF,Centro Comunitario de Salud Familiar Esperanza Andina,Calle Nueva Vida 2087,13122,Peñalolén,13,Metropolitana de Santiago,Servicio de Salud Metropolitano Oriente,Municipal,-33.47927,-70.53354
112607,COSAM,COSAM Macul,Calle Gregorio de la Fuente 3556,13118,Macul,13,Metropolitana de Santiago,Servicio de Salud Metropolitano Oriente,Municipal,-33.478459,-70.594973
113701,CECOSF,Centro Comunitario de Salud Familiar Yalta,Calle Yalta 2514,13129,San Joaquín,13,Metropolitana de Santiago,Servicio de Salud Metropolitano Sur,Municipal,-33.47838,-70.63665
200346,CECOSF,Centro Comunitario de Salud Familiar Buzeta,Avenida Carlos Valdovinos 3955,13102,Cerrillos,13,Metropolitana de Santiago,Servicio de Salud Metropolitano Central,Servicio de Salud,-33.477976,-70.689536
112816,SAR,SAR Carol Urzúa Ibáñez,Avenida Consistorial 1960,13122,Peñalolén,13,Metropolitana de Santiago,Servicio de Salud Metropolitano Oriente,Municipal,-33.476945,-70.543306
112318,CESFAM,Centro de Salud Familiar Lo Hermida,Calle Coronel Alejandro Sepúlveda 6931,13122,Peñalolén,13,Metropolitana de Santiago,Servicio de Salud Metropolitano Oriente,Municipal,-33.47694,-70.56272
112316,CESFAM,Centro de Salud Familiar Carol Urzúa Ibáñez,Avenida Consistorial 1960,13122,Peñalolén,13,Metropolitana de Santiago,Servicio de Salud Metropolitano Oriente,Municipal,-33.4769,-70.543
112313,CESFAM,Centro de Salud Familiar Santa Julia,Calle Santa Julia 2309,13118,Macul,13,Metropolitana de Santiago,Servicio de Salud Metropolitano Oriente,Municipal,-33.47636,-70.59288
112813,SAPU,SAPU Santa Julia,Calle Santa Julia 2309,13118,Macul,13,Metropolitana de Santiago,Servicio de Salud Metropolitano Oriente,Municipal,-33.476164,-70.592841
111781,CECOSF,Centro Comunitario de Salud Familiar Villa Francia,Calle Las Estepas 1217,13106,Estación Central,13,Metropolitana de Santiago,Servicio de Salud Metropolitano Central,Servicio de Salud,-33.47482,-70.71547
112818,SAPU,SAPU Lo Hermida,Calle Litoral 5960,13122,Peñalolén,13,Metropolitana de Santiago,Servicio de Salud Metropolitano Oriente,Municipal,-33.473978,-70.574093
112322,CESFAM,Centro de Salud Familiar Padre Gerardo Whelan,Avenida Litoral 5960,13122,Peñalolén,13,Metropolitana de Santiago,Servicio de Salud Metropolitano Oriente,Municipal,-33.47397,-70.57423
111306,CESFAM,Centro de Salud Familiar San José de Chuchunco,Calle Coihaique 6025,13106,Estación Central,13,Metropolitana de Santiago,Servicio de Salud Metropolitano Central,Servicio de Salud,-33.47368,-70.70598
111806,SAPU,SAPU San José de Chuchunco,Calle Coihaique 6025,13106,Estación Central,13,Metropolitana de Santiago,Servicio de Salud Metropolitano Central,Servicio de Salud,-33.473631,-70.706178
111383,CESFAM,Centro de Salud Familiar Dr. Luis Ferrada,Calle Tierra Fértil 5161,13119,Maipú,13,Metropolitana de Santiago,Servicio de Salud Metropolitano Central,Municipal,-33.47317,-70.75602
111783,CECOSF,Centro Comunitario de Salud Familiar Lo Errázuriz,Avenida Sur de Chile,13119,Maipú,13,Metropolitana de Santiago,Servicio de Salud Metropolitano Central,Municipal,-33.47305,-70.72501
111302,CESFAM,Centro de Salud Familiar Padre Vicente Irarrázabal,Calle 21 de Mayo 1854,13106,Estación Central,13,Metropolitana de Santiago,Servicio de Salud Metropolitano Central,Servicio de Salud,-33.47284,-70.69189
200117,SAPU,SAPU Padre Vicente Irarrázabal,Calle 21 de Mayo 1854,13106,Estación Central,13,Metropolitana de Santiago,Servicio de Salud Metropolitano Central,Servicio de Salud,-33.472719,-70.692094
112608,COSAM,COSAM Ñuñoa,Calle Pichidangui 3650,13120,Ñuñoa,13,Metropolitana de Santiago,Servicio de Salud Metropolitano Oriente,Municipal,-33.471996,-70.593605
112321,CESFAM,Centro de Salud Familiar Cardenal Silva Henríquez,Calle Río Claro 1020,13122,Peñalolén,13,Metropolitana de Santiago,Servicio de Salud Metropolitano Oriente,Municipal,-33.47039,-70.53223
112810,SAPU,SAPU Rosita Renard,Calle Las Encinas 2801,13120,Ñuñoa,13,Metropolitana de Santiago,Servicio de Salud Metropolitano Oriente,Municipal,-33.469329,-70.602479
112310,CESFAM,Centro de Salud Familiar Rosita Renard,Calle Las Encinas 2801,13120,Ñuñoa,13,Metropolitana de Santiago,Servicio de Salud Metropolitano Oriente,Municipal,-33.46924,-70.6029
112814,SAPU,SAPU La Faena,Avenida Los Orientales 7250,13122,Peñalolén,13,Metropolitana de Santiago,Servicio de Salud Metropolitano Oriente,Municipal,-33.468245,-70.555657
112610,COSAM,COSAM Peñalolén,Avenida Oriental 7250,13122,Peñalolén,13,Metropolitana de Santiago,Servicio de Salud Metropolitano Oriente,Municipal,-33.468233,-70.555916
111372,CESFAM,Centro de Salud Familiar Arauco,Calle Sepúlveda Leyton 3288,13101,Santiago,13,Metropolitana de Santiago,Servicio de Salud Metropolitano Central,Municipal,-33.46803,-70.67045
112314,CESFAM,Centro de Salud Familiar La Faena,Avenida Oriental 7250,13122,Peñalolén,13,Metropolitana de Santiago,Servicio de Salud Metropolitano Oriente,Municipal,-33.46793,-70.55601
110465,PSR,Posta de Salud Rural Santa Emilia,Calle Aldea Santa Emilia,13504,Maria Pinto,13,Metropolitana de Santiago,Servicio de Salud Metropolitano Occidente,Municipal,-33.46678,-71.10237
111370,CESFAM,Centro de Salud Familiar Padre Orellana,Calle Padre Orellana 1706,13101,Santiago,13,Metropolitana de Santiago,Servicio de Salud Metropolitano Central,Municipal,-33.468114,-70.642536
112311,CESFAM,Centro de Salud Familiar Salvador Bustos,Avenida Grecia 4369,13120,Ñuñoa,13,Metropolitana de Santiago,Servicio de Salud Metropolitano Oriente,Municipal,-33.466,-70.58777
111606,COSAM,COSAM Estación Central,Calle Padre Vicente Irarrázabal 1313,13106,Estación Central,13,Metropolitana de Santiago,Servicio de Salud Metropolitano Central,Municipal,-33.46567,-70.69349
200236,CECOSF,Centro Comunitario de Salud Familiar Villa Olímpica,Avenida Salvador 1350,13120,Ñuñoa,13,Metropolitana de Santiago,Servicio de Salud Metropolitano Oriente,Municipal,-33.46407,-70.62052
110754,CECOSF,Centro Comunitario de Salud Familiar Río Claro,Pasaje Río Claro 8312 - 8314,13124,Pudahuel,13,Metropolitana de Santiago,Servicio de Salud Metropolitano Occidente,Municipal,-33.46392,-70.74841
110752,CECOSF,Centro Comunitario de Salud Familiar Padre Félix Gutiérrez Donoso,Calle Laguna Conguillío  / Laguna San Rafael S/N 267,13124,Pudahuel,13,Metropolitana de Santiago,Servicio de Salud Metropolitano Occidente,Municipal,-33.46168,-70.75021
112717,CECOSF,Centro Comunitario de Salud Familiar Dragones de La Reina,Calle Dragones de La Reina 616,13113,La Reina,13,Metropolitana de Santiago,Servicio de Salud Metropolitano Oriente,Municipal,-33.46059,-70.56223
110352,CESFAM,Centro de Salud Familiar Dr. Gustavo Molina,Calle Laguna Sur 8759,13124,Pudahuel,13,Metropolitana de Santiago,Servicio de Salud Metropolitano Occidente,Municipal,-33.45813,-70.76084
200131,SAPU,SAPU Violeta Parra,Avenida La Travesía 7447,13124,Pudahuel,13,Metropolitana de Santiago,Servicio de Salud Metropolitano Occidente,Municipal,-33.456985,-70.74293
110354,CESFAM,Centro de Salud Familiar Violeta Parra,Avenida Travesía 7447,13124,Pudahuel,13,Metropolitana de Santiago,Servicio de Salud Metropolitano Occidente,Municipal,-33.45694,-70.74275
112606,COSAM,COSAM La Reina,Calle Simón Gonzalez 8199,13113,La Reina,13,Metropolitana de Santiago,Servicio de Salud Metropolitano Oriente,Municipal,-33.456921,-70.533727
112320,CESFAM,Centro de Salud Familiar Juan Pablo II ( La Reina),Calle Parinacota 440,13113,La Reina,13,Metropolitana de Santiago,Servicio de Salud Metropolitano Oriente,Municipal,-33.45686,-70.53265
106338,CESFAM,Centro de Salud Familiar El Tabo,Avenida San Marcos 729,05605,El Tabo,05,Valparaíso,Servicio de Salud Valparaíso San Antonio,Municipal,-33.45674,-71.66318
200926,SUR,SUR El Tabo,Avenida San Marcos 729,05605,El Tabo,05,Valparaíso,Servicio de Salud Valparaíso San Antonio,Municipal,-33.456737,-71.663179
200611,SAPU,SAPU El Tabo,Avenida San Marcos 729,05605,El Tabo,05,Valparaíso,Servicio de Salud Valparaíso San Antonio,Municipal,-33.456697,-71.663341
111800,SAPU,SAPU Consultorio Nº1,Calle Copiapó 1323,13101,Santiago,13,Metropolitana de Santiago,Servicio de Salud Metropolitano Central,Servicio de Salud,-33.455638,-70.652567
111300,CESFAM,Centro de Salud Familiar N° 1 Dr. Ramón Corbalán Melgarejo,Calle Copiapó 1323,13101,Santiago,13,Metropolitana de Santiago,Servicio de Salud Metropolitano Central,Servicio de Salud,-33.45544,-70.65273
110477,CECOSF,Centro Comunitario de Salud Familiar María Salas,"Otro Batalla San Juan, Sector de Cerrillos 35.5",13503,Curacaví,13,Metropolitana de Santiago,Servicio de Salud Metropolitano Occidente,Servicio de Salud,-33.45557,-71.02872
200125,SAR,SAR Dr. Raúl Yazigi,Calle Caleta Iquique 214,13117,Lo Prado,13,Metropolitana de Santiago,Servicio de Salud Metropolitano Occidente,Municipal,-33.451978,-70.715985
111310,CESFAM,Centro de Salud Familiar Las Mercedes,Calle Embajador Quintana 5020,13106,Estación Central,13,Metropolitana de Santiago,Servicio de Salud Metropolitano Central,Servicio de Salud,-33.45198,-70.70393
110340,CESFAM,Centro de Salud Familiar Dr. Raúl Yazigi,Calle Caleta Iquique 214,13117,Lo Prado,13,Metropolitana de Santiago,Servicio de Salud Metropolitano Occidente,Municipal,-33.45176,-70.71605
111301,CESFAM,Centro de Salud Familiar Nº 5,Calle Unión Latinoamericana 98,13101,Santiago,13,Metropolitana de Santiago,Servicio de Salud Metropolitano Central,Servicio de Salud,-33.45118,-70.67377
110758,CECOSF,Centro Comunitario de Salud Familiar Santa Corina,Calle Relacionador Aranguíz 645,13124,Pudahuel,13,Metropolitana de Santiago,Servicio de Salud Metropolitano Occidente,Municipal,-33.45005,-70.7462
200129,SAPU,SAPU Pablo Neruda,Calle Dorsal 6741,13117,Lo Prado,13,Metropolitana de Santiago,Servicio de Salud Metropolitano Occidente,Municipal,-33.45001,-70.730382
110316,CESFAM,Centro de Salud Familiar Pablo Neruda,Calle Dorsal 6741,13117,Lo Prado,13,Metropolitana de Santiago,Servicio de Salud Metropolitano Occidente,Municipal,-33.45,-70.73009
110622,COSAM,COSAM Pudahuel,Calle Santa Corina 8629,13124,Pudahuel,13,Metropolitana de Santiago,Servicio de Salud Metropolitano Occidente,Servicio de Salud,-33.44813,-70.751639
111609,COSAM,COSAM Santiago,Calle Rojas Jiménez 21,13101,Santiago,13,Metropolitana de Santiago,Servicio de Salud Metropolitano Central,Municipal,-33.447963,-70.632701
110351,CESFAM,Centro de Salud Familiar Pudahuel Poniente,Calle Federico Errázuriz 620,13124,Pudahuel,13,Metropolitana de Santiago,Servicio de Salud Metropolitano Occidente,Municipal,-33.44743,-70.76289
112611,COSAM,COSAM Provisam,Calle Manuel Montt 2051,13123,Providencia,13,Metropolitana de Santiago,Servicio de Salud Metropolitano Oriente,Municipal,-33.446577,-70.61415
201015,SAR,SAR Violeta Parra,Calle Teniente Cruz 800,13124,Pudahuel,13,Metropolitana de Santiago,Servicio de Salud Metropolitano Occidente,Municipal,-33.445429,-70.740969
112301,CESFAM,Centro de Salud Familiar Dr. Hernán Alessandri,Calle Los Jesuitas 857,13123,Providencia,13,Metropolitana de Santiago,Servicio de Salud Metropolitano Oriente,Municipal,-33.44423,-70.62043
200342,CECOSF,Centro Comunitario de Salud Familiar Plaza México,Calle Huérfanos 4490,13126,Quinta Normal,13,Metropolitana de Santiago,Servicio de Salud Metropolitano Occidente,Municipal,-33.44401,-70.69621
200037,CECOSF,Centro Comunitario de Salud Familiar Elena Caffarena,Calle Marín 520,13123,Providencia,13,Metropolitana de Santiago,Servicio de Salud Metropolitano Oriente,Municipal,-33.44365,-70.62476
200143,SAPU,SAPU Aguilucho,Calle El Aguilucho 3235,13123,Providencia,13,Metropolitana de Santiago,Servicio de Salud Metropolitano Oriente,Municipal,-33.443182,-70.597762
112317,CESFAM,Centro de Salud Familiar Ossandon,Calle Echenique 8419,13113,La Reina,13,Metropolitana de Santiago,Servicio de Salud Metropolitano Oriente,Municipal,-33.44286,-70.54447
112303,CESFAM,Centro de Salud Familiar Aguilucho,Calle El Aguilucho 3292,13123,Providencia,13,Metropolitana de Santiago,Servicio de Salud Metropolitano Oriente,Municipal,-33.44267,-70.5971
106405,PSR,Posta de Salud Rural Lagunillas,Calle Rojas Montt,05102,Casablanca,05,Valparaíso,Servicio de Salud Valparaíso San Antonio,Municipal,-33.44247,-71.45254
110627,COSAM,COSAM Municipal de Pudahuel,Calle San Pablo 9176,13124,Pudahuel,13,Metropolitana de Santiago,Servicio de Salud Metropolitano Occidente,Municipal,-33.442437,-70.76465
200139,SAPU,SAPU Pudahuel Poniente,Calle Federico Errázuriz 620,13124,Pudahuel,13,Metropolitana de Santiago,Servicio de Salud Metropolitano Occidente,Municipal,-33.442413,-70.764867
200389,CECOSF,Centro Comunitario de Salud Familiar Amapolas,Calle Amapolas 4899,13120,Ñuñoa,13,Metropolitana de Santiago,Servicio de Salud Metropolitano Oriente,Municipal,-33.44031,-70.58001
110621,COSAM,COSAM Lo Prado,Calle San Germán 1052,13117,Lo Prado,13,Metropolitana de Santiago,Servicio de Salud Metropolitano Occidente,Municipal,-33.439516,-70.719801
110315,CESFAM,Centro de Salud Familiar Santa Anita,Calle Camino de Loyola 5302,13117,Lo Prado,13,Metropolitana de Santiago,Servicio de Salud Metropolitano Occidente,Municipal,-33.43929,-70.7093
200140,SAPU,SAPU Santa Anita,Calle Camino de Loyola 5302,13117,Lo Prado,13,Metropolitana de Santiago,Servicio de Salud Metropolitano Occidente,Municipal,-33.439204,-70.709532
111381,CESFAM,Centro de Salud Familiar Ignacio Domeyko,Calle Cueto 543,13101,Santiago,13,Metropolitana de Santiago,Servicio de Salud Metropolitano Central,Municipal,-33.43892,-70.67247
200933,SAPU,SAPU Ignacio Domeyko,Calle Cueto 543,13101,Santiago,13,Metropolitana de Santiago,Servicio de Salud Metropolitano Central,Municipal,-33.438921,-70.672467
106728,CECOSF,Centro Comunitario de Salud Familiar Isla Negra,Calle Isidoro Dubournais 4100,05604,El Quisco,05,Valparaíso,Servicio de Salud Valparaíso San Antonio,Municipal,-33.43842,-71.68409
200265,CECOSF,Centro Comunitario de Salud Familiar Andacollo,Calle Andacollo 1661,13123,Providencia,13,Metropolitana de Santiago,Servicio de Salud Metropolitano Oriente,Municipal,-33.43767,-70.60625
110350,CESFAM,Centro de Salud Familiar Pudahuel Estrella,Avenida San Francisco 8698,13124,Pudahuel,13,Metropolitana de Santiago,Servicio de Salud Metropolitano Occidente,Municipal,-33.43739,-70.75067
200138,SAR,SAR La Estrella,Avenida El Lazo 8631,13124,Pudahuel,13,Metropolitana de Santiago,Servicio de Salud Metropolitano Occidente,Municipal,-33.437182,-70.750685
200121,SAPU,SAPU Dr. Avendaño,Calle Teniente Cruz 1087,13117,Lo Prado,13,Metropolitana de Santiago,Servicio de Salud Metropolitano Occidente,Municipal,-33.437066,-70.740457
110345,CESFAM,Centro de Salud Familiar Dr. Carlos Avendaño,Calle Teniente Cruz 1087,13117,Lo Prado,13,Metropolitana de Santiago,Servicio de Salud Metropolitano Occidente,Municipal,-33.43688,-70.74045
110310,CESFAM,Centro de Salud Familiar Andes,Calle Andes 4234,13126,Quinta Normal,13,Metropolitana de Santiago,Servicio de Salud Metropolitano Occidente,Servicio de Salud,-33.43419,-70.69294
200120,SAPU,SAPU Dr. Arturo Albertz,Avenida Las Torres 1204,13103,Cerro Navia,13,Metropolitana de Santiago,Servicio de Salud Metropolitano Occidente,Municipal,-33.433509,-70.731486
110355,CESFAM,Centro de Salud Familiar Dr. Arturo Albertz,Calle Las Torres 1204,13103,Cerro Navia,13,Metropolitana de Santiago,Servicio de Salud Metropolitano Occidente,Municipal,-33.4335,-70.73166
110750,CECOSF,Centro Comunitario de Salud Familiar Concejal Guillermo Flores O.,Calle Copiapó 1252,13124,Pudahuel,13,Metropolitana de Santiago,Servicio de Salud Metropolitano Occidente,Municipal,-33.43313,-70.76133
112302,CESFAM,Centro de Salud Familiar Dr. Alfonso Leng,Avenida Manuel Montt 303,13123,Providencia,13,Metropolitana de Santiago,Servicio de Salud Metropolitano Oriente,Municipal,-33.43141,-70.61881
200126,SAPU,SAPU Garín,Calle Janequeo 5612,13126,Quinta Normal,13,Metropolitana de Santiago,Servicio de Salud Metropolitano Occidente,Municipal,-33.430472,-70.714164
110756,CECOSF,Centro Comunitario de Salud Familiar Mar Caribe,Calle Mar Caribe 1241,13124,Pudahuel,13,Metropolitana de Santiago,Servicio de Salud Metropolitano Occidente,Municipal,-33.43044,-70.74109
110325,CESFAM,Centro de Salud Familiar Garín,Calle Janequeo 5612,13126,Quinta Normal,13,Metropolitana de Santiago,Servicio de Salud Metropolitano Occidente,Municipal,-33.43042,-70.71435
110353,CESFAM,Centro de Salud Familiar Cardenal Raúl Silva Henríquez,Avenida El Tranque 1382,13124,Pudahuel,13,Metropolitana de Santiago,Servicio de Salud Metropolitano Occidente,Municipal,-33.429,-70.77092
109301,CESFAM,Centro de Salud Familiar Recoleta,Avenida Recoleta 740,13127,Recoleta,13,Metropolitana de Santiago,Servicio de Salud Metropolitano Norte,Municipal,-33.42392,-70.64577
200128,SAPU,SAPU Lo Franco,Calle Carrascal 4459,13126,Quinta Normal,13,Metropolitana de Santiago,Servicio de Salud Metropolitano Occidente,Municipal,-33.42256,-70.69483
110320,CESFAM,Centro de Salud Familiar Lo Franco,Calle Embajador Gomez 2655,13126,Quinta Normal,13,Metropolitana de Santiago,Servicio de Salud Metropolitano Occidente,Municipal,-33.42251,-70.6948
106404,PSR,Posta de Salud Rural Los Maitenes,Calle Caserío Los Maitenes,05102,Casablanca,05,Valparaíso,Servicio de Salud Valparaíso San Antonio,Municipal,-33.42165,-71.39167
110335,CESFAM,Centro de Salud Familiar Cerro Navia,Calle Sado 7965,13103,Cerro Navia,13,Metropolitana de Santiago,Servicio de Salud Metropolitano Occidente,Municipal,-33.41956,-70.75083
200118,SAPU,SAPU Luis Chavarría,Pasaje Sado 7965,13103,Cerro Navia,13,Metropolitana de Santiago,Servicio de Salud Metropolitano Occidente,Municipal,-33.419555,-70.751003
110620,COSAM,COSAM Quinta Normal,Calle Dr. Carlos Ottolenghi 5151,13126,Quinta Normal,13,Metropolitana de Santiago,Servicio de Salud Metropolitano Occidente,Municipal,-33.419064,-70.701943
110720,CECOSF,Centro Comunitario de Salud Familiar Catamarca,Calle Carrascal 4459,13126,Quinta Normal,13,Metropolitana de Santiago,Servicio de Salud Metropolitano Occidente,Municipal,-33.41863,-70.70879
110725,CECOSF,Centro Comunitario de Salud Familiar Antumalal,Calle Heriberto Rojas 5967,13126,Quinta Normal,13,Metropolitana de Santiago,Servicio de Salud Metropolitano Occidente,Municipal,-33.41817,-70.71496
112609,COSAM,COSAM Las Condes,Avenida Enrique Foster Sur 153,13114,Las Condes,13,Metropolitana de Santiago,Servicio de Salud Metropolitano Oriente,Municipal,-33.417881,-70.593685
200134,SAPU,SAPU Dr. Adalberto Steeger,Calle Huelén 1629,13103,Cerro Navia,13,Metropolitana de Santiago,Servicio de Salud Metropolitano Occidente,Municipal,-33.417692,-70.74122
110331,CESFAM,Centro de Salud Familiar Lo Amor,Calle Neptuno 2198,13103,Cerro Navia,13,Metropolitana de Santiago,Servicio de Salud Metropolitano Occidente,Municipal,-33.41758,-70.7174
109821,SAPU,SAPU Juan Antonio Ríos,Calle Soberanía 1180,13108,Independencia,13,Metropolitana de Santiago,Servicio de Salud Metropolitano Norte,Municipal,-33.41752,-70.668478
110330,CESFAM,Centro de Salud Familiar Dr. Adalberto Steeger,Calle Huelén 1629,13103,Cerro Navia,13,Metropolitana de Santiago,Servicio de Salud Metropolitano Occidente,Municipal,-33.41752,-70.7412
109321,CESFAM,Centro de Salud Familiar Juan Antonio Ríos,Calle Soberanía 1180,13108,Independencia,13,Metropolitana de Santiago,Servicio de Salud Metropolitano Norte,Municipal,-33.41737,-70.66865
110619,COSAM,COSAM Cerro Navia,Calle 5 de Febrero 2206,13103,Cerro Navia,13,Metropolitana de Santiago,Servicio de Salud Metropolitano Occidente,Municipal,-33.417214,-70.728726
112806,SAPU,SAPU Aníbal Ariztía,Avenida La Escuela 1229,13114,Las Condes,13,Metropolitana de Santiago,Servicio de Salud Metropolitano Oriente,Municipal,-33.417162,-70.532902
112306,CESFAM,Centro de Salud Familiar Aníbal Ariztía,Avenida Paúl Harris 1140,13114,Las Condes,13,Metropolitana de Santiago,Servicio de Salud Metropolitano Oriente,Municipal,-33.41707,-70.53311
110735,CECOSF,Centro Comunitario de Salud Familiar Los Lagos (Unidad Vecinal Nº 33),Calle Lanalhue 1780,13103,Cerro Navia,13,Metropolitana de Santiago,Servicio de Salud Metropolitano Occidente,Municipal,-33.41629,-70.76792
201063,SAPU,SAPU DR. AGUSTIN CRUZ MELO,Calle Domingo Santa  María 1269,13108,Independencia,13,Metropolitana de Santiago,Servicio de Salud Metropolitano Norte,Municipal,-33.415499,-70.657603
109300,CESFAM,Centro de Salud Familiar Agustín Cruz Melo,Avenida Independencia 1325,13108,Independencia,13,Metropolitana de Santiago,Servicio de Salud Metropolitano Norte,Municipal,-33.41516,-70.65712
109606,COSAM,COSAM Independencia,Calle Belisario Prats 1485,13108,Independencia,13,Metropolitana de Santiago,Servicio de Salud Metropolitano Norte,Municipal,-33.414664,-70.654255
110362,CESFAM,Centro de Salud Familiar Dr. Hernán Urzúa Merino,Calle Totoral Bajo 1011,13128,Renca,13,Metropolitana de Santiago,Servicio de Salud Metropolitano Occidente,Municipal,-33.41148,-70.72847
109304,CESFAM,Centro de Salud Familiar Valdivieso,Calle Los Cipreses 1892,13127,Recoleta,13,Metropolitana de Santiago,Servicio de Salud Metropolitano Norte,Municipal,-33.41032,-70.63122
109804,SAPU,SAPU Valdivieso,Calle Adriana Miranda 1892,13127,Recoleta,13,Metropolitana de Santiago,Servicio de Salud Metropolitano Norte,Municipal,-33.410284,-70.631485
200554,CECOSF,Centro Comunitario de Salud Familiar Las Enredaderas,Calle Las Enredaderas 2437,13108,Independencia,13,Metropolitana de Santiago,Servicio de Salud Metropolitano Norte,Municipal,-33.40597,-70.67114
110626,COSAM,COSAM Renca,Avenida Domingo Santa María 4511,13128,Renca,13,Metropolitana de Santiago,Servicio de Salud Metropolitano Occidente,Municipal,-33.404958,-70.712564
110860,SAR,SAR Renca,Calle José Manuel Balmaceda 4012,13128,Renca,13,Metropolitana de Santiago,Servicio de Salud Metropolitano Occidente,Municipal,-33.4035,-70.702362
110360,CESFAM,Centro de Salud Familiar Renca,Calle Balmaceda 4420,13128,Renca,13,Metropolitana de Santiago,Servicio de Salud Metropolitano Occidente,Municipal,-33.40345,-70.7097
109303,CESFAM,Centro de Salud Familiar Quinta Bella,Calle Justicia Social 185,13127,Recoleta,13,Metropolitana de Santiago,Servicio de Salud Metropolitano Norte,Municipal,-33.40321,-70.6346
110410,CECOSF,Centro Comunitario de Salud Familiar Irene Frei Montalva,Calle Camino Noviciado Km 17,13124,Pudahuel,13,Metropolitana de Santiago,Servicio de Salud Metropolitano Occidente,Municipal,-33.4028,-70.85444
109609,COSAM,COSAM Recoleta,Calle Inocencia 2705,13127,Recoleta,13,Metropolitana de Santiago,Servicio de Salud Metropolitano Norte,Municipal,-33.402025,-70.641581
112304,CESFAM,Centro de Salud Familiar Apoquindo,Avenida Cerro Altar 6611,13114,Las Condes,13,Metropolitana de Santiago,Servicio de Salud Metropolitano Oriente,Municipal,-33.40041,-70.56441
200133,SAR,SAR Bicentenario,Avenida Brasil 8005,13128,Renca,13,Metropolitana de Santiago,Servicio de Salud Metropolitano Occidente,Municipal,-33.39774,-70.749863
110361,CESFAM,Centro de Salud Familiar Bicentenario,Avenida Brasil 8005,13128,Renca,13,Metropolitana de Santiago,Servicio de Salud Metropolitano Occidente,Municipal,-33.39767,-70.74971
106328,CESFAM,Centro de Salud Familiar El Quisco,Calle Isidoro Dubornais 250,05604,El Quisco,05,Valparaíso,Servicio de Salud Valparaíso San Antonio,Municipal,-33.39751,-71.69428
200925,SUR,SUR El Quisco,Calle Isidoro Dubornais 250,05604,El Quisco,05,Valparaíso,Servicio de Salud Valparaíso San Antonio,Municipal,-33.397509,-71.694278
200695,SAPU,SAPU El Quisco,Avenida Isidoro Dubournais 250,05604,El Quisco,05,Valparaíso,Servicio de Salud Valparaíso San Antonio,Municipal,-33.397442,-71.694379
109709,CECOSF,Centro Comunitario de Salud Familiar Dr. José Symón Ojeda,Avenida Barón de Juras Reales 3988,13104,Conchalí,13,Metropolitana de Santiago,Servicio de Salud Metropolitano Norte,Municipal,-33.39466,-70.68225
109808,SAPU,SAPU Alberto Bachelet Martínez,Avenida Guanaco 3250,13104,Conchalí,13,Metropolitana de Santiago,Servicio de Salud Metropolitano Norte,Municipal,-33.39451,-70.65802
109308,CESFAM,Centro de Salud Familiar Alberto Bachelet Martínez,Calle El Guanaco 3250,13104,Conchalí,13,Metropolitana de Santiago,Servicio de Salud Metropolitano Norte,Municipal,-33.39441,-70.65834
110364,CESFAM,Centro de Salud Familiar Huamachuco,Calle Las Margaritas 2466,13128,Renca,13,Metropolitana de Santiago,Servicio de Salud Metropolitano Occidente,Municipal,-33.39126,-70.69893
200137,SAPU,SAPU Huamachuco,Calle Las Margaritas 2466,13128,Renca,13,Metropolitana de Santiago,Servicio de Salud Metropolitano Occidente,Municipal,-33.391219,-70.698838
110760,CECOSF,Centro Comunitario de Salud Familiar Valmi  Aguirre,Calle Manuel Rodríguez 1155,13503,Curacaví,13,Metropolitana de Santiago,Servicio de Salud Metropolitano Occidente,Servicio de Salud,-33.39079,-71.12384
112309,CESFAM,Centro de Salud Familiar Vitacura,Avenida Indiana 1195,13132,Vitacura,13,Metropolitana de Santiago,Servicio de Salud Metropolitano Oriente,Municipal,-33.38985,-70.55501
112613,COSAM,COSAM Vitacura,Avenida Indiana 1195,13132,Vitacura,13,Metropolitana de Santiago,Servicio de Salud Metropolitano Oriente,Municipal,-33.38985,-70.555009
109802,SAPU,SAPU Lucas Sierra,Avenida Pedro Fontova 4107,13104,Conchalí,13,Metropolitana de Santiago,Servicio de Salud Metropolitano Norte,Municipal,-33.38897,-70.671168
109302,CESFAM,Centro de Salud Familiar Lucas Sierra,Calle Pedro Fontova 4107,13104,Conchalí,13,Metropolitana de Santiago,Servicio de Salud Metropolitano Norte,Municipal,-33.38886,-70.67125
109801,SAR,SAR Recoleta,Avenida Zapadores 1099,13127,Recoleta,13,Metropolitana de Santiago,Servicio de Salud Metropolitano Norte,Municipal,-33.387284,-70.649895
109390,CESFAM,Centro de Salud Familiar Cristo Vive (ONG),Avenida Recoleta 4125,13127,Recoleta,13,Metropolitana de Santiago,Servicio de Salud Metropolitano Norte,Otra Institución,-33.38705,-70.6418
109890,SAPU,SAPU Cristo Vive,Avenida Recoleta 4125,13127,Recoleta,13,Metropolitana de Santiago,Servicio de Salud Metropolitano Norte,Otra Institución,-33.386767,-70.641561
109307,CESFAM,Centro de Salud Familiar Dr. Juan Petrinovic (Ex Scroggie),Calle Teniente Colipí 670,13127,Recoleta,13,Metropolitana de Santiago,Servicio de Salud Metropolitano Norte,Municipal,-33.38439,-70.64494
200347,CECOSF,Centro Comunitario de Salud Familiar Alberto Bachelet,Pasaje Cunaco 1424,13104,Conchalí,13,Metropolitana de Santiago,Servicio de Salud Metropolitano Norte,Municipal,-33.38042,-70.66691
109309,CESFAM,Centro de Salud Familiar José Symon Ojeda,Avenida El Cortijo 2895,13104,Conchalí,13,Metropolitana de Santiago,Servicio de Salud Metropolitano Norte,Municipal,-33.37832,-70.69237
109715,CECOSF,Centro Comunitario de Salud Familiar Pucara de Lasana,Avenida Las Torres 211,13125,Quilicura,13,Metropolitana de Santiago,Servicio de Salud Metropolitano Norte,Municipal,-33.37703,-70.72597
109809,SAR,SAR Conchalí,Avenida Independencia 5663,13104,Conchalí,13,Metropolitana de Santiago,Servicio de Salud Metropolitano Norte,Municipal,-33.375965,-70.684441
109317,CESFAM,Centro de Salud Familiar El Barrero,Calle Las Petunias 305,13107,Huechuraba,13,Metropolitana de Santiago,Servicio de Salud Metropolitano Norte,Municipal,-33.37591,-70.62466
200609,CECOSF,Centro Comunitario de Salud Familiar Dr. Lucas Sierra,Pasaje La Puntilla 1343,13104,Conchalí,13,Metropolitana de Santiago,Servicio de Salud Metropolitano Norte,Municipal,-33.3757,-70.6629
109305,CESFAM,Centro de Salud Familiar La Pincoya,Avenida Recoleta 5580,13107,Huechuraba,13,Metropolitana de Santiago,Servicio de Salud Metropolitano Norte,Municipal,-33.37339,-70.63702
109805,SAR,SAR La Pincoya,Avenida Recoleta 5580,13107,Huechuraba,13,Metropolitana de Santiago,Servicio de Salud Metropolitano Norte,Municipal,-33.373295,-70.636987
109608,COSAM,COSAM Huechuraba,Avenida Recoleta 5696,13107,Huechuraba,13,Metropolitana de Santiago,Servicio de Salud Metropolitano Norte,Municipal,-33.372528,-70.636405
109314,CESFAM,Centro de Salud Familiar Juanita Aguirre,Calle Altona 1835,13104,Conchalí,13,Metropolitana de Santiago,Servicio de Salud Metropolitano Norte,Municipal,-33.37039,-70.68301
109607,COSAM,COSAM Conchalí,Calle Canberra 5860,13104,Conchalí,13,Metropolitana de Santiago,Servicio de Salud Metropolitano Norte,Municipal,-33.369997,-70.682763
201091,CESFAM,Centro de Salud Familiar Marta Ugarte Román,Calle Bernardo O'higgins 460,13125,Quilicura,13,Metropolitana de Santiago,Servicio de Salud Metropolitano Norte,Municipal,-33.36941,-70.73201
109815,SAPU,SAPU Nº 1 Rodrigo Rojas Denegri,Calle J. Pedro Escobar 483,13125,Quilicura,13,Metropolitana de Santiago,Servicio de Salud Metropolitano Norte,Municipal,-33.367266,-70.731201
109313,CESFAM,Centro de Salud Familiar Irene Frei de Cid,Calle San Luis 525,13125,Quilicura,13,Metropolitana de Santiago,Servicio de Salud Metropolitano Norte,Municipal,-33.36584,-70.74663
109813,SAPU,SAPU Nº 2 Irene Frei de Cid,Calle San Luís 525,13125,Quilicura,13,Metropolitana de Santiago,Servicio de Salud Metropolitano Norte,Municipal,-33.365685,-70.746597
112799,CECOSF,Centro Comunitario de Salud Familiar Bicentenario,Calle Getsemani 229,13115,Lo Barnechea,13,Metropolitana de Santiago,Servicio de Salud Metropolitano Oriente,Municipal,-33.36633,-70.50922
109636,COSAM,COSAM Quilicura,Calle San Luis 330,13125,Quilicura,13,Metropolitana de Santiago,Servicio de Salud Metropolitano Norte,Municipal,-33.365487,-70.745975
106827,SAPU,SAPU Algarrobo,Calle El Retamo 2249,05602,Algarrobo,05,Valparaíso,Servicio de Salud Valparaíso San Antonio,Municipal,-33.365479,-71.668614
106327,CESFAM,Centro de Salud Familiar Algarrobo,Calle El Retamo 2249,05602,Algarrobo,05,Valparaíso,Servicio de Salud Valparaíso San Antonio,Municipal,-33.365996,-71.66858
200304,CECOSF,Centro Comunitario de Salud Familiar Beato Padre Hurtado,Calle Parroquia Nuestra Señora del Carmen 551,13125,Quilicura,13,Metropolitana de Santiago,Servicio de Salud Metropolitano Norte,Municipal,-33.36393,-70.75859
109323,CESFAM,Centro de Salud Familiar Dr. Salvador Allende Gossens,Avenida Recoleta 6061,13107,Huechuraba,13,Metropolitana de Santiago,Servicio de Salud Metropolitano Norte,Municipal,-33.36342,-70.63279
109718,CECOSF,Centro Comunitario de Salud Familiar Los Libertadores,Calle San Pedro de Atacama 1925,13107,Huechuraba,13,Metropolitana de Santiago,Servicio de Salud Metropolitano Norte,Municipal,-33.36005,-70.68353
200041,SAPU,SAPU Libertadores,Calle San Pedro de Atacama 1925,13107,Huechuraba,13,Metropolitana de Santiago,Servicio de Salud Metropolitano Norte,Municipal,-33.36,-70.6834
109713,CECOSF,Centro Comunitario de Salud Familiar La Foresta,Calle Sotaqui 434,13125,Quilicura,13,Metropolitana de Santiago,Servicio de Salud Metropolitano Norte,Municipal,-33.35925,-70.74863
112707,CECOSF,Centro Comunitario de Salud Familiar Cerro 18,Calle Circunvalación Norte 1050,13115,Lo Barnechea,13,Metropolitana de Santiago,Servicio de Salud Metropolitano Oriente,Municipal,-33.3555,-70.50166
109324,CESFAM,Centro de Salud Familiar Presidente Salvador Allende Gossens,Calle Santa Luisa 290,13125,Quilicura,13,Metropolitana de Santiago,Servicio de Salud Metropolitano Norte,Municipal,-33.3545,-70.73798
109824,SAPU,SAPU Presidente Salvador Allende Gossens,Calle Santa Luisa 290,13125,Quilicura,13,Metropolitana de Santiago,Servicio de Salud Metropolitano Norte,Municipal,-33.354348,-70.738088
109315,CESFAM,Centro de Salud Familiar Manuel Bustos Huerta,Avenida Lo Cruzat 486,13125,Quilicura,13,Metropolitana de Santiago,Servicio de Salud Metropolitano Norte,Municipal,-33.35423,-70.7204
200961,CESFAM,Centro de Salud Familiar Dr. Victor Castro Wiren,Avenida El Guanaco Norte 1597,13107,Huechuraba,13,Metropolitana de Santiago,Servicio de Salud Metropolitano Norte,Municipal,-33.35261,-70.67705
112407,PSR,Posta de Salud Rural de Farellones,Calle Camino a Farellones,13115,Lo Barnechea,13,Metropolitana de Santiago,Servicio de Salud Metropolitano Oriente,Municipal,-33.35232,-70.31119
112612,COSAM,COSAM Lo Barnechea,Calle Padre Alfredo Arteaga 1873,13115,Lo Barnechea,13,Metropolitana de Santiago,Servicio de Salud Metropolitano Oriente,Municipal,-33.351933,-70.510024
112307,CESFAM,Centro de Salud Familiar Lo Barnechea,Avenida El Rodeo 13533,13115,Lo Barnechea,13,Metropolitana de Santiago,Servicio de Salud Metropolitano Oriente,Municipal,-33.35185,-70.50999
112807,SAPU,SAPU Lo Barnechea,Avenida El Rodeo 13533,13115,Lo Barnechea,13,Metropolitana de Santiago,Servicio de Salud Metropolitano Oriente,Municipal,-33.351764,-70.509847
106410,PSR,Posta de Salud Rural El Yeco,Calle Manuel Rodríguez 170,05602,Algarrobo,05,Valparaíso,Servicio de Salud Valparaíso San Antonio,Municipal,-33.30806,-71.64341
109711,CECOSF,Centro Comunitario de Salud Familiar Sol de Septiembre,Calle Arco Iris 367,13302,Lampa,13,Metropolitana de Santiago,Servicio de Salud Metropolitano Norte,Municipal,-33.30489,-70.85303
109418,PSR,Posta de Salud Rural Las Canteras,Calle Fermín Vergara 159,13301,Colina,13,Metropolitana de Santiago,Servicio de Salud Metropolitano Norte,Municipal,-33.3043,-70.68902
106411,PSR,Posta de Salud Rural San José (Algarrobo),Calle Caserío Camino a San José,05602,Algarrobo,05,Valparaíso,Servicio de Salud Valparaíso San Antonio,Municipal,-33.30198,-71.55914
106403,PSR,Posta de Salud Rural Las Dichas,Avenida Almirante Latorre,05102,Casablanca,05,Valparaíso,Servicio de Salud Valparaíso San Antonio,Municipal,-33.29053,-71.50131
109811,SAPU,SAPU José Bauzá Frau,Calle Sargento Aldea 898,13302,Lampa,13,Metropolitana de Santiago,Servicio de Salud Metropolitano Norte,Municipal,-33.285726,-70.876254
109311,CESFAM,Centro de Salud Familiar José Bauza Frau,Calle Barros Luco 1239,13302,Lampa,13,Metropolitana de Santiago,Servicio de Salud Metropolitano Norte,Municipal,-33.277449,-70.875532
109641,COSAM,COSAM Lampa,Calle Directora María Mella 735,13302,Lampa,13,Metropolitana de Santiago,Servicio de Salud Metropolitano Norte,Municipal,-33.285581,-70.88563
109417,PSR,Posta de Salud Rural Los Ingleses,"Calle Hermanos Carrera, Aldea Los Ingleses",13301,Colina,13,Metropolitana de Santiago,Servicio de Salud Metropolitano Norte,Municipal,-33.26732,-70.67869
200743,SUR,SUR Batuco,Calle Santa Elena 180,13302,Lampa,13,Metropolitana de Santiago,Servicio de Salud Metropolitano Norte,Municipal,-33.241886,-70.814087
109312,CESFAM,Centro de Salud Familiar Batuco,Calle Santa Elena 180,13302,Lampa,13,Metropolitana de Santiago,Servicio de Salud Metropolitano Norte,Municipal,-33.24185,-70.81415
109419,PSR,Posta de Salud Rural Santa Marta de Liray,Calle Camino La Capilla,13301,Colina,13,Metropolitana de Santiago,Servicio de Salud Metropolitano Norte,Municipal,-33.24024,-70.73676
109712,CECOSF,Centro Comunitario de Salud Familiar Batuco,Avenida Argentina,13302,Lampa,13,Metropolitana de Santiago,Servicio de Salud Metropolitano Norte,Municipal,-33.22992,-70.81273
109810,SAR,SAR Colina,Calle Carretera General San Martín 77,13301,Colina,13,Metropolitana de Santiago,Servicio de Salud Metropolitano Norte,Municipal,-33.206836,-70.677463
109310,CESFAM,Centro de Salud Familiar Colina,Calle Alpatacal 540,13301,Colina,13,Metropolitana de Santiago,Servicio de Salud Metropolitano Norte,Municipal,-33.20598,-70.67055
106402,PSR,Posta de Salud Rural Quintay,Calle Caleta Quintay,05102,Casablanca,05,Valparaíso,Servicio de Salud Valparaíso San Antonio,Municipal,-33.196072,-71.696375
109640,COSAM,COSAM Colina,Pasaje Amanda Labarca 269,13301,Colina,13,Metropolitana de Santiago,Servicio de Salud Metropolitano Norte,Municipal,-33.195683,-70.676615
109316,CESFAM,Centro de Salud Familiar Esmeralda,"Calle Carretera General San Martín, Km. 31",13301,Colina,13,Metropolitana de Santiago,Servicio de Salud Metropolitano Norte,Municipal,-33.18413,-70.65366
200955,SAPU,SAPU Esmeralda,"Calle Carretera General San Martín, Km. 31",13301,Colina,13,Metropolitana de Santiago,Servicio de Salud Metropolitano Norte,Municipal,-33.184133,-70.653657
109716,CECOSF,Centro Comunitario de Salud Familiar Esmeralda,Calle Atena 2008,13301,Colina,13,Metropolitana de Santiago,Servicio de Salud Metropolitano Norte,Municipal,-33.18373,-70.66344
107400,PSR,Posta de Salud Rural Colliguay,Calle Aldea Colliguay,05801,Quilpué,05,Valparaíso,Servicio de Salud Viña del Mar Quillota,Municipal,-33.168029,-71.144169
109414,PSR,Posta de Salud Rural Polpaico,Calle Estación Principal y Darío Ovalle,13303,Tiltil,13,Metropolitana de Santiago,Servicio de Salud Metropolitano Norte,Municipal,-33.167423,-70.886852
109320,CESFAM,Centro de Salud Familiar Huertos Familiares,Calle 3 Oriente 221,13303,Tiltil,13,Metropolitana de Santiago,Servicio de Salud Metropolitano Norte,Municipal,-33.13582,-70.79946
200744,SUR,SUR Huertos Familiares,Calle 3 Oriente 221,13303,Tiltil,13,Metropolitana de Santiago,Servicio de Salud Metropolitano Norte,Municipal,-33.135329,-70.795754
106804,SAPU,SAPU Placilla,Avenida Octava,05101,Valparaíso,05,Valparaíso,Servicio de Salud Valparaíso San Antonio,Municipal,-33.112914,-71.566161
106304,CESFAM,Centro de Salud Familiar Placilla,Avenida Central,05101,Valparaíso,05,Valparaíso,Servicio de Salud Valparaíso San Antonio,Municipal,-33.11286,-71.56602
200731,SUR,SUR Laguna Verde,Calle Galvarino,05101,Valparaíso,05,Valparaíso,Servicio de Salud Valparaíso San Antonio,Municipal,-33.104226,-71.667873
106401,CECOSF,Centro Comunitario de Salud Familiar Laguna Verde,Calle Galvarino,05101,Valparaíso,05,Valparaíso,Servicio de Salud Valparaíso San Antonio,Municipal,-33.104275,-71.667925
109642,COSAM,COSAM Til Til,Calle Daniel Moya 100,13303,Tiltil,13,Metropolitana de Santiago,Servicio de Salud Metropolitano Norte,Municipal,-33.086793,-70.924522
109416,PSR,Posta de Salud Rural Colorado,"Calle Calle Colorado sitio 4 D, Aldea El Colorado",13301,Colina,13,Metropolitana de Santiago,Servicio de Salud Metropolitano Norte,Municipal,-33.07437,-70.71767
107353,CESFAM,Centro de Salud Familiar Alcalde Iván Manríquez,Calle Quinchamalí 2949,05801,Quilpué,05,Valparaíso,Servicio de Salud Viña del Mar Quillota,Municipal,-33.07336,-71.42185
201086,CECOSF,Centro Comunitario de Salud Familiar Juan Pablo II de Rodelillo,Calle Juan Pablo II 542,05101,Valparaíso,05,Valparaíso,Servicio de Salud Valparaíso San Antonio,Municipal,-33.062157,-71.563256
200109,SAPU,SAPU Reina Isabel II,Avenida Washington 1926,05101,Valparaíso,05,Valparaíso,Servicio de Salud Valparaíso San Antonio,Municipal,-33.061061,-71.592518
106303,CESFAM,Centro de Salud Familiar Reina Isabel II,Avenida Washington 1926,05101,Valparaíso,05,Valparaíso,Servicio de Salud Valparaíso San Antonio,Municipal,-33.06084,-71.59249
107808,SAR,SAR El Belloto Sur,Calle Troncos Viejos 610,05801,Quilpué,05,Valparaíso,Servicio de Salud Viña del Mar Quillota,Municipal,-33.059169,-71.408372
107308,CESFAM,Centro de Salud Familiar El Belloto,Calle Troncos Viejos,05801,Quilpué,05,Valparaíso,Servicio de Salud Viña del Mar Quillota,Municipal,-33.060044,-71.408797
107727,CECOSF,Centro Comunitario de Salud Familiar Las Palmas,Calle Río Toltén 185,05109,Viña del Mar,05,Valparaíso,Servicio de Salud Viña del Mar Quillota,Municipal,-33.05885,-71.53753
106306,CESFAM,Centro de Salud Familiar Las Cañas,Calle Los Alerces,05101,Valparaíso,05,Valparaíso,Servicio de Salud Valparaíso San Antonio,Municipal,-33.057969,-71.608047
106312,CESFAM,Centro de Salud Familiar Puertas Negras,Calle Montedónico,05101,Valparaíso,05,Valparaíso,Servicio de Salud Valparaíso San Antonio,Municipal,-33.05854,-71.639
106334,CESFAM,Centro de Salud Familiar Padre Damián Molokai,Calle Cabritería Norte 2055,05101,Valparaíso,05,Valparaíso,Servicio de Salud Valparaíso San Antonio,Municipal,-33.05758,-71.56168
107328,CESFAM,Centro de Salud Familiar Eduardo Frei Montalva,Calle Rivadavia,05804,Villa Alemana,05,Valparaíso,Servicio de Salud Viña del Mar Quillota,Municipal,-33.05715,-71.37625
107828,SAPU,SAPU Eduardo Frei Montalva,Calle Rivadavia,05804,Villa Alemana,05,Valparaíso,Servicio de Salud Viña del Mar Quillota,Municipal,-33.057073,-71.376086
106330,CESFAM,Centro de Salud Familiar San José de Rodelillo,Pasaje La Merced 4350,05101,Valparaíso,05,Valparaíso,Servicio de Salud Valparaíso San Antonio,Municipal,-33.058831,-71.577152
107351,CESFAM,Centro de Salud Familiar Juan Bautista Bravo Vega,Calle Las Araucarias 750,05804,Villa Alemana,05,Valparaíso,Servicio de Salud Viña del Mar Quillota,Municipal,-33.05545,-71.39069
107357,CESFAM,Centro de Salud Familiar Pompeya,Calle Sector Pompeya,05801,Quilpué,05,Valparaíso,Servicio de Salud Viña del Mar Quillota,Municipal,-33.05439,-71.46639
200112,SAPU,SAPU Pompeya,Calle Sector Pompeya,05801,Quilpué,05,Valparaíso,Servicio de Salud Viña del Mar Quillota,Municipal,-33.054379,-71.466472
107401,PSR,Posta de Salud Rural Quebrada Alvarado,Calle Aldea Quebrada Alvarado,05803,Olmué,05,Valparaíso,Servicio de Salud Viña del Mar Quillota,Municipal,-33.05398,-71.10814
106305,CESFAM,Centro de Salud Familiar Jean y Marie Thierry,Calle Blas Cuevas 985,05101,Valparaíso,05,Valparaíso,Servicio de Salud Valparaíso San Antonio,Servicio de Salud,-33.052462,-71.609629
107307,CESFAM,Centro de Salud Familiar Quilpué,Calle Covadonga 1490,05801,Quilpué,05,Valparaíso,Servicio de Salud Viña del Mar Quillota,Municipal,-33.05069,-71.43357
200268,SAR,SAR Plan de Valparaíso,Avenida Colon 1970,05101,Valparaíso,05,Valparaíso,Servicio de Salud Valparaíso San Antonio,Servicio de Salud,-33.049205,-71.616665
106307,CESFAM,Centro de Salud Familiar Marcelo Mena,Avenida Alemania 5360,05101,Valparaíso,05,Valparaíso,Servicio de Salud Valparaíso San Antonio,Municipal,-33.04907,-71.63125
200108,SAPU,SAPU Marcelo Mena,Avenida Alemania 5360,05101,Valparaíso,05,Valparaíso,Servicio de Salud Valparaíso San Antonio,Municipal,-33.048999,-71.631389
107300,CESFAM,Centro de Salud Familiar Nueva Aurora,Calle Agua Santa,05109,Viña del Mar,05,Valparaíso,Servicio de Salud Viña del Mar Quillota,Municipal,-33.0481,-71.56457
107800,SAPU,SAPU Nueva Aurora,Calle Agua Santa,05109,Viña del Mar,05,Valparaíso,Servicio de Salud Viña del Mar Quillota,Municipal,-33.04773,-71.564586
200111,SAPU,SAPU Las Torres,Avenida Pakarati,05109,Viña del Mar,05,Valparaíso,Servicio de Salud Viña del Mar Quillota,Municipal,-33.046447,-71.539241
107327,CESFAM,Centro de Salud Familiar Las Torres,Avenida Pakarati,05109,Viña del Mar,05,Valparaíso,Servicio de Salud Viña del Mar Quillota,Municipal,-33.04637,-71.53928
106300,CESFAM,Centro de Salud Familiar Placeres,Calle Colo Colo,05101,Valparaíso,05,Valparaíso,Servicio de Salud Valparaíso San Antonio,Municipal,-33.04558,-71.58349
106800,SAPU,SAPU Placeres,Calle Manuel Casanova,05101,Valparaíso,05,Valparaíso,Servicio de Salud Valparaíso San Antonio,Municipal,-33.045552,-71.583315
200341,COSAM,COSAM Domingo Asún Salazar,Calle Condell 1231,05101,Valparaíso,05,Valparaíso,Servicio de Salud Valparaíso San Antonio,Servicio de Salud,-33.043984,-71.624056
109420,PSR,Posta de Salud Rural Chacabuco (Colina),"Calle Carretera San Martín Km. 51, Aldea Chacabuco",13301,Colina,13,Metropolitana de Santiago,Servicio de Salud Metropolitano Norte,Municipal,-33.029146,-70.694412
107309,CESFAM,Centro de Salud Familiar Villa Alemana,Avenida Quinta 32,05804,Villa Alemana,05,Valparaíso,Servicio de Salud Viña del Mar Quillota,Municipal,-33.04338,-71.36413
106309,CESFAM,Centro de Salud Familiar Cordillera,Calle Castillo 656,05101,Valparaíso,05,Valparaíso,Servicio de Salud Valparaíso San Antonio,Municipal,-33.0432,-71.63677
106811,SAPU,SAPU Quebrada Verde,Calle Quebrada Verde 1405,05101,Valparaíso,05,Valparaíso,Servicio de Salud Valparaíso San Antonio,Municipal,-33.042304,-71.645856
106311,CESFAM,Centro de Salud Familiar Quebrada Verde,Calle Quebrada Verde 1405,05101,Valparaíso,05,Valparaíso,Servicio de Salud Valparaíso San Antonio,Municipal,-33.04216,-71.64569
201085,SAPU,SAPU Aviador Acevedo,Calle Sector Aviador Acevedo S/N,05801,Quilpué,05,Valparaíso,Servicio de Salud Viña del Mar Quillota,Municipal,-33.041846,-71.40941
107356,CESFAM,Centro de Salud Familiar Aviador Acevedo,Calle Sector Aviador Acevedo,05801,Quilpué,05,Valparaíso,Servicio de Salud Viña del Mar Quillota,Municipal,-33.04177,-71.4095
106308,CESFAM,Centro de Salud Familiar Plaza Justicia,Calle Plaza Justicia 99,05101,Valparaíso,05,Valparaíso,Servicio de Salud Valparaíso San Antonio,Servicio de Salud,-33.039562,-71.629538
106302,CESFAM,Centro de Salud Familiar Barón,Calle Blanco Viel 661,05101,Valparaíso,05,Valparaíso,Servicio de Salud Valparaíso San Antonio,Municipal,-33.039,-71.60079
107326,CESFAM,Centro de Salud Familiar Brígida Zavala,Calle Blanca Vergara 1794,05109,Viña del Mar,05,Valparaíso,Servicio de Salud Viña del Mar Quillota,Municipal,-33.03846,-71.54191
107426,PSR,Posta de Salud Rural La Vega (Olmué),Calle Sector La Vega,05803,Olmué,05,Valparaíso,Servicio de Salud Viña del Mar Quillota,Municipal,-33.03775,-71.04649
201074,CESFAM,Centro de Salud Familiar Las Américas,Calle Pedro Victor Contreras 2484,05804,Villa Alemana,05,Valparaíso,Servicio de Salud Viña del Mar Quillota,Municipal,-33.03759,-71.39434
107756,CECOSF,Centro Comunitario de Salud Familiar El Retiro,Avenida El Retiro 607,05801,Quilpué,05,Valparaíso,Servicio de Salud Viña del Mar Quillota,Municipal,-33.03646,-71.44218
106711,CECOSF,Centro Comunitario de Salud Familiar Porvenir Bajo,Calle Contulmo,05101,Valparaíso,05,Valparaíso,Servicio de Salud Valparaíso San Antonio,Municipal,-33.03378,-71.6499
106301,CESFAM,Centro de Salud Familiar Esperanza,Calle Galvarino 7,05101,Valparaíso,05,Valparaíso,Servicio de Salud Valparaíso San Antonio,Municipal,-33.03356,-71.5826
107725,CECOSF,Centro Comunitario de Salud Familiar Villa Hermosa,Avenida Alemania 850,05109,Viña del Mar,05,Valparaíso,Servicio de Salud Viña del Mar Quillota,Municipal,-33.033518,-71.482171
107325,CESFAM,Centro de Salud Familiar Dr. Juan Carlos Baeza,Avenida Tamarugal 350,05109,Viña del Mar,05,Valparaíso,Servicio de Salud Viña del Mar Quillota,Municipal,-33.03199,-71.49637
107304,CESFAM,Centro de Salud Familiar Marco Maldonado,Calle Álvarez 1682,05109,Viña del Mar,05,Valparaíso,Servicio de Salud Viña del Mar Quillota,Municipal,-33.02969,-71.54019
107314,CESFAM,Centro de Salud Familiar Lusitania,Calle García Lorca 101,05109,Viña del Mar,05,Valparaíso,Servicio de Salud Viña del Mar Quillota,Municipal,-33.0273,-71.52461
107427,PSR,Posta de Salud Rural Las Palmas,Calle Caserío Las Palmas,05803,Olmué,05,Valparaíso,Servicio de Salud Viña del Mar Quillota,Municipal,-33.02285,-71.0724
107802,SAPU,SAPU Miraflores (Viña del Mar),Avenida Frei,05109,Viña del Mar,05,Valparaíso,Servicio de Salud Viña del Mar Quillota,Municipal,-33.020397,-71.515436
107302,CESFAM,Centro de Salud Familiar Miraflores,Avenida Frei,05109,Viña del Mar,05,Valparaíso,Servicio de Salud Viña del Mar Quillota,Municipal,-33.02028,-71.51541
201037,CESFAM,Centro de Salud Familiar Limache Viejo,Calle Andrés Bello 511,05802,Limache,05,Valparaíso,Servicio de Salud Viña del Mar Quillota,Municipal,-33.01411,-71.25876
107702,CECOSF,"Centro Comunitario de Salud Familiar Achupallas ""Sergio Donoso""",Calle Anita Lizana,05109,Viña del Mar,05,Valparaíso,Servicio de Salud Viña del Mar Quillota,Municipal,-33.014036,-71.502656
109413,PSR,Posta de Salud Rural Rungue,Calle Estación,13303,Tiltil,13,Metropolitana de Santiago,Servicio de Salud Metropolitano Norte,Municipal,-33.00839,-70.89243
107301,CESFAM,Centro de Salud Familiar Profesor Eugenio Cienfuegos,Calle 21 Norte,05109,Viña del Mar,05,Valparaíso,Servicio de Salud Viña del Mar Quillota,Municipal,-33.00451,-71.54079
107601,COSAM,COSAM Limache,Avenida Palmira Romano Sur 49,05802,Limache,05,Valparaíso,Servicio de Salud Viña del Mar Quillota,Servicio de Salud,-33.003773,-71.26935
109410,PSR,Posta de Salud Rural La Capilla de Caleu,Calle Caserío Capilla de Caleu,13303,Tiltil,13,Metropolitana de Santiago,Servicio de Salud Metropolitano Norte,Municipal,-33.002879,-70.995242
107703,CECOSF,Centro Comunitario de Salud Familiar Santa Julia,Calle Paradero 1,05109,Viña del Mar,05,Valparaíso,Servicio de Salud Viña del Mar Quillota,Municipal,-33.00086,-71.50452
200995,SAPU,SAPU  Manuel Lucero (Olmué),Calle Lo Rojas 2250,05803,Olmué,05,Valparaíso,Servicio de Salud Viña del Mar Quillota,Municipal,-32.99447,-71.180597
107317,CESFAM,Centro de Salud Familiar Manuel Lucero,Calle Lo Rojas 2250,05803,Olmué,05,Valparaíso,Servicio de Salud Viña del Mar Quillota,Municipal,-32.99443,-71.18069
200113,SAPU,SAPU Reñaca Alto,Avenida Quinta 875,05109,Viña del Mar,05,Valparaíso,Servicio de Salud Viña del Mar Quillota,Municipal,-32.993925,-71.486063
107352,CESFAM,Centro de Salud Familiar Reñaca Alto Dr. Jorge Kaplan,Avenida Quinta 875,05109,Viña del Mar,05,Valparaíso,Servicio de Salud Viña del Mar Quillota,Municipal,-32.99377,-71.48583
107303,CESFAM,Centro de Salud Familiar Gómez Carreño,Calle 19 Poniente 5650,05109,Viña del Mar,05,Valparaíso,Servicio de Salud Viña del Mar Quillota,Municipal,-32.99235,-71.52554
200110,SAPU,SAPU Gómez Carreño,Calle 19 Poniente,05109,Viña del Mar,05,Valparaíso,Servicio de Salud Viña del Mar Quillota,Municipal,-32.99234,-71.52585
201001,SUR,SUR  Manuel Lucero (Olmué),Calle Lo Rojas 2250,05803,Olmué,05,Valparaíso,Servicio de Salud Viña del Mar Quillota,Municipal,-32.990852,-71.18101
109412,PSR,Posta de Salud Rural Montenegro,Calle Larga,13303,Tiltil,13,Metropolitana de Santiago,Servicio de Salud Metropolitano Norte,Municipal,-32.966229,-70.83538
107319,CESFAM,Centro de Salud Familiar San Pedro,Calle Rene Schneider,05501,Quillota,05,Valparaíso,Servicio de Salud Viña del Mar Quillota,Municipal,-32.93843,-71.27772
200114,SAPU,SAPU San Pedro,Calle Rene Schneider,05501,Quillota,05,Valparaíso,Servicio de Salud Viña del Mar Quillota,Municipal,-32.938338,-71.277685
107305,CESFAM,Centro de Salud Familiar Concón,Calle Chañarcillo 1150,05103,Con Con,05,Valparaíso,Servicio de Salud Viña del Mar Quillota,Municipal,-32.92877,-71.51498
107805,SAR,SAR Concón,Calle Chañarcillo 1150,05103,Con Con,05,Valparaíso,Servicio de Salud Viña del Mar Quillota,Municipal,-32.928486,-71.515329
107600,COSAM,COSAM Concón,Calle Santa Laura 500,05103,Con Con,05,Valparaíso,Servicio de Salud Viña del Mar Quillota,Municipal,-32.920527,-71.516396
107430,PSR,Posta de Salud Rural Manzanar,Calle Camino Manzanar,05501,Quillota,05,Valparaíso,Servicio de Salud Viña del Mar Quillota,Municipal,-32.91644,-71.37564
108404,PSR,Posta de Salud Rural Río Blanco (Los Andes),Calle Camino Internacional,05301,Los Andes,05,Valparaíso,Servicio de Salud Aconcagua,Municipal,-32.90943,-70.30435
107312,CESFAM,Centro de Salud Familiar Cardenal Raúl Silva Henríquez,Avenida Las Industrias,05501,Quillota,05,Valparaíso,Servicio de Salud Viña del Mar Quillota,Municipal,-32.89197,-71.26188
108405,PSR,Posta de Salud Rural San Vicente (Calle Larga),Calle Caserío El Estero,05302,Calle Larga,05,Valparaíso,Servicio de Salud Aconcagua,Municipal,-32.88772,-70.59135
201070,SAR,SAR Quillota,Calle Bulnes 900,05501,Quillota,05,Valparaíso,Servicio de Salud Viña del Mar Quillota,Municipal,-32.887134,-71.252848
107320,CESFAM,Centro de Salud Familiar La Palma,Calle San Francisco,05501,Quillota,05,Valparaíso,Servicio de Salud Viña del Mar Quillota,Municipal,-32.88484,-71.20739
107758,CECOSF,Centro Comunitario de Salud Familiar Santa Teresita,Calle Vicuña Mackenna 525,05501,Quillota,05,Valparaíso,Servicio de Salud Viña del Mar Quillota,Municipal,-32.88415,-71.23866
107311,CESFAM,Centro de Salud Familiar Dr. Miguel Concha,Calle Maipú 902,05501,Quillota,05,Valparaíso,Servicio de Salud Viña del Mar Quillota,Municipal,-32.87877,-71.25568
107712,CECOSF,"Centro Comunitario de Salud Familiar Cardenal Raúl Silva Henríquez ""Cerro Macaya""",Calle Aconcagua 13,05501,Quillota,05,Valparaíso,Servicio de Salud Viña del Mar Quillota,Municipal,-32.872443,-71.249507
107318,CESFAM,Centro de Salud Familiar Boco,Calle Colón,05501,Quillota,05,Valparaíso,Servicio de Salud Viña del Mar Quillota,Municipal,-32.86934,-71.26566
201038,SUR,SUR Calle Larga,Calle El Arenal 151,05302,Calle Larga,05,Valparaíso,Servicio de Salud Aconcagua,Municipal,-32.861202,-70.628351
108308,CESFAM,Centro de Salud Familiar José Joaquín Aguirre,Calle La Pampilla 164,05302,Calle Larga,05,Valparaíso,Servicio de Salud Aconcagua,Municipal,-32.861207,-70.628343
200293,CECOSF,Centro Comunitario de Salud Familiar Ruta Norte,"Calle Teniente  Riquelme, Villa La Escuela 230",05501,Quillota,05,Valparaíso,Servicio de Salud Viña del Mar Quillota,Municipal,-32.859596,-71.233465
108403,PSR,Posta de Salud Rural Río Colorado,Calle Primera Quebrada,05304,San Esteban,05,Valparaíso,Servicio de Salud Aconcagua,Municipal,-32.85468,-70.4614
201072,CESFAM,Centro de Salud Familiar  OCOA,"Calle Plazoleta N°3, Reserva Cooperativa N°11 Sector Trabuco 3",05503,Hijuelas,05,Valparaíso,Servicio de Salud Viña del Mar Quillota,Municipal,-32.853834,-71.120538
108301,CESFAM,Centro de Salud Familiar Rinconada,Calle Alborada,05303,Rinconada,05,Valparaíso,Servicio de Salud Aconcagua,Municipal,-32.84529,-70.68723
108300,CESFAM,Centro de Salud Familiar Llay Llay,Calle San Francisco 76,05703,Llaillay,05,Valparaíso,Servicio de Salud Aconcagua,Servicio de Salud,-32.84259,-70.9527
107433,PSR,Posta de Salud Rural Pachacama,Calle Libertad,05502,Calera,05,Valparaíso,Servicio de Salud Viña del Mar Quillota,Municipal,-32.84027,-71.14945
201045,SAR,SAR Centenario,Avenida Avda Perú 487 Centenario 487,05301,Los Andes,05,Valparaíso,Servicio de Salud Aconcagua,Municipal,-32.839454,-70.603242
108307,CESFAM,Centro de Salud Familiar Centenario,Avenida Perú 487,05301,Los Andes,05,Valparaíso,Servicio de Salud Aconcagua,Municipal,-32.8393,-70.60339
108707,CECOSF,Centro Comunitario de Salud Familiar Juan Pablo Segundo( Los Andes),Calle Esteban Sainz 945,05301,Los Andes,05,Valparaíso,Servicio de Salud Aconcagua,Municipal,-32.837884,-70.613208
200462,COSAM,COSAM Los Andes,Calle Bernardo O?Higgins 470,05301,Los Andes,05,Valparaíso,Servicio de Salud Aconcagua,Servicio de Salud,-32.833911,-70.59991
107313,CESFAM,Centro de Salud Familiar La Cruz,Avenida 21 de Mayo 5010,05504,La Cruz,05,Valparaíso,Servicio de Salud Viña del Mar Quillota,Municipal,-32.82879,-71.22798
108306,CESFAM,Centro de Salud Familiar Cordillera Andina,Calle Papudo Norte 151,05301,Los Andes,05,Valparaíso,Servicio de Salud Aconcagua,Servicio de Salud,-32.82791,-70.59725
107402,PSR,Posta de Salud Rural Romeral,Calle Hidráulica,05503,Hijuelas,05,Valparaíso,Servicio de Salud Viña del Mar Quillota,Municipal,-32.828303,-71.042393
107428,PSR,Posta de Salud Rural Pachacamita,Calle Camino Principal Pachacamita 48,05502,Calera,05,Valparaíso,Servicio de Salud Viña del Mar Quillota,Municipal,-32.818544,-71.175361
108302,CESFAM,Centro de Salud Familiar San Esteban,Calle Arturo Prat 312,05304,San Esteban,05,Valparaíso,Servicio de Salud Aconcagua,Municipal,-32.80515,-70.57362
108401,PSR,Posta de Salud Rural Cariño Botado,Calle Las Faldas,05304,San Esteban,05,Valparaíso,Servicio de Salud Aconcagua,Municipal,-32.79561,-70.55644
107435,PSR,Posta de Salud Rural Manuel Rodríguez,Avenida Alessandri,05502,Calera,05,Valparaíso,Servicio de Salud Viña del Mar Quillota,Municipal,-32.795267,-71.193637
107721,CECOSF,Centro Comunitario de Salud Familiar Patricia Guerra,Pasaje Bolognesi,05502,Calera,05,Valparaíso,Servicio de Salud Viña del Mar Quillota,Municipal,-32.79333,-71.21715
108709,CECOSF,Centro Comunitario de Salud Familiar Las Cadenas,Calle Pueblo El Llano,05706,Santa Maria,05,Valparaíso,Servicio de Salud Aconcagua,Municipal,-32.79228,-70.62957
200595,CESFAM,Centro de Salud Familiar La Calera,Calle Nueva 33 1934,05502,Calera,05,Valparaíso,Servicio de Salud Viña del Mar Quillota,Municipal,-32.79211,-71.22
107322,CESFAM,Centro de Salud Familiar Dr. Orlando Orrego Torres,Calle Manuel Rodríguez 465,05503,Hijuelas,05,Valparaíso,Servicio de Salud Viña del Mar Quillota,Municipal,-32.79018,-71.14913
201004,SUR,SUR HIJUELAS,Calle Manuel Rodríguez 465,05503,Hijuelas,05,Valparaíso,Servicio de Salud Viña del Mar Quillota,Municipal,-32.789967,-71.149183
107434,PSR,Posta de Salud Rural Loncura,Calle Chimbote 1900,05107,Quintero,05,Valparaíso,Servicio de Salud Viña del Mar Quillota,Municipal,-32.78842,-71.50361
200271,COSAM,COSAM La Calera,"Calle Ignacio Carrera Pinto, esq. Zenón Ortiz 423",05502,Calera,05,Valparaíso,Servicio de Salud Viña del Mar Quillota,Servicio de Salud,-32.787747,-71.205371
108310,CESFAM,Centro de Salud Familiar Curimón,Calle Plaza de Curimón 45,05701,San Felipe,05,Valparaíso,Servicio de Salud Aconcagua,Municipal,-32.78363,-70.68865
200471,CECOSF,Centro Comunitario de Salud Familiar Susana Guerra  Guajardo.,"Calle Aconcagua, Sector El Trigal 926",05502,Calera,05,Valparaíso,Servicio de Salud Viña del Mar Quillota,Municipal,-32.78255,-71.19495
108311,CESFAM,Centro de Salud Familiar María Elena Peñaloza Morales,"Calle El Peral, Población Arturo Prat",05704,Panquehue,05,Valparaíso,Servicio de Salud Aconcagua,Municipal,-32.76792,-70.83473
108303,CESFAM,Centro de Salud Familiar Dr. Eduardo Raggio Lanata,Calle Prat,05702,Catemu,05,Valparaíso,Servicio de Salud Aconcagua,Municipal,-32.78241,-70.95961
107821,SAPU,SAPU Artificio,Calle Camilo Henríquez 88,05502,Calera,05,Valparaíso,Servicio de Salud Viña del Mar Quillota,Municipal,-32.775443,-71.188956
107321,CESFAM,Centro de Salud Familiar Artificio,Calle Camilo Henríquez 88,05502,Calera,05,Valparaíso,Servicio de Salud Viña del Mar Quillota,Municipal,-32.77523,-71.18897
108305,CESFAM,Centro de Salud Familiar San Felipe El Real,Calle Sargento Cajales 1900,05701,San Felipe,05,Valparaíso,Servicio de Salud Aconcagua,Servicio de Salud,-32.75884,-70.72563
200362,COSAM,COSAM San Felipe,Calle Sargento Cajales 1900,05701,San Felipe,05,Valparaíso,Servicio de Salud Aconcagua,Servicio de Salud,-32.758839,-70.725627
108700,CECOSF,Centro Comunitario de Salud Familiar Lo Calvo,Calle Lo Camus,05304,San Esteban,05,Valparaíso,Servicio de Salud Aconcagua,Municipal,-32.75186,-70.59175
108309,CESFAM,Centro de Salud Familiar Santa María Dr. Jorge Ahumada Lemus,Calle Irarrázabal 246,05706,Santa Maria,05,Valparaíso,Servicio de Salud Aconcagua,Municipal,-32.75076,-70.65742
200998,SUR,SUR LAS VENTANAS,Calle Nueva Germania,05105,Puchuncaví,05,Valparaíso,Servicio de Salud Viña del Mar Quillota,Municipal,-32.74234,-71.484444
107315,CESFAM,Centro de Salud Familiar Ventanas,Calle Nueva Germania,05105,Puchuncaví,05,Valparaíso,Servicio de Salud Viña del Mar Quillota,Municipal,-32.74232,-71.48447
107815,SAPU,SAPU Ventanas,Calle Nueva Germania,05105,Puchuncaví,05,Valparaíso,Servicio de Salud Viña del Mar Quillota,Municipal,-32.742309,-71.484664
108811,SAPU,SAPU San Felipe,Avenida Santa Teresa 370,05701,San Felipe,05,Valparaíso,Servicio de Salud Aconcagua,Municipal,-32.738892,-70.726956
108312,CESFAM,Centro de Salud Familiar Dr. Segismundo Iturra Taito,"Avenida Santa Teresa, Villa Las Acacias 370",05701,San Felipe,05,Valparaíso,Servicio de Salud Aconcagua,Municipal,-32.73886,-70.72659
200355,CECOSF,Centro Comunitario de Salud Familiar El Polígono,Calle Las Codornices con calle Los Chincholes,05506,Nogales,05,Valparaíso,Servicio de Salud Viña del Mar Quillota,Municipal,-32.73765,-71.21474
201002,SUR,SUR NOGALES,Calle Manuel Aldunate,05506,Nogales,05,Valparaíso,Servicio de Salud Viña del Mar Quillota,Municipal,-32.735431,-71.204376
107323,CESFAM,Centro de Salud Familiar Nogales,Calle Manuel Aldunate,05506,Nogales,05,Valparaíso,Servicio de Salud Viña del Mar Quillota,Municipal,-32.73541,-71.20428
107316,CESFAM,Centro de Salud Familiar Puchuncaví,Avenida Bernardo O'Higgins,05105,Puchuncaví,05,Valparaíso,Servicio de Salud Viña del Mar Quillota,Municipal,-32.72584,-71.41611
200999,SUR,SUR Puchuncaví,Otro Bernardo O'Higgins,05105,Puchuncaví,05,Valparaíso,Servicio de Salud Viña del Mar Quillota,Municipal,-32.725809,-71.416118
200993,SAPU,SAPU PUCHUNCAVÍ,Calle Bernardo O'Higgins S/N,05105,Puchuncaví,05,Valparaíso,Servicio de Salud Viña del Mar Quillota,Municipal,-32.725757,-71.416042
108402,PSR,Posta de Salud Rural Campos de Ahumada,Calle Campos de Ahumada Sector Bajo,05304,San Esteban,05,Valparaíso,Servicio de Salud Aconcagua,Municipal,-32.71099,-70.54447
107425,PSR,Posta de Salud Rural Horcón,Calle Sector Horcón,05105,Puchuncaví,05,Valparaíso,Servicio de Salud Viña del Mar Quillota,Municipal,-32.71085,-71.48888
108409,PSR,Posta de Salud Rural Santa Filomena (Santa María),Calle Lo Galdamez,05706,Santa Maria,05,Valparaíso,Servicio de Salud Aconcagua,Municipal,-32.70201,-70.61752
108712,CECOSF,Centro Comunitario de Salud Familiar Quebrada Herrera,Calle Vergara,05701,San Felipe,05,Valparaíso,Servicio de Salud Aconcagua,Municipal,-32.699298,-70.75137
200345,CECOSF,Centro Comunitario de Salud Familiar Estación Las Coimas,Calle Vieja Escultor Ernesto Concha Allende,05705,Putaendo,05,Valparaíso,Servicio de Salud Aconcagua,Municipal,-32.69604,-70.73269
107713,CECOSF,Centro Comunitario de Salud Familiar Ex Asentamiento El Melón,Calle Ex Asentamiento El Melón,05506,Nogales,05,Valparaíso,Servicio de Salud Viña del Mar Quillota,Municipal,-32.69424,-71.19842
108703,CECOSF,Centro Comunitario de Salud Familiar Los Cerrillos,Calle Los Cerrillos,05702,Catemu,05,Valparaíso,Servicio de Salud Aconcagua,Municipal,-32.69382,-70.92896
107324,CESFAM,Centro de Salud Familiar EU Rosa Sanchez G. El Melón,Calle Gustavo Filippi Murato 601,05506,Nogales,05,Valparaíso,Servicio de Salud Viña del Mar Quillota,Municipal,-32.67774,-71.2228
108411,PSR,Posta de Salud Rural Quebrada de Herrera,Calle Aldea Quebrada de Herrera,05705,Putaendo,05,Valparaíso,Servicio de Salud Aconcagua,Municipal,-32.67427,-70.75062
108410,PSR,Posta de Salud Rural La Orilla (Putaendo),Calle Aldea La Orilla,05705,Putaendo,05,Valparaíso,Servicio de Salud Aconcagua,Municipal,-32.65693,-70.70243
107422,PSR,Posta de Salud Rural Maitencillo (Puchuncaví),Calle Caserío de Maitencillo,05105,Puchuncaví,05,Valparaíso,Servicio de Salud Viña del Mar Quillota,Municipal,-32.64595,-71.43069
108304,CESFAM,Centro de Salud Familiar Valle de Los Libertadores,Avenida Alessandri 196,05705,Putaendo,05,Valparaíso,Servicio de Salud Aconcagua,Municipal,-32.62253,-70.71812
108407,PSR,Posta de Salud Rural Guzmanes,Calle Sector Guzmanes,05705,Putaendo,05,Valparaíso,Servicio de Salud Aconcagua,Municipal,-32.58274,-70.734
108406,PSR,Posta de Salud Rural Piguchén (Putaendo),Calle Troncal,05705,Putaendo,05,Valparaíso,Servicio de Salud Aconcagua,Municipal,-32.56997,-70.69063
107414,CESFAM,Centro de Salud Familiar Catapilco,Calle SAN ALFONSO 316,05405,Zapallar,05,Valparaíso,Servicio de Salud Viña del Mar Quillota,Municipal,-32.56792,-71.27441
200991,SAPU,SAPU Catapilco,Otro Pueblo Catapilco S/N,05405,Zapallar,05,Valparaíso,Servicio de Salud Viña del Mar Quillota,Municipal,-32.567915,-71.416118
200992,SAPU,SAPU  Dr. Johow (Zapallar),Otro Pueblo Zapallar S/N,05405,Zapallar,05,Valparaíso,Servicio de Salud Viña del Mar Quillota,Municipal,-32.554423,-71.274429
200997,SUR,SUR  Dr. Johow (Zapallar),Otro Pueblo Zapallar,05405,Zapallar,05,Valparaíso,Servicio de Salud Viña del Mar Quillota,Municipal,-32.554423,-71.455577
107355,CESFAM,Centro de Salud Familiar Dr. Johow Zapallar,Calle Pueblo Zapallar,05405,Zapallar,05,Valparaíso,Servicio de Salud Viña del Mar Quillota,Municipal,-32.55442,-71.45561
200994,SAPU,SAPU PAPUDO,Calle El Maitén 19,05403,Papudo,05,Valparaíso,Servicio de Salud Viña del Mar Quillota,Municipal,-32.508292,-71.455577
201000,SUR,SUR PAPUDO,Calle El Maitén 19,05403,Papudo,05,Valparaíso,Servicio de Salud Viña del Mar Quillota,Municipal,-32.508292,-71.435528
107354,CESFAM,Centro de Salud Familiar Papudo,Calle El Maitén 19,05403,Papudo,05,Valparaíso,Servicio de Salud Viña del Mar Quillota,Municipal,-32.50746,-71.43545
107431,PSR,Posta de Salud Rural Las Puertas,Calle Sector Las Puertas,05402,Cabildo,05,Valparaíso,Servicio de Salud Viña del Mar Quillota,Municipal,-32.48433,-70.93213
200219,CESFAM,Centro de Salud Familiar Raúl Sánchez Bañados,Calle Papudo 655,05401,La Ligua,05,Valparaíso,Servicio de Salud Viña del Mar Quillota,Municipal,-32.45079,-71.23271
107405,PSR,Posta de Salud Rural Pueblo de Varas,Calle Sector Pueblo de Varas,05401,La Ligua,05,Valparaíso,Servicio de Salud Viña del Mar Quillota,Municipal,-32.440755,-71.200729
107412,PSR,Posta de Salud Rural Pullally,Calle Pueblo de Pullalli,05403,Papudo,05,Valparaíso,Servicio de Salud Viña del Mar Quillota,Municipal,-32.43546,-71.31712
107406,PSR,Posta de Salud Rural Pueblo de Roco,Calle Sector Pueblo de Roco,05401,La Ligua,05,Valparaíso,Servicio de Salud Viña del Mar Quillota,Municipal,-32.429797,-71.228573
107417,PSR,Posta de Salud Rural La Viña,Calle Aldea La Viña,05402,Cabildo,05,Valparaíso,Servicio de Salud Viña del Mar Quillota,Municipal,-32.42445,-70.91353
107416,PSR,Posta de Salud Rural Artificio (Cabildo),Calle Pueblo de Artificio,05402,Cabildo,05,Valparaíso,Servicio de Salud Viña del Mar Quillota,Municipal,-32.394317,-71.094167
201003,SUR,SUR LAS PARCELAS,Avenida Aldea Las Parcelas,05401,La Ligua,05,Valparaíso,Servicio de Salud Viña del Mar Quillota,Municipal,-32.391736,-71.376492
107408,PSR,Posta de Salud Rural Las Parcelas,Calle Aldea Las Parcelas,05401,La Ligua,05,Valparaíso,Servicio de Salud Viña del Mar Quillota,Municipal,-32.39165,-71.3763
107429,PSR,Posta de Salud Rural La Canela,Calle Aldea La Canela,05401,La Ligua,05,Valparaíso,Servicio de Salud Viña del Mar Quillota,Municipal,-32.361894,-71.160745
107729,CECOSF,Centro Comunitario de Salud Familiar Pedegua,Calle Calle Principal,05404,Petorca,05,Valparaíso,Servicio de Salud Viña del Mar Quillota,Municipal,-32.35738,-71.07015
107415,PSR,Posta de Salud Rural Alicahue,Calle Caserío Alicahue,05402,Cabildo,05,Valparaíso,Servicio de Salud Viña del Mar Quillota,Municipal,-32.34926,-70.78635
107421,PSR,Posta de Salud Rural Pichicuy,Calle Pueblo Pichicuy,05401,La Ligua,05,Valparaíso,Servicio de Salud Viña del Mar Quillota,Municipal,-32.34469,-71.46138
107404,PSR,Posta de Salud Rural Santa Marta,Calle Aldea Santa Marta,05401,La Ligua,05,Valparaíso,Servicio de Salud Viña del Mar Quillota,Municipal,-32.335467,-71.181501
107409,PSR,Posta de Salud Rural Huaquén (La Ligua),Calle Sector Huaquén,05401,La Ligua,05,Valparaíso,Servicio de Salud Viña del Mar Quillota,Municipal,-32.33261,-71.40412
107407,PSR,Posta de Salud Rural Trapiche,Calle Aldea El Trapiche,05401,La Ligua,05,Valparaíso,Servicio de Salud Viña del Mar Quillota,Municipal,-32.320507,-71.290246
107419,PSR,Posta de Salud Rural Hierro Viejo,Calle Aldea Hierro Viejo,05404,Petorca,05,Valparaíso,Servicio de Salud Viña del Mar Quillota,Municipal,-32.28259,-71.01729
107410,PSR,Posta de Salud Rural Los Molles,Calle Pueblo Los Molles,05401,La Ligua,05,Valparaíso,Servicio de Salud Viña del Mar Quillota,Municipal,-32.23156,-71.50905
200996,SAPU,SAPU Los Molles,Otro Pueblo Los Molles,05401,La Ligua,05,Valparaíso,Servicio de Salud Viña del Mar Quillota,Municipal,-32.23156,-71.50905
107329,CESFAM,Centro de Salud Familiar Chincolco,Calle O'Higgins,05404,Petorca,05,Valparaíso,Servicio de Salud Viña del Mar Quillota,Municipal,-32.23142,-70.85432
105479,PSR,Posta de Salud Rural Guangualí,Calle Santiago Bueras,04203,Los Vilos,04,Coquimbo,Servicio de Salud Coquimbo,Municipal,-32.13317,-71.37398
105480,PSR,Posta de Salud Rural Quilimarí,Calle Amador Iglesias,04203,Los Vilos,04,Coquimbo,Servicio de Salud Coquimbo,Municipal,-32.11623,-71.4908
105511,PSR,Posta de Salud Rural Los Cóndores,Calle Camino Público,04203,Los Vilos,04,Coquimbo,Servicio de Salud Coquimbo,Municipal,-32.1097,-71.31295
105481,PSR,Posta de Salud Rural Tilama,Calle Camino Público Tilama,04203,Los Vilos,04,Coquimbo,Servicio de Salud Coquimbo,Municipal,-32.08631,-71.16691
105478,PSR,Posta de Salud Rural Caimanes,Calle Pedro Aguirre Cerda,04203,Los Vilos,04,Coquimbo,Servicio de Salud Coquimbo,Municipal,-31.9319,-71.13638
105453,PSR,Posta de Salud Rural Tranquilla,Calle Aldea Tranquilla,04204,Salamanca,04,Coquimbo,Servicio de Salud Coquimbo,Municipal,-31.89829,-70.68231
105452,PSR,Posta de Salud Rural Cuncumén(Salamanca),Calle Camino Público Cuncumén,04204,Salamanca,04,Coquimbo,Servicio de Salud Coquimbo,Municipal,-31.896399,-70.622964
105492,PSR,Posta de Salud Rural Camisa,Calle Sector Camisa,04204,Salamanca,04,Coquimbo,Servicio de Salud Coquimbo,Municipal,-31.88221,-70.95828
105455,CESFAM,Centro de Salud Familiar  Valle Alto,Calle BERNARDO OHIGGINS,04204,Salamanca,04,Coquimbo,Servicio de Salud Coquimbo,Municipal,-31.88142,-70.72591
105491,PSR,Posta de Salud Rural Quelén Bajo,Calle Camino único Quelén Bajo,04204,Salamanca,04,Coquimbo,Servicio de Salud Coquimbo,Municipal,-31.86311,-70.84274
105456,PSR,Posta de Salud Rural Llimpo,Calle Sector Llimpo,04204,Salamanca,04,Coquimbo,Servicio de Salud Coquimbo,Municipal,-31.84678,-70.84303
105504,PSR,Posta de Salud Rural Socavón,Calle Sector Socavón,04201,Illapel,04,Coquimbo,Servicio de Salud Coquimbo,Municipal,-31.81416,-71.16041
105458,PSR,Posta de Salud Rural Tahuinco,Calle Aldea Tahuinco,04204,Salamanca,04,Coquimbo,Servicio de Salud Coquimbo,Municipal,-31.79145,-71.05753
105445,PSR,Posta de Salud Rural Limáhuida,Calle Sector Limáhuida,04201,Illapel,04,Coquimbo,Servicio de Salud Coquimbo,Municipal,-31.752519,-71.15979
105501,PSR,Posta de Salud Rural Arboleda Grande,Calle Camino único Arboleda Grande,04204,Salamanca,04,Coquimbo,Servicio de Salud Coquimbo,Municipal,-31.73906,-70.94812
105447,PSR,Posta de Salud Rural Peralillo Illapel,Calle Calle única Peralillo,04201,Illapel,04,Coquimbo,Servicio de Salud Coquimbo,Municipal,-31.73905,-71.12241
105487,PSR,Posta de Salud Rural Cañas Uno,Calle Aldea Cañas Uno,04201,Illapel,04,Coquimbo,Servicio de Salud Coquimbo,Municipal,-31.73213,-71.25686
105457,PSR,Posta de Salud Rural San Agustín (Salamanca),Calle Aldea San Agustín,04204,Salamanca,04,Coquimbo,Servicio de Salud Coquimbo,Municipal,-31.730743,-70.832214
105454,PSR,Posta de Salud Rural Cunlagua,Calle Sector Cunlagua,04204,Salamanca,04,Coquimbo,Servicio de Salud Coquimbo,Municipal,-31.72994,-70.8993
105496,PSR,Posta de Salud Rural Pintacura Sur,Calle Sector Pintacura Sur,04201,Illapel,04,Coquimbo,Servicio de Salud Coquimbo,Municipal,-31.72315,-71.19768
105486,PSR,Posta de Salud Rural Tunga Sur,Calle Sector Tunga Sur,04201,Illapel,04,Coquimbo,Servicio de Salud Coquimbo,Municipal,-31.64457,-71.3511
105326,CESFAM,Centro de Salud Familiar Villa San Rafael de Rozas,Calle Mario Ahumada 50,04201,Illapel,04,Coquimbo,Servicio de Salud Coquimbo,Municipal,-31.63863,-71.1915
200366,CESFAM,Centro de Salud Familiar Urbano de Illapel,Calle El Mirador 211,04201,Illapel,04,Coquimbo,Servicio de Salud Coquimbo,Municipal,-31.63826,-71.17765
105449,PSR,Posta de Salud Rural Tunga Norte,Calle Sector Tunga Norte,04201,Illapel,04,Coquimbo,Servicio de Salud Coquimbo,Municipal,-31.62899,-71.36324
105493,PSR,Posta de Salud Rural Mincha Sur,Calle Aldea Mincha Norte,04202,Canela,04,Coquimbo,Servicio de Salud Coquimbo,Municipal,-31.59929,-71.43322
105443,PSR,Posta de Salud Rural Cárcamo,Calle Sector Cárcamo,04201,Illapel,04,Coquimbo,Servicio de Salud Coquimbo,Municipal,-31.59001,-71.06787
105450,PSR,Posta de Salud Rural Mincha Norte,Calle Sector Mincha Norte,04202,Canela,04,Coquimbo,Servicio de Salud Coquimbo,Municipal,-31.58758,-71.44482
105444,PSR,Posta de Salud Rural Huintil,Calle Sector Huintil,04201,Illapel,04,Coquimbo,Servicio de Salud Coquimbo,Municipal,-31.576468,-70.997226
105484,PSR,Posta de Salud Rural Huentelauquén,Calle Sector Huentelauquén,04202,Canela,04,Coquimbo,Servicio de Salud Coquimbo,Municipal,-31.57357,-71.53567
105448,PSR,Posta de Salud Rural Santa Virginia,Calle Sector Santa Virginia,04201,Illapel,04,Coquimbo,Servicio de Salud Coquimbo,Municipal,-31.55569,-70.84175
105451,PSR,Posta de Salud Rural Agua Fría,Calle Sector Agua Fría,04202,Canela,04,Coquimbo,Servicio de Salud Coquimbo,Municipal,-31.53725,-71.37805
105446,PSR,Posta de Salud Rural Matancilla,Calle Calle única Matancilla,04201,Illapel,04,Coquimbo,Servicio de Salud Coquimbo,Municipal,-31.43636,-71.01181
105485,PSR,Posta de Salud Rural Plan de Hornos,Calle Sector Plan de Hornos,04201,Illapel,04,Coquimbo,Servicio de Salud Coquimbo,Municipal,-31.41102,-71.08642
105809,SAPU,SAPU Canela,Calle Joel Muñoz 495,04202,Canela,04,Coquimbo,Servicio de Salud Coquimbo,Municipal,-31.400039,-71.458997
105309,CESFAM,Centro de Salud Familiar Canela,Calle Estanislao Ollarzú 350,04202,Canela,04,Coquimbo,Servicio de Salud Coquimbo,Municipal,-31.39972,-71.45891
105482,PSR,Posta de Salud Rural Canela Alta,Calle Sector Canela Alta,04202,Canela,04,Coquimbo,Servicio de Salud Coquimbo,Municipal,-31.39104,-71.3852
105498,PSR,Posta de Salud Rural Quebrada Linares,Calle Sector Quebrada Linares,04202,Canela,04,Coquimbo,Servicio de Salud Coquimbo,Municipal,-31.29266,-71.36456
105497,PSR,Posta de Salud Rural Jabonería,Calle Sector Jabonería,04202,Canela,04,Coquimbo,Servicio de Salud Coquimbo,Municipal,-31.28881,-71.42107
105466,PSR,Posta de Salud Rural Valle Hermoso,Calle Valle Hermoso,04302,Combarbalá,04,Coquimbo,Servicio de Salud Coquimbo,Municipal,-31.26176,-71.00195
105483,PSR,Posta de Salud Rural Los Rulos,Calle Sector Los Rulos,04202,Canela,04,Coquimbo,Servicio de Salud Coquimbo,Municipal,-31.23463,-71.23268
105465,PSR,Posta de Salud Rural Ramadilla,Calle Ramadilla,04302,Combarbalá,04,Coquimbo,Servicio de Salud Coquimbo,Municipal,-31.22395,-70.9395
105488,PSR,Posta de Salud Rural Espíritu Santo,Calle Sector Espíritu Santo,04202,Canela,04,Coquimbo,Servicio de Salud Coquimbo,Municipal,-31.19752,-71.42111
105422,PSR,Posta de Salud Rural Hornillos,Calle Calle única Hornillos,04301,Ovalle,04,Coquimbo,Servicio de Salud Coquimbo,Municipal,-31.12689,-71.60122
105490,PSR,Posta de Salud Rural El Durazno(Combarbalá),Calle Quebrada El Durazno,04302,Combarbalá,04,Coquimbo,Servicio de Salud Coquimbo,Municipal,-31.12453,-70.83708
105463,PSR,Posta de Salud Rural Quilitapia,Calle Quilitapia,04302,Combarbalá,04,Coquimbo,Servicio de Salud Coquimbo,Municipal,-31.11807,-71.15932
105459,PSR,Posta de Salud Rural Barrancas,Calle Barrancas,04302,Combarbalá,04,Coquimbo,Servicio de Salud Coquimbo,Municipal,-31.10772,-70.90864
105460,CECOSF,Centro Comunitario de Salud Familiar Cogotí 18,Calle Cogotí,04302,Combarbalá,04,Coquimbo,Servicio de Salud Coquimbo,Municipal,-31.08926,-70.95419
105462,PSR,Posta de Salud Rural El Sauce (Combarbalá),Calle El Sauce,04302,Combarbalá,04,Coquimbo,Servicio de Salud Coquimbo,Municipal,-31.07298,-71.14225
105442,PSR,Posta de Salud Rural San Pedro de Quiles,Calle Sector San Pedro de Quiles,04304,Punitaqui,04,Coquimbo,Servicio de Salud Coquimbo,Municipal,-31.06651,-71.40364
105464,PSR,Posta de Salud Rural La Ligua,Calle La Ligua,04302,Combarbalá,04,Coquimbo,Servicio de Salud Coquimbo,Municipal,-31.04073,-71.0401
105461,PSR,Posta de Salud Rural El Huacho,Calle El Huacho,04302,Combarbalá,04,Coquimbo,Servicio de Salud Coquimbo,Municipal,-31.03102,-71.17905
105489,PSR,Posta de Salud Rural Ramadas de Tulahuén,Calle Camino Único Ramadas,04303,Monte Patria,04,Coquimbo,Servicio de Salud Coquimbo,Municipal,-31.017037,-70.580623
105433,PSR,Posta de Salud Rural San Lorenzo (Combarbalá),Calle San Lorenzo,04302,Combarbalá,04,Coquimbo,Servicio de Salud Coquimbo,Municipal,-31.00042,-70.9069
105435,PSR,Posta de Salud Rural Tulahuén,Calle Calle única Tulahuén,04303,Monte Patria,04,Coquimbo,Servicio de Salud Coquimbo,Municipal,-30.96555,-70.76918
105434,PSR,Posta de Salud Rural San Marcos (Combarbalá),Calle Sector San Marcos,04302,Combarbalá,04,Coquimbo,Servicio de Salud Coquimbo,Municipal,-30.95475,-71.06854
105508,PSR,Posta de Salud Rural El Parral de Quiles,Calle Sector El Parral de Quiles,04304,Punitaqui,04,Coquimbo,Servicio de Salud Coquimbo,Municipal,-30.950352,-71.501046
105441,PSR,Posta de Salud Rural Manquehua,Calle Manquehua,04302,Combarbalá,04,Coquimbo,Servicio de Salud Coquimbo,Municipal,-30.95004,-71.1892
105311,CESFAM,Centro de Salud Familiar Chañaral Alto,Calle Bernardo O'Higgins,04303,Monte Patria,04,Coquimbo,Servicio de Salud Coquimbo,Municipal,-30.8864,-71.01516
105439,PSR,Posta de Salud Rural Cerro Blanco,Calle Sector Cerro Blanco,04301,Ovalle,04,Coquimbo,Servicio de Salud Coquimbo,Municipal,-30.88001,-71.40213
105431,PSR,Posta de Salud Rural Pedregal,Calle Calle única Pedregal,04303,Monte Patria,04,Coquimbo,Servicio de Salud Coquimbo,Municipal,-30.85388,-70.70622
105312,CESFAM,Centro de Salud Familiar Carén,Calle Mac-Iver,04303,Monte Patria,04,Coquimbo,Servicio de Salud Coquimbo,Municipal,-30.84967,-70.76993
105440,PSR,Posta de Salud Rural Divisadero,Calle Sector Divisadero,04304,Punitaqui,04,Coquimbo,Servicio de Salud Coquimbo,Municipal,-30.848618,-71.146302
105428,PSR,Posta de Salud Rural Huatulame,Calle Carretera,04303,Monte Patria,04,Coquimbo,Servicio de Salud Coquimbo,Municipal,-30.836939,-70.978271
105308,CESFAM,Centro de Salud Familiar Punitaqui,Calle Carlos Galleguillos,04304,Punitaqui,04,Coquimbo,Servicio de Salud Coquimbo,Municipal,-30.83337,-71.25529
200738,SUR,SUR Punitaqui,Calle Carlos Galleguillos,04304,Punitaqui,04,Coquimbo,Servicio de Salud Coquimbo,Municipal,-30.833341,-71.255703
105436,PSR,Posta de Salud Rural El Maitén,Calle Calle única El Maitén,04303,Monte Patria,04,Coquimbo,Servicio de Salud Coquimbo,Municipal,-30.80592,-70.5963
105318,CESFAM,Centro de Salud Familiar El Palqui,Calle Pedro León Gallo,04303,Monte Patria,04,Coquimbo,Servicio de Salud Coquimbo,Municipal,-30.76716,-70.94378
105417,PSR,Posta de Salud Rural Alcones Bajo,Calle Sector Alcones Bajo,04301,Ovalle,04,Coquimbo,Servicio de Salud Coquimbo,Municipal,-30.763009,-71.543832
105430,PSR,Posta de Salud Rural Mialqui,Calle Calle única El Mialqui,04303,Monte Patria,04,Coquimbo,Servicio de Salud Coquimbo,Municipal,-30.75353,-70.85516
105425,PSR,Posta de Salud Rural Chilecito,Calle Calle única Chilecito,04303,Monte Patria,04,Coquimbo,Servicio de Salud Coquimbo,Municipal,-30.75347,-70.84336
105437,PSR,Posta de Salud Rural Chalinga,Calle Sector Chalinga,04301,Ovalle,04,Coquimbo,Servicio de Salud Coquimbo,Municipal,-30.75125,-71.40246
105427,PSR,Posta de Salud Rural Hacienda Valdivia,Calle Calle única Hacienda Valdivia,04303,Monte Patria,04,Coquimbo,Servicio de Salud Coquimbo,Municipal,-30.751073,-70.675517
105416,PSR,Posta de Salud Rural Camarico (Ovalle),Calle Camino público Camarico,04301,Ovalle,04,Coquimbo,Servicio de Salud Coquimbo,Municipal,-30.72281,-71.3037
105432,PSR,Posta de Salud Rural Rapel (Monte Patria),Calle Aldea Rapel,04303,Monte Patria,04,Coquimbo,Servicio de Salud Coquimbo,Municipal,-30.723716,-70.772836
105307,CESFAM,Centro de Salud Familiar Monte Patria,Calle Poniu 80,04303,Monte Patria,04,Coquimbo,Servicio de Salud Coquimbo,Municipal,-30.69616,-70.95824
200720,SAR,SAR Monte Patria,Calle Proyectada 5 172,04303,Monte Patria,04,Coquimbo,Servicio de Salud Coquimbo,Municipal,-30.696135,-70.958212
105415,PSR,Posta de Salud Rural Barraza,Calle Calle única,04301,Ovalle,04,Coquimbo,Servicio de Salud Coquimbo,Municipal,-30.65489,-71.47925
200367,CECOSF,Centro Comunitario de Salud Familiar Colonia Limarí,"Calle Francisco Barraza, Sector Pueblo Limarí 65",04301,Ovalle,04,Coquimbo,Servicio de Salud Coquimbo,Municipal,-30.6371,-71.28243
105324,CESFAM,Centro de Salud Familiar Sotaquí,Calle Camino Al Guindo,04301,Ovalle,04,Coquimbo,Servicio de Salud Coquimbo,Municipal,-30.63609,-71.11613
200742,SUR,SUR Sotaquí,Calle Camino Al Guindo,04301,Ovalle,04,Coquimbo,Servicio de Salud Coquimbo,Municipal,-30.636079,-71.116146
200258,CECOSF,Centro Comunitario de Salud Familiar Los Copihues,"Calle Río Loa, sector Los Leices",04301,Ovalle,04,Coquimbo,Servicio de Salud Coquimbo,Municipal,-30.628084,-71.218841
105419,PSR,Posta de Salud Rural Las Sossas,Calle Calle única,04301,Ovalle,04,Coquimbo,Servicio de Salud Coquimbo,Municipal,-30.61513,-71.40963
200569,CESFAM,Centro de Salud Familiar Fray Jorge,Calle Jorge Edward 543,04301,Ovalle,04,Coquimbo,Servicio de Salud Coquimbo,Municipal,-30.61058,-71.20201
200721,SAPU,SAPU Fray Jorge,Calle Jorge Edwards 543,04301,Ovalle,04,Coquimbo,Servicio de Salud Coquimbo,Municipal,-30.610497,-71.116025
105322,CESFAM,Centro de Salud Familiar Marcos Macuada,Calle Covarrubias 260,04301,Ovalle,04,Coquimbo,Servicio de Salud Coquimbo,Municipal,-30.59808,-71.19537
105822,SAR,SAR Marcos Macuada,Calle Covarrubias 260,04301,Ovalle,04,Coquimbo,Servicio de Salud Coquimbo,Municipal,-30.598059,-71.195619
105722,CECOSF,Centro Comunitario de Salud Familiar San José de la Dehesa,Calle Soldado Sánchez,04301,Ovalle,04,Coquimbo,Servicio de Salud Coquimbo,Municipal,-30.5929,-71.20427
105723,CECOSF,Centro Comunitario de Salud Familiar Limarí,Calle Diaguitas 1328,04301,Ovalle,04,Coquimbo,Servicio de Salud Coquimbo,Municipal,-30.59089,-71.18346
105317,CESFAM,Centro de Salud Familiar Jorge Jordán Domic,Calle Magallanes Moure 794,04301,Ovalle,04,Coquimbo,Servicio de Salud Coquimbo,Municipal,-30.59011,-71.19274
105817,SAPU,SAPU Jorge Jordán Domic,Calle Magallanes Moure 794,04301,Ovalle,04,Coquimbo,Servicio de Salud Coquimbo,Municipal,-30.590093,-71.192437
200741,SUR,SUR Tamaya,Calle Cerrillos de Tamaya,04301,Ovalle,04,Coquimbo,Servicio de Salud Coquimbo,Municipal,-30.579478,-71.201981
105315,CESFAM,Centro de Salud Familiar Cerrillos de Tamaya,Calle Cerrillos de Tamaya,04301,Ovalle,04,Coquimbo,Servicio de Salud Coquimbo,Municipal,-30.57931,-71.40847
105507,PSR,Posta de Salud Rural Huamalata,Calle Pueblo de Huamalata,04301,Ovalle,04,Coquimbo,Servicio de Salud Coquimbo,Municipal,-30.57271,-71.16698
105510,PSR,Posta de Salud Rural Recoleta,Calle Camino Público,04301,Ovalle,04,Coquimbo,Servicio de Salud Coquimbo,Municipal,-30.49951,-71.15145
105503,PSR,Posta de Salud Rural Tabaqueros,Calle Camino único Tabaqueros,04305,Río Hurtado,04,Coquimbo,Servicio de Salud Coquimbo,Municipal,-30.47333,-71.03227
105413,PSR,Posta de Salud Rural Samo Alto,Calle Calle única Samo Alto,04305,Río Hurtado,04,Coquimbo,Servicio de Salud Coquimbo,Municipal,-30.4088,-70.93729
200739,SUR,SUR Pichasca,Calle Calle Única,04305,Río Hurtado,04,Coquimbo,Servicio de Salud Coquimbo,Municipal,-30.396395,-70.87213
105310,CESFAM,Centro de Salud Familiar Rio Hurtado,Calle Calle Única,04305,Río Hurtado,04,Coquimbo,Servicio de Salud Coquimbo,Municipal,-30.396416,-70.872092
105411,PSR,Posta de Salud Rural Las Breas (Río Hurtado),Calle Calle única,04305,Río Hurtado,04,Coquimbo,Servicio de Salud Coquimbo,Municipal,-30.38458,-70.59769
105414,PSR,Posta de Salud Rural Serón,Calle Calle única Serón,04305,Río Hurtado,04,Coquimbo,Servicio de Salud Coquimbo,Municipal,-30.33016,-70.74238
105409,PSR,Posta de Salud Rural El Chañar,Calle Camino único El Chañar,04305,Río Hurtado,04,Coquimbo,Servicio de Salud Coquimbo,Municipal,-30.29391,-70.62973
105410,PSR,Posta de Salud Rural Hurtado,Calle Camino único Hurtado,04305,Río Hurtado,04,Coquimbo,Servicio de Salud Coquimbo,Municipal,-30.27885,-70.67802
105321,CESFAM,Centro de Salud Familiar Tongoy,Calle Fundición Norte 127,04102,Coquimbo,04,Coquimbo,Servicio de Salud Coquimbo,Municipal,-30.25794,-71.4914
105407,PSR,Posta de Salud Rural Tambillo,Calle Covadonga 22,04102,Coquimbo,04,Coquimbo,Servicio de Salud Coquimbo,Municipal,-30.19745,-71.22404
105405,PSR,Posta de Salud Rural Guanaqueros,Avenida Guanaqueros 4850,04102,Coquimbo,04,Coquimbo,Servicio de Salud Coquimbo,Municipal,-30.19689,-71.42958
105475,PSR,Posta de Salud Rural Horcón (Paiguano),Calle Calle única sector plaza,04105,Paiguano,04,Coquimbo,Servicio de Salud Coquimbo,Municipal,-30.1914,-70.48264
105477,PSR,Posta de Salud Rural Pisco Elqui,Pasaje Los Copihues,04105,Paiguano,04,Coquimbo,Servicio de Salud Coquimbo,Municipal,-30.12383,-70.49261
105476,PSR,Posta de Salud Rural Monte Grande,Calle Calle única,04105,Paiguano,04,Coquimbo,Servicio de Salud Coquimbo,Municipal,-30.09459,-70.49576
200499,CESFAM,Centro de Salud Familiar Rural Pan de Azúcar,"Calle Callejón Ripamonti, Pan de Azúcar",04102,Coquimbo,04,Coquimbo,Servicio de Salud Coquimbo,Municipal,-30.05555,-71.25103
105471,PSR,Posta de Salud Rural Peralillo Vicuña,Calle Calle Principal,04106,Vicuña,04,Coquimbo,Servicio de Salud Coquimbo,Municipal,-30.04167,-70.6673
105469,PSR,Posta de Salud Rural El Tambo (Vicuña),"Calle 22 de Mayo 88, Aldea El Tambo",04106,Vicuña,04,Coquimbo,Servicio de Salud Coquimbo,Municipal,-30.03249,-70.77771
200737,SUR,SUR Paihuano,Calle Balmaceda,04105,Paiguano,04,Coquimbo,Servicio de Salud Coquimbo,Municipal,-30.025368,-70.517428
105306,CESFAM,Centro de Salud Familiar Jaime Thompson Rodríguez,Calle Balmaceda,04105,Paiguano,04,Coquimbo,Servicio de Salud Coquimbo,Municipal,-30.02524,-70.51765
200538,CESFAM,Centro de Salud Familiar San Isidro Calingasta,"Calle 18 de Septiembre, localidad de Calingasta 101",04106,Vicuña,04,Coquimbo,Servicio de Salud Coquimbo,Municipal,-30.02432,-70.69385
105467,PSR,Posta de Salud Rural Diaguitas,"Calle Los Perales 2, Aldea Diaguitas",04106,Vicuña,04,Coquimbo,Servicio de Salud Coquimbo,Municipal,-30.02372,-70.63613
105509,PSR,Posta de Salud Rural Gualliguaica,Calle Calle Principal,04106,Vicuña,04,Coquimbo,Servicio de Salud Coquimbo,Municipal,-30.00506,-70.81594
200494,CESFAM,Centro de Salud Familiar El Sauce,"Calle Los Olivos, Sector El Sauce 851",04102,Coquimbo,04,Coquimbo,Servicio de Salud Coquimbo,Municipal,-29.99588,-71.33631
200928,SAPU,SAPU El Sauce,"Calle Los Olivos, Sector El Sauce 851",04102,Coquimbo,04,Coquimbo,Servicio de Salud Coquimbo,Municipal,-29.995883,-71.336308
200273,CECOSF,Centro Comunitario de Salud Familiar Punta Mira,Calle Dr. Ramón Gorroño León 2840,04102,Coquimbo,04,Coquimbo,Servicio de Salud Coquimbo,Municipal,-29.9931,-71.32357
105468,PSR,Posta de Salud Rural El Molle,Calle Balmaceda,04106,Vicuña,04,Coquimbo,Servicio de Salud Coquimbo,Municipal,-29.97835,-70.95148
105401,PSR,Posta de Salud Rural Las Rojas,Calle Principal,04101,La Serena,04,Coquimbo,Servicio de Salud Coquimbo,Municipal,-29.97742,-71.05845
105472,PSR,Posta de Salud Rural Rivadavia,Calle O'Higgins 46,04106,Vicuña,04,Coquimbo,Servicio de Salud Coquimbo,Municipal,-29.97696,-70.55944
105803,SAPU,SAPU San Juan,Calle J.J Oliver,04102,Coquimbo,04,Coquimbo,Servicio de Salud Coquimbo,Municipal,-29.975579,-71.325241
105303,CESFAM,Centro de Salud Familiar San Juan,Calle J.J. Oliver,04102,Coquimbo,04,Coquimbo,Servicio de Salud Coquimbo,Municipal,-29.97543,-71.3255
105823,SAPU,SAPU Dr. Sergio Aguilar,Avenida Alessandri esquina Lenox 1035,04102,Coquimbo,04,Coquimbo,Servicio de Salud Coquimbo,Municipal,-29.970801,-71.336359
105323,CESFAM,Centro de Salud Familiar Dr. Sergio Aguilar Delgado,Avenida Alessandri 1035,04102,Coquimbo,04,Coquimbo,Servicio de Salud Coquimbo,Municipal,-29.97047,-71.33618
105600,COSAM,COSAM Tierras Blancas (CESAM),Calle Linares 895,04102,Coquimbo,04,Coquimbo,Servicio de Salud Coquimbo,Servicio de Salud,-29.962371,-71.255994
105805,SAR,SAR Tierras Blancas,Calle Linares 915,04102,Coquimbo,04,Coquimbo,Servicio de Salud Coquimbo,Municipal,-29.962371,-71.255994
105305,CESFAM,Centro de Salud Familiar Tierras Blancas,Calle Linares 915,04102,Coquimbo,04,Coquimbo,Servicio de Salud Coquimbo,Municipal,-29.96232,-71.25584
200607,CESFAM,Centro de Salud Familiar Lila Cortés Godoy,"Calle Regimiento Arica, Tierras Blancas 1405",04102,Coquimbo,04,Coquimbo,Servicio de Salud Coquimbo,Municipal,-29.95617,-71.24645
200848,SAPU,SAPU Lila Cortés,"Calle Regimiento Arica, Tierras Blancas 1405",04102,Coquimbo,04,Coquimbo,Servicio de Salud Coquimbo,Municipal,-29.955866,-71.245572
105473,PSR,Posta de Salud Rural Talcuna,Calle Los Álamos,04106,Vicuña,04,Coquimbo,Servicio de Salud Coquimbo,Municipal,-29.95338,-70.9668
105304,CESFAM,Centro de Salud Familiar Santa Cecilia,Calle Las Heras 1100,04102,Coquimbo,04,Coquimbo,Servicio de Salud Coquimbo,Municipal,-29.95113,-71.34284
105804,SAPU,SAPU Santa Cecilia,Calle Las Heras 1100,04102,Coquimbo,04,Coquimbo,Servicio de Salud Coquimbo,Municipal,-29.950999,-71.34276
105700,CECOSF,Centro Comunitario de Salud Familiar Villa el Indio,Calle Las Lúcumas,04101,La Serena,04,Coquimbo,Servicio de Salud Coquimbo,Municipal,-29.94392,-71.26196
105400,PSR,Posta de Salud Rural Algarrobito,Calle Callejón Carlos Mery,04101,La Serena,04,Coquimbo,Servicio de Salud Coquimbo,Municipal,-29.940843,-71.146511
105300,CESFAM,Centro de Salud Familiar Cardenal Caro,Avenida 4 Esquinas,04101,La Serena,04,Coquimbo,Servicio de Salud Coquimbo,Municipal,-29.933,-71.25839
105825,SAPU,SAPU Cardenal Caro,Avenida 4 Esquinas,04101,La Serena,04,Coquimbo,Servicio de Salud Coquimbo,Municipal,-29.932749,-71.258172
105802,SAPU,SAPU Pedro Aguirre Cerda,Calle Emilio Bello 918,04101,La Serena,04,Coquimbo,Servicio de Salud Coquimbo,Municipal,-29.916343,-71.218773
105302,CESFAM,Centro de Salud Familiar Pedro Aguirre Cerda,Calle Emilio Bello 918,04101,La Serena,04,Coquimbo,Servicio de Salud Coquimbo,Municipal,-29.91626,-71.21862
105826,SAR,SAR Emilio Schaffhauser,Avenida Francisco de Aguirre,04101,La Serena,04,Coquimbo,Servicio de Salud Coquimbo,Municipal,-29.905824,-71.249704
105313,CESFAM,Centro de Salud Familiar Dr. Emilio Schaffhauser,Avenida Francisco de Aguirre,04101,La Serena,04,Coquimbo,Servicio de Salud Coquimbo,Municipal,-29.90574,-71.24967
105474,PSR,Posta de Salud Rural Chapilca,Calle Las Rosas,04106,Vicuña,04,Coquimbo,Servicio de Salud Coquimbo,Municipal,-29.8993,-70.52039
105402,PSR,Posta de Salud Rural El Romero,"Calle Ruta al Romero, Aldea Romero",04101,La Serena,04,Coquimbo,Servicio de Salud Coquimbo,Municipal,-29.88972,-71.14064
200402,CECOSF,Centro Comunitario de Salud Familiar Arcos de Pinamar,Calle Salvador Reyes esquina Brillador 2061,04101,La Serena,04,Coquimbo,Servicio de Salud Coquimbo,Municipal,-29.88682,-71.2518
105702,CECOSF,Centro Comunitario de Salud Familiar Lambert,Pasaje Ernestina Aguirre 4270,04101,La Serena,04,Coquimbo,Servicio de Salud Coquimbo,Municipal,-29.88639,-71.22641
105319,CESFAM,Centro de Salud Familiar Cardenal Raúl Silva Henríquez de La Serena,Avenida La Paz,04101,La Serena,04,Coquimbo,Servicio de Salud Coquimbo,Municipal,-29.88142,-71.22459
105819,SAR,SAR Raúl Silva Henríquez,Avenida La Paz 2070,04101,La Serena,04,Coquimbo,Servicio de Salud Coquimbo,Municipal,-29.881209,-71.224522
105801,SAPU,SAPU Las Compañías,Calle Esmeralda,04101,La Serena,04,Coquimbo,Servicio de Salud Coquimbo,Municipal,-29.878321,-71.244959
105301,CESFAM,Centro de Salud Familiar Las Compañías,Calle Esmeralda,04101,La Serena,04,Coquimbo,Servicio de Salud Coquimbo,Municipal,-29.87829,-71.24509
105701,CECOSF,Centro Comunitario de Salud Familiar Villa Alemania,Calle Antonio 2834,04101,La Serena,04,Coquimbo,Servicio de Salud Coquimbo,Municipal,-29.87187,-71.23839
105325,CESFAM,Centro de Salud Familiar Juan Pablo II (La Serena),Calle Isidora Campaña 3397,04101,La Serena,04,Coquimbo,Servicio de Salud Coquimbo,Municipal,-29.86831,-71.23022
200105,SAPU,SAPU Juan Pablo II,Avenida Isidoro Campaña 3397,04101,La Serena,04,Coquimbo,Servicio de Salud Coquimbo,Municipal,-29.868305,-71.229878
105470,PSR,Posta de Salud Rural Huanta,Avenida Elqui 25,04106,Vicuña,04,Coquimbo,Servicio de Salud Coquimbo,Municipal,-29.84629,-70.38954
105499,PSR,Posta de Salud Rural Lambert,Calle Calle única,04101,La Serena,04,Coquimbo,Servicio de Salud Coquimbo,Municipal,-29.84133,-71.11923
105500,PSR,Posta de Salud Rural Caleta Hornos,Calle Las Palmeras,04104,La Higuera,04,Coquimbo,Servicio de Salud Coquimbo,Municipal,-29.62403,-71.28221
105314,CESFAM,Centro de Salud Familiar La Higuera,Avenida La Paz,04104,La Higuera,04,Coquimbo,Servicio de Salud Coquimbo,Municipal,-29.506922,-71.200171
200740,SUR,SUR La Higuera,Avenida La Paz,04104,La Higuera,04,Coquimbo,Servicio de Salud Coquimbo,Municipal,-29.507022,-71.249606
105506,PSR,Posta de Salud Rural El Trapiche,Calle Ruta 5 El Trapiche,04104,La Higuera,04,Coquimbo,Servicio de Salud Coquimbo,Municipal,-29.37295,-71.11493
105505,PSR,Posta de Salud Rural Los Choros,Calle San José,04104,La Higuera,04,Coquimbo,Servicio de Salud Coquimbo,Municipal,-29.243,-71.46005
104411,PSR,Posta de Salud Rural Incahuasi,Calle Luis Pasteur,03301,Vallenar,03,Atacama,Servicio de Salud Atacama,Municipal,-29.22732,-71.01152
104409,PSR,Posta de Salud Rural Carrizalillo (Freirina),Calle Sector Carrizalillo,03303,Freirina,03,Atacama,Servicio de Salud Atacama,Municipal,-29.10207,-71.40947
104414,PSR,Posta de Salud Rural Las Breas (Alto del Carmen),Calle Caserío Canto Las Breas,03302,Alto del Carmen,03,Atacama,Servicio de Salud Atacama,Municipal,-29.09879,-70.46084
104410,PSR,Posta de Salud Rural Cachiyuyo,Calle Dr. Aravena,03301,Vallenar,03,Atacama,Servicio de Salud Atacama,Municipal,-29.03643,-70.89961
104407,PSR,Posta de Salud Rural Conay,Calle Caserío Conay,03302,Alto del Carmen,03,Atacama,Servicio de Salud Atacama,Municipal,-28.9734,-70.15487
104405,PSR,Posta de Salud Rural Domeyko,Calle Pedro Cuadra,03301,Vallenar,03,Atacama,Servicio de Salud Atacama,Municipal,-28.95481,-70.89346
104403,PSR,Posta de Salud Rural San Félix,Calle Aldea de San Félix,03302,Alto del Carmen,03,Atacama,Servicio de Salud Atacama,Municipal,-28.93266,-70.46238
104404,PSR,Posta de Salud Rural El Tránsito,Calle Aldea de El Transito,03302,Alto del Carmen,03,Atacama,Servicio de Salud Atacama,Municipal,-28.87648,-70.28055
104322,CESFAM,Centro de Salud Familiar Alto del Carmen,Calle Jerónimo Godoy 6,03302,Alto del Carmen,03,Atacama,Servicio de Salud Atacama,Municipal,-28.7585,-70.48712
200949,SUR,SUR Alto del Carmen,Calle Jerónimo Godoy 6,03302,Alto del Carmen,03,Atacama,Servicio de Salud Atacama,Municipal,-28.758503,-70.487116
104317,CESFAM,Centro de Salud Familiar Joan Crawford Astudillo,Avenida España,03301,Vallenar,03,Atacama,Servicio de Salud Atacama,Municipal,-28.59047,-70.7583
200101,SAPU,SAPU Joan Crawford Astudillo,Avenida Los Escritores 1800,03301,Vallenar,03,Atacama,Servicio de Salud Atacama,Municipal,-28.590365,-70.758589
200099,SAPU,SAPU Baquedano,Avenida Perú,03301,Vallenar,03,Atacama,Servicio de Salud Atacama,Municipal,-28.578096,-70.744945
104316,CESFAM,Centro de Salud Familiar Baquedano,Avenida Perú,03301,Vallenar,03,Atacama,Servicio de Salud Atacama,Municipal,-28.57807,-70.74488
104313,CESFAM,Centro de Salud Familiar Estación,Calle Ramírez,03301,Vallenar,03,Atacama,Servicio de Salud Atacama,Municipal,-28.57223,-70.76447
104315,CESFAM,Centro de Salud Familiar Hermanos Carrera,Avenida Lautaro,03301,Vallenar,03,Atacama,Servicio de Salud Atacama,Municipal,-28.57159,-70.760593
104408,PSR,Posta de Salud Rural Hacienda Ventanas,Calle Sector Hacienda Ventanas,03301,Vallenar,03,Atacama,Servicio de Salud Atacama,Municipal,-28.526962,-70.869209
104314,CESFAM,Centro de Salud Familiar Freirina,Calle Santiago Zavala,03303,Freirina,03,Atacama,Servicio de Salud Atacama,Municipal,-28.50927,-71.07472
200951,SUR,SUR Freirina,Calle Santiago Zavala,03303,Freirina,03,Atacama,Servicio de Salud Atacama,Municipal,-28.50927,-71.074716
104416,PSR,Posta de Salud Rural Jeremías Cortés,Calle Pedro Aguirre Cerda,03304,Huasco,03,Atacama,Servicio de Salud Atacama,Municipal,-28.47191,-71.1806
104319,CESFAM,Centro de Salud Familiar Juan Verdaguer,Calle Maipú,03304,Huasco,03,Atacama,Servicio de Salud Atacama,Municipal,-28.46876,-71.21784
104415,PSR,Posta de Salud Rural Padre Mariano Avellana Lasierra,Calle Canteras Canto del Agua,03304,Huasco,03,Atacama,Servicio de Salud Atacama,Municipal,-28.1486,-70.85886
104413,PSR,Posta de Salud Rural Segundo Ponce,Calle Caserío Carrizal Bajo,03304,Huasco,03,Atacama,Servicio de Salud Atacama,Municipal,-28.08227,-71.1478
104400,PSR,Posta de Salud Rural Los Loros,Calle Ferrocarril,03103,Tierra Amarilla,03,Atacama,Servicio de Salud Atacama,Municipal,-27.83214,-70.10507
104308,CESFAM,Centro de Salud Familiar Dr. Salvador Allende Gossens,Calle Lorenzo Jofré,03103,Tierra Amarilla,03,Atacama,Servicio de Salud Atacama,Municipal,-27.46876,-70.26674
200952,SUR,SUR Tierra Amarilla,Calle Lorenzo Jofré,03103,Tierra Amarilla,03,Atacama,Servicio de Salud Atacama,Municipal,-27.468757,-70.266738
104307,CESFAM,Centro de Salud Familiar Paipote,Avenida Las Delicias,03101,Copiapó,03,Atacama,Servicio de Salud Atacama,Municipal,-27.4142,-70.27118
200102,SAR,SAR Paipote,Calle Arturo Prat 6930,03101,Copiapó,03,Atacama,Servicio de Salud Atacama,Municipal,-27.414011,-70.271001
104304,CESFAM,Centro de Salud Familiar Rosario-Palomar,Calle Chacabuco 671,03101,Copiapó,03,Atacama,Servicio de Salud Atacama,Municipal,-27.38332,-70.33549
200104,SAPU,SAPU El Palomar,Calle Vicuña,03101,Copiapó,03,Atacama,Servicio de Salud Atacama,Municipal,-27.383312,-70.335219
104300,CESFAM,Centro de Salud Familiar Santa Elvira,Calle Los Aromos,03101,Copiapó,03,Atacama,Servicio de Salud Atacama,Municipal,-27.37934,-70.32242
104305,CESFAM,Centro de Salud Familiar Candelaria Rosario,Calle Vallenar,03101,Copiapó,03,Atacama,Servicio de Salud Atacama,Municipal,-27.37772,-70.33865
104306,CESFAM,Centro de Salud Familiar Manuel Rodríguez,Calle Luis Flores,03101,Copiapó,03,Atacama,Servicio de Salud Atacama,Municipal,-27.37562,-70.3158
104321,CESFAM,Centro de Salud Familiar Dr. Bernardo Mellibovsky,Avenida Los Loros,03101,Copiapó,03,Atacama,Servicio de Salud Atacama,Municipal,-27.36883,-70.31212
200100,SAPU,SAPU Dr. Bernardo Mellibovsky,Avenida Los Loros,03101,Copiapó,03,Atacama,Servicio de Salud Atacama,Municipal,-27.368832,-70.312004
104302,CESFAM,Centro de Salud Familiar Juan Martínez,Avenida Batallón,03101,Copiapó,03,Atacama,Servicio de Salud Atacama,Municipal,-27.36075,-70.34532
104303,CESFAM,Centro de Salud Familiar Pedro León Gallo,Calle Flora Normilla 1007,03101,Copiapó,03,Atacama,Servicio de Salud Atacama,Municipal,-27.3596,-70.32636
104701,CECOSF,Centro Comunitario de Salud Familiar Orfelia Lavín,Avenida La Piña,03102,Caldera,03,Atacama,Servicio de Salud Atacama,Municipal,-27.07382,-70.80882
104301,CESFAM,Centro de Salud Familiar Rosario Corvalán,Calle Canal de Beagle,03102,Caldera,03,Atacama,Servicio de Salud Atacama,Municipal,-27.07367,-70.82495
200103,SAR,SAR Rosario Corvalán-Caldera,Calle Copiapó,03102,Caldera,03,Atacama,Servicio de Salud Atacama,Municipal,-27.073415,-70.824877
104402,PSR,Posta de Salud Rural Inca de Oro,Calle Francisco San Román,03202,Diego de Almagro,03,Atacama,Servicio de Salud Atacama,Municipal,-26.752451,-69.905133
104401,PSR,Posta de Salud Rural El Salado de Chañaral,Calle General Bonilla,03201,Chañaral,03,Atacama,Servicio de Salud Atacama,Municipal,-26.42438,-70.3204
104309,CESFAM,Centro de Salud Familiar Dr. Luis Herrera,Calle Merino Jarpa,03201,Chañaral,03,Atacama,Servicio de Salud Atacama,Municipal,-26.33715,-70.61511
104311,CESFAM,Centro de Salud Familiar El Salvador,Calle Cobresal 2508,03202,Diego de Almagro,03,Atacama,Servicio de Salud Atacama,Municipal,-26.25326,-69.62221
200950,SUR,SUR Diego de Almagro,Calle Cobresal 2508,03202,Diego de Almagro,03,Atacama,Servicio de Salud Atacama,Municipal,-26.253258,-69.622205
103413,PSR,Posta de Salud Rural Paposo,Calle Caserío de Paposo,02104,Taltal,02,Antofagasta,Servicio de Salud Antofagasta,Municipal,-25.00953,-70.46516
200621,CECOSF,Centro Comunitario de Salud Familiar Coviefi,"Calle Santa Rita, Coviefi 2165",02101,Antofagasta,02,Antofagasta,Servicio de Salud Antofagasta,Municipal,-23.69523,-70.41381
200622,SAR,SAR Coviefi,"Calle Santa Rita, Coviefi 2165",02101,Antofagasta,02,Antofagasta,Servicio de Salud Antofagasta,Municipal,-23.694988,-70.413891
103404,PSR,Posta de Salud Rural Peine,Calle Sector de Peine,02203,San Pedro de Atacama,02,Antofagasta,Servicio de Salud Antofagasta,Municipal,-23.68293,-68.06543
200098,SAPU,SAPU Centro Sur de Antofagasta,Pasaje Niebla 850,02101,Antofagasta,02,Antofagasta,Servicio de Salud Antofagasta,Municipal,-23.667232,-70.403416
103303,CESFAM,Centro de Salud Familiar Centro Sur de Antofagasta,Pasaje Niebla 850,02101,Antofagasta,02,Antofagasta,Servicio de Salud Antofagasta,Municipal,-23.66716,-70.40338
103602,COSAM,COSAM Sur,Avenida República de Croacia 386,02101,Antofagasta,02,Antofagasta,Servicio de Salud Antofagasta,Servicio de Salud,-23.664496,-70.401879
103308,CESFAM,Centro de Salud Familiar Central Oriente de Antofagasta,Avenida Circunvalación,02101,Antofagasta,02,Antofagasta,Servicio de Salud Antofagasta,Municipal,-23.65102,-70.38557
200097,SAPU,SAPU Central Oriente de Antofagasta,Avenida Padre Hurtado,02101,Antofagasta,02,Antofagasta,Servicio de Salud Antofagasta,Municipal,-23.650972,-70.385718
103802,SAPU,SAPU Corvallis,Avenida Salvador Allende 1370,02101,Antofagasta,02,Antofagasta,Servicio de Salud Antofagasta,Municipal,-23.62896,-70.380026
103302,CESFAM,Centro de Salud Familiar Corvallis,Avenida Salvado Allende 1370,02101,Antofagasta,02,Antofagasta,Servicio de Salud Antofagasta,Municipal,-23.62895,-70.38022
103801,SAPU,SAPU Antonio Rendic,Avenida Rendic 6071,02101,Antofagasta,02,Antofagasta,Servicio de Salud Antofagasta,Municipal,-23.615729,-70.382958
103301,CESFAM,Centro de Salud Familiar Antonio Rendic (Ex Cautín),Avenida Rendic 6071,02101,Antofagasta,02,Antofagasta,Servicio de Salud Antofagasta,Municipal,-23.61557,-70.38295
103603,COSAM,COSAM Central,Avenida Rendic 6071,02101,Antofagasta,02,Antofagasta,Servicio de Salud Antofagasta,Servicio de Salud,-23.615516,-70.382926
103800,SAPU,SAPU Norte de Antofagasta,Calle Juan Glasinovic con Bandera,02101,Antofagasta,02,Antofagasta,Servicio de Salud Antofagasta,Municipal,-23.597094,-70.380532
103300,CESFAM,Centro de Salud Familiar Norte de Antofagasta,Calle Juan Glasinovic,02101,Antofagasta,02,Antofagasta,Servicio de Salud Antofagasta,Municipal,-23.59692,-70.38053
103405,PSR,Posta de Salud Rural Socaire,Calle Sector de Socaire,02203,San Pedro de Atacama,02,Antofagasta,Servicio de Salud Antofagasta,Municipal,-23.59124,-67.89035
200911,SUR,SUR Socaire,Calle Sector de Socaire,02203,San Pedro de Atacama,02,Antofagasta,Servicio de Salud Antofagasta,Municipal,-23.591237,-67.890345
200450,CESFAM,Centro de Salud Familiar Valdivieso,Calle Cerro Pedregal 8755,02101,Antofagasta,02,Antofagasta,Servicio de Salud Antofagasta,Municipal,-23.58717,-70.3763
103304,CESFAM,Centro de Salud Familiar Juan Pablo II de Antofagasta,Calle Teniente Julio Montt,02101,Antofagasta,02,Antofagasta,Servicio de Salud Antofagasta,Municipal,-23.58193,-70.3812
103804,SAPU,SAPU Juan Pablo II de Antofagasta,Calle Huamachuco con Teniente Julio Montt,02101,Antofagasta,02,Antofagasta,Servicio de Salud Antofagasta,Municipal,-23.581858,-70.381305
200289,COSAM,COSAM Norte,"Calle Benito Ocampo, Jardines del Norte 10506",02101,Antofagasta,02,Antofagasta,Servicio de Salud Antofagasta,Servicio de Salud,-23.571356,-70.395456
200216,CESFAM,Centro de Salud Familiar Dra. Maria Cristina Rojas Neumann,Calle Hilda Cruz Colina 10130,02101,Antofagasta,02,Antofagasta,Servicio de Salud Antofagasta,Municipal,-23.56979,-70.37694
103704,CECOSF,Centro Comunitario de Salud Familiar Antofagasta,Calle Villa Agrícola,02101,Antofagasta,02,Antofagasta,Servicio de Salud Antofagasta,Municipal,-23.54323,-70.38544
103400,PSR,Posta de Salud Rural Baquedano,Calle Salvador Allende 112,02103,Sierra Gorda,02,Antofagasta,Servicio de Salud Antofagasta,Municipal,-23.335961,-69.846695
200912,SUR,SUR Baquedano,Calle Salvador Allende 112,02103,Sierra Gorda,02,Antofagasta,Servicio de Salud Antofagasta,Municipal,-23.335784,-69.845764
103403,PSR,Posta de Salud Rural Toconao,Calle Aldea de Toconao,02203,San Pedro de Atacama,02,Antofagasta,Servicio de Salud Antofagasta,Municipal,-23.189834,-68.005229
103311,CESFAM,Centro de Salud Familiar San Pedro Atacama,Calle Gustavo Le Paige 377,02203,San Pedro de Atacama,02,Antofagasta,Servicio de Salud Antofagasta,Municipal,-22.91066,-68.19927
200910,SUR,SUR San Pedro Atacama,Calle Atacama,02203,San Pedro de Atacama,02,Antofagasta,Servicio de Salud Antofagasta,Municipal,-22.910658,-68.199265
103401,PSR,Posta de Salud Rural Sierra Gorda,Calle Salvador Allende 211,02103,Sierra Gorda,02,Antofagasta,Servicio de Salud Antofagasta,Municipal,-22.890828,-69.320938
200914,SUR,SUR Sierra Gorda,Calle Salvador Allende 211,02103,Sierra Gorda,02,Antofagasta,Servicio de Salud Antofagasta,Municipal,-22.890859,-69.320709
103414,PSR,PSR Río Grande,Calle Sector Río Grande,02203,San Pedro de Atacama,02,Antofagasta,Servicio de Salud Antofagasta,Municipal,-22.65204,-68.16641
103705,CECOSF,Centro Comunitario de Salud Familiar Sur,Avenida Bernardo O'Higgins,02201,Calama,02,Antofagasta,Servicio de Salud Antofagasta,Municipal,-22.47741,-68.92902
103807,SAPU,SAPU SUR,Avenida Bernardo O'Higgins 538,02201,Calama,02,Antofagasta,Servicio de Salud Antofagasta,Municipal,-22.47696,-68.9288
103305,CESFAM,Centro de Salud Familiar Central de Calama,Calle Félix Hoyos,02201,Calama,02,Antofagasta,Servicio de Salud Antofagasta,Municipal,-22.45922,-68.93024
103707,CECOSF,Centro Comunitario de Salud Familiar Alemania,Calle Chacabuco 3076,02201,Calama,02,Antofagasta,Servicio de Salud Antofagasta,Municipal,-22.45794,-68.93973
103601,COSAM,COSAM Calama,Avenida Argentina 2610,02201,Calama,02,Antofagasta,Servicio de Salud Antofagasta,Servicio de Salud,-22.457557,-68.93964
200241,CECOSF,Centro Comunitario de Salud Familiar Oasis,"Avenida Vasco de Gama, Población Nueva Alemania 3780",02201,Calama,02,Antofagasta,Servicio de Salud Antofagasta,Municipal,-22.45494,-68.94971
103307,CESFAM,Centro de Salud Familiar Alemania de Calama,Calle Colonia 2611,02201,Calama,02,Antofagasta,Servicio de Salud Antofagasta,Municipal,-22.45451,-68.93982
200348,SAR,SAR Alemania,Calle Frei Bonn 2624,02201,Calama,02,Antofagasta,Servicio de Salud Antofagasta,Municipal,-22.454188,-68.939439
103806,SAPU,SAPU Norponiente,Avenida Luis Emilio Recabarren 3825,02201,Calama,02,Antofagasta,Servicio de Salud Antofagasta,Municipal,-22.442565,-68.927351
103306,CESFAM,Centro de Salud Familiar Montt,Avenida Granaderos 3968,02201,Calama,02,Antofagasta,Servicio de Salud Antofagasta,Municipal,-22.44255,-68.92742
103312,CESFAM,Centro de Salud Familiar Norponiente,Calle Luis Emilio Recabarren 3825,02201,Calama,02,Antofagasta,Servicio de Salud Antofagasta,Municipal,-22.43891,-68.9356
103410,PSR,Posta de Salud Rural Chiu-Chiu,Calle Esmeralda,02201,Calama,02,Antofagasta,Servicio de Salud Antofagasta,Municipal,-22.34247,-68.6497
103309,CESFAM,Centro de Salud Familiar María Elena,Calle Diego de Almagro,02302,Maria Elena,02,Antofagasta,Servicio de Salud Antofagasta,Municipal,-22.34109,-69.66425
200913,SUR,SUR María Elena,Calle Diego de Almagro,02302,Maria Elena,02,Antofagasta,Servicio de Salud Antofagasta,Municipal,-22.341088,-69.664249
103406,PSR,Posta de Salud Rural Caspana,Calle Sector de Caspana,02201,Calama,02,Antofagasta,Servicio de Salud Antofagasta,Municipal,-22.33517,-68.21267
103409,PSR,Posta de Salud Rural Ayquina,Calle San Roque 321,02201,Calama,02,Antofagasta,Servicio de Salud Antofagasta,Municipal,-22.27864,-68.32189
103411,PSR,Posta de Salud Rural Quillagua (María Elena),Calle El Loa,02302,Maria Elena,02,Antofagasta,Servicio de Salud Antofagasta,Municipal,-21.66061,-69.53504
103407,PSR,Posta de Salud Rural Ollagüe,Calle Héroes de la Concepción,02202,Ollagüe,02,Antofagasta,Servicio de Salud Antofagasta,Municipal,-21.22489,-68.25563
102413,PSR,Posta de Salud Rural San Marcos,Calle Localidad de San Marcos,01101,Iquique,01,Tarapacá,Servicio de Salud Tarapacá,Municipal,-21.113403,-70.119718
102412,PSR,Posta de Salud Rural Chanavayita,Calle Aldea de Chanavayita,01101,Iquique,01,Tarapacá,Servicio de Salud Tarapacá,Municipal,-20.70232,-70.18737
200751,SUR,SUR Chanavayita,Calle Aldea de Chanavayita,01101,Iquique,01,Tarapacá,Servicio de Salud Tarapacá,Municipal,-20.702283,-70.187312
102416,PSR,Posta de Salud Rural Matilla,Calle Matilla,01405,Pica,01,Tarapacá,Servicio de Salud Tarapacá,Municipal,-20.51356,-69.36094
102304,CESFAM,Centro de Salud Familiar Dr. Juan Márquez Vismarra,Calle Balmaceda,01405,Pica,01,Tarapacá,Servicio de Salud Tarapacá,Municipal,-20.48937173,-69.33389651
200755,SUR,SUR Pica,Calle Balmaceda,01405,Pica,01,Tarapacá,Servicio de Salud Tarapacá,Municipal,-20.490293,-69.32727
102414,PSR,Posta de Salud Rural La Huayca,Calle Sector La Huayca,01401,Pozo Almonte,01,Tarapacá,Servicio de Salud Tarapacá,Municipal,-20.431055,-69.561453
102406,PSR,Posta de Salud Rural La Tirana,Calle General Ibáñez,01401,Pozo Almonte,01,Tarapacá,Servicio de Salud Tarapacá,Municipal,-20.33562,-69.65496
102307,CESFAM,Centro de Salud Familiar Dr. Héctor Reyno Gutiérrez,Calle Naciones Unidas 3080,01107,Alto Hospicio,01,Tarapacá,Servicio de Salud Tarapacá,Municipal,-20.28711,-70.10386
200557,CESFAM,Centro de Salud Familiar Dr. Yandry Añazco Montero,Calle Los Lagos 4320,01107,Alto Hospicio,01,Tarapacá,Servicio de Salud Tarapacá,Municipal,-20.27781,-70.08402
102602,COSAM,COSAM Enrique París,Calle Santa Rosa,01107,Alto Hospicio,01,Tarapacá,Servicio de Salud Tarapacá,Servicio de Salud,-20.2752,-70.098225
201036,SAR,SAR La Tortuga,Calle Santa Rosa 3355,01107,Alto Hospicio,01,Tarapacá,Servicio de Salud Tarapacá,Municipal,-20.272626,-70.105171
200335,CECOSF,Centro Comunitario de Salud Familiar La Tortuga,Calle Santa Rosa 3355,01107,Alto Hospicio,01,Tarapacá,Servicio de Salud Tarapacá,Municipal,-20.27262,-70.1056
102305,CESFAM,Centro de Salud Familiar Pedro Pulgar Melgarejo,Calle Los Álamos,01107,Alto Hospicio,01,Tarapacá,Servicio de Salud Tarapacá,Municipal,-20.26501,-70.10063
102303,CESFAM,Centro de Salud Familiar Pozo Almonte,Calle Balmaceda 276,01401,Pozo Almonte,01,Tarapacá,Servicio de Salud Tarapacá,Municipal,-20.26129,-69.78268
102601,COSAM,COSAM Salvador Allende,Calle Céspedes,01101,Iquique,01,Tarapacá,Servicio de Salud Tarapacá,Servicio de Salud,-20.25082,-70.129707
102806,SAR,SAR Sur de Iquique,Calle Playa El Águila,01101,Iquique,01,Tarapacá,Servicio de Salud Tarapacá,Municipal,-20.250364,-70.128086
102306,CESFAM,Centro de Salud Familiar Sur de Iquique,Calle Playa El Águila,01101,Iquique,01,Tarapacá,Servicio de Salud Tarapacá,Municipal,-20.25017,-70.12809
102705,CECOSF,Centro Comunitario de Salud Familiar El Boro,Calle Calle 4,01107,Alto Hospicio,01,Tarapacá,Servicio de Salud Tarapacá,Municipal,-20.24617,-70.09662
102807,SAPU,SAPU El Boro,Calle Salitrera Domeyko 2765,01107,Alto Hospicio,01,Tarapacá,Servicio de Salud Tarapacá,Municipal,-20.246059,-70.096632
102302,CESFAM,Centro de Salud Familiar Cirujano Guzmán,Avenida Pedro Prado 2763,01101,Iquique,01,Tarapacá,Servicio de Salud Tarapacá,Municipal,-20.23686,-70.13644
102802,SAPU,SAPU Cirujano Guzmán,Avenida Pedro Prado 2736,01101,Iquique,01,Tarapacá,Servicio de Salud Tarapacá,Municipal,-20.236832,-70.136531
102300,CESFAM,Centro de Salud Familiar Cirujano Aguirre,Pasaje 3 Pintados,01101,Iquique,01,Tarapacá,Servicio de Salud Tarapacá,Municipal,-20.22626,-70.13466
102800,SAPU,SAPU Cirujano Aguirre,Pasaje Chintaguay,01101,Iquique,01,Tarapacá,Servicio de Salud Tarapacá,Municipal,-20.226257,-70.134701
102600,COSAM,COSAM Dr. Jorge Seguel Cáceres,Calle Serrano 493,01101,Iquique,01,Tarapacá,Servicio de Salud Tarapacá,Servicio de Salud,-20.213349,-70.150415
102701,CECOSF,Centro Comunitario de Salud Familiar Cerro Esmeralda,Calle Ferrocarril,01101,Iquique,01,Tarapacá,Servicio de Salud Tarapacá,Municipal,-20.20896,-70.14054
102801,SAPU,SAPU Cirujano Videla,Calle Obispo Labbé,01101,Iquique,01,Tarapacá,Servicio de Salud Tarapacá,Municipal,-20.208468,-70.150327
102301,CESFAM,Centro de Salud Familiar Cirujano Videla,Calle Obispo Labbé,01101,Iquique,01,Tarapacá,Servicio de Salud Tarapacá,Municipal,-20.20964,-70.14367
102403,PSR,Posta de Salud Rural Mamiña,Calle Santa Rosa,01401,Pozo Almonte,01,Tarapacá,Servicio de Salud Tarapacá,Municipal,-20.07183,-69.21624
102308,CESFAM,Centro de Salud Familiar Dr. Amador Neghme Rodríguez,Calle Eleuterio Ramírez,01404,Huara,01,Tarapacá,Servicio de Salud Tarapacá,Municipal,-19.99547,-69.76884
200096,SAPU,SAPU Huara,Calle Ramírez,01404,Huara,01,Tarapacá,Servicio de Salud Tarapacá,Municipal,-19.995399,-69.768747
200754,SUR,SUR Tarapacá,Calle Caserío de Tarapacá,01404,Huara,01,Tarapacá,Servicio de Salud Tarapacá,Municipal,-19.924305,-69.511533
102402,PSR,Posta de Salud Rural Tarapacá,Calle Caserío de Tarapacá,01404,Huara,01,Tarapacá,Servicio de Salud Tarapacá,Municipal,-19.92334,-69.51023
200474,PSR,Posta de Salud Rural Pachica,"Avenida Comercio, esquina 18 de septiembre",01404,Huara,01,Tarapacá,Servicio de Salud Tarapacá,Municipal,-19.86584,-69.43253
102411,PSR,Posta de Salud Rural Cancosa,Calle Caserío de Cancosa,01405,Pica,01,Tarapacá,Servicio de Salud Tarapacá,Municipal,-19.85503,-68.60098
102410,PSR,Posta de Salud Rural Sibaya,Calle Caserío de Sibaya,01404,Huara,01,Tarapacá,Servicio de Salud Tarapacá,Municipal,-19.78278,-69.17311
102400,PSR,Posta de Salud Rural Pisagua,Avenida Arturo Prat,01404,Huara,01,Tarapacá,Servicio de Salud Tarapacá,Municipal,-19.59649,-70.21126
102407,PSR,Posta de Salud Rural Chiapa,Calle Caserío de Chiapa,01404,Huara,01,Tarapacá,Servicio de Salud Tarapacá,Municipal,-19.53669,-69.20615
102415,PSR,Posta de Salud Rural Cariquima,Calle Sector de Cariquima,01403,Colchane,01,Tarapacá,Servicio de Salud Tarapacá,Municipal,-19.4692,-68.64482
200753,SUR,SUR Cariquima,Calle Sector de Cariquima,01403,Colchane,01,Tarapacá,Servicio de Salud Tarapacá,Municipal,-19.469182,-68.644846
102408,PSR,Posta de Salud Rural Moquella,Calle Caserío de Moquella,01402,Camiña,01,Tarapacá,Servicio de Salud Tarapacá,Municipal,-19.35076,-69.5144
102309,CESFAM,Centro de Salud Familiar Camiña,Calle Caserío de Camiña,01402,Camiña,01,Tarapacá,Servicio de Salud Tarapacá,Municipal,-19.31296,-69.42739
200756,SUR,SUR Camiña,Calle Caserío de Camiña,01402,Camiña,01,Tarapacá,Servicio de Salud Tarapacá,Municipal,-19.312365,-69.426272
200752,SUR,SUR Colchane,Calle Sector de Colchane,01403,Colchane,01,Tarapacá,Servicio de Salud Tarapacá,Municipal,-19.276089,-68.636574
102310,CESFAM,Centro de Salud Familiar Colchane,Calle Sector de Colchane,01403,Colchane,01,Tarapacá,Servicio de Salud Tarapacá,Municipal,-19.27507,-68.64021
102409,PSR,Posta de Salud Rural Enquelga,Calle Sector Enquelga,01403,Colchane,01,Tarapacá,Servicio de Salud Tarapacá,Municipal,-19.22906,-68.804202
101406,PSR,Posta de Salud Rural Codpa,Calle Caserío de Codpa,15102,Camarones,15,Arica Parinacota,Servicio de Salud Arica y Parinacota,Municipal,-18.83323,-69.74486
101407,PSR,Posta de Salud Rural Ticnamar,Calle Caserío de Tignamar,15201,Putre,15,Arica Parinacota,Servicio de Salud Arica y Parinacota,Municipal,-18.58171,-69.4944
101408,PSR,Posta de Salud Rural Sobraya,"Calle Valle de Azapa, Km. 27",15101,Arica,15,Arica Parinacota,Servicio de Salud Arica y Parinacota,Municipal,-18.57422,-70.05582
101400,PSR,Posta de Salud Rural San Miguel de Azapa,"Calle Valle de Azapa, Km. 2",15101,Arica,15,Arica Parinacota,Servicio de Salud Arica y Parinacota,Municipal,-18.51829,-70.17858
200866,CESFAM,Centro de Salud Familiar Matrona Rosa Vascopé Zarzola,Calle Volcán Guallatire 1070,15101,Arica,15,Arica Parinacota,Servicio de Salud Arica y Parinacota,Municipal,-18.49939,-70.3088
101704,CECOSF,Centro Comunitario de Salud Familiar Cerro La Cruz,Calle Rafael Sotomayor 1496,15101,Arica,15,Arica Parinacota,Servicio de Salud Arica y Parinacota,Municipal,-18.49486,-70.31259
101303,CESFAM,Centro de Salud Familiar E.U. Iris Veliz Hume (Ex Oriente),Avenida Las Torres 2699,15101,Arica,15,Arica Parinacota,Servicio de Salud Arica y Parinacota,Municipal,-18.48392,-70.28242
200095,SAR,SAR E.U. Iris Véliz Hume,Calle Barros Luco 2345,15101,Arica,15,Arica Parinacota,Servicio de Salud Arica y Parinacota,Municipal,-18.483845,-70.282275
101608,COSAM,COSAM Sur de Arica,Calle Benjamín Vicuña Mackenna 630,15101,Arica,15,Arica Parinacota,Servicio de Salud Arica y Parinacota,Servicio de Salud,-18.481647,-70.312143
101305,CESFAM,Centro de Salud Familiar Remigio Sapunar Marín,Calle Silva Arriagada 1020,15101,Arica,15,Arica Parinacota,Servicio de Salud Arica y Parinacota,Municipal,-18.48023,-70.30818
101300,CESFAM,Centro de Salud Familiar Víctor Bertín Soto,Calle Belén 1635,15101,Arica,15,Arica Parinacota,Servicio de Salud Arica y Parinacota,Municipal,-18.47684,-70.29603
101402,PSR,Posta de Salud Rural Belén (Putre),Calle Caserío de Belén,15201,Putre,15,Arica Parinacota,Servicio de Salud Arica y Parinacota,Municipal,-18.4681,-69.51474
101703,CECOSF,Centro Comunitario de Salud Familiar Dr. René García Valenzuela,Calle Capitán Ávalos 1462,15101,Arica,15,Arica Parinacota,Servicio de Salud Arica y Parinacota,Municipal,-18.45908,-70.28075
101401,PSR,Posta de Salud Rural Poconchile,"Calle Valle de Lluta, Km. 38",15101,Arica,15,Arica Parinacota,Servicio de Salud Arica y Parinacota,Municipal,-18.45246,-70.06734
101607,COSAM,COSAM Norte,Calle Llacolen esquina La Proveedora,15101,Arica,15,Arica Parinacota,Servicio de Salud Arica y Parinacota,Servicio de Salud,-18.444192,-70.292549
101302,CESFAM,Centro de Salud Familiar Dr. Amador Neghme de Arica,Calle Cancha Rayada 4149,15101,Arica,15,Arica Parinacota,Servicio de Salud Arica y Parinacota,Municipal,-18.43766,-70.29081
200094,SAPU,SAPU Marco Antonio Carvajal Moreno,Avenida Cancha Rayada 4149,15101,Arica,15,Arica Parinacota,Servicio de Salud Arica y Parinacota,Municipal,-18.437478,-70.290758
101702,CECOSF,Centro Comunitario de Salud Familiar Dr. Miguel Massa Sassi,Calle Francisco Urzúa 4241,15101,Arica,15,Arica Parinacota,Servicio de Salud Arica y Parinacota,Municipal,-18.43587,-70.28904
101307,CESFAM,Centro de Salud Familiar Eugenio Petruccelli Astudillo (ex Punta Norte),Avenida Linderos Poniente 4752,15101,Arica,15,Arica Parinacota,Servicio de Salud Arica y Parinacota,Municipal,-18.42689,-70.29055
101304,CESFAM,Centro de Salud Familiar Putre,Calle Baquedano 261,15201,Putre,15,Arica Parinacota,Servicio de Salud Arica y Parinacota,Municipal,-18.19761,-69.55734
200849,SUR,SUR Putre,Calle Baquedano 121,15201,Putre,15,Arica Parinacota,Servicio de Salud Arica y Parinacota,Municipal,-18.197592,-69.557384
101404,PSR,Posta de Salud Rural Visviri,Calle Caserío de Visviri,15202,General Lagos,15,Arica Parinacota,Servicio de Salud Arica y Parinacota,Municipal,-17.59487,-69.48047
111376,CESFAM,Centro de Salud Familiar Matta Sur,Calle Ñuble 945,13101,Santiago,13,Metropolitana de Santiago,Servicio de Salud Metropolitano Central,Municipal,-33.469381,-70.646077
102803,SAR,SAR Pozo Almonte,Calle Caliche 156,01401,Pozo Almonte,01,Tarapacá,Servicio de Salud Tarapacá,Municipal,-20.258372,-69.785076
114807,SAR,SAR La Bandera,Avenida La Bandera 9250,13131,San Ramón,13,Metropolitana de Santiago,Servicio de Salud Metropolitano Sur Oriente,Municipal,-33.545766,-70.644722
201112,CESFAM,Centro de Salud Familiar Las Torres,Avenida Principal 5511,13122,Peñalolén,13,Metropolitana de Santiago,Servicio de Salud Metropolitano Oriente,Municipal,-33.50403,-70.5783
201126,CECOSF,Centro Comunitario de Salud Familiar Rafael,Calle Calle Urrejola  de Rafael 435,08111,Tome,08,Biobío,Servicio de Salud Talcahuano,Municipal,-36.62993,-72.79473
201129,CECOSF,Centro Comunitario de Salud Familiar LUMEN,Calle Lumen 3756,13119,Maipú,13,Metropolitana de Santiago,Servicio de Salud Metropolitano Central,Municipal,-33.493674,-70.736439
201131,SUR,Sur Loncura,Calle Chimbote 1900,05107,Quintero,05,Valparaíso,Servicio de Salud Viña del Mar Quillota,Municipal,-32.788483,-71.503542
201140,SAR,SAR Carlos Pinto Fierro,Calle Manuel Montt 1409,08102,Coronel,08,Biobío,Servicio de Salud Concepción,Municipal,-37.004212,-73.159961
201143,CESFAM,Centro de Salud Familiar N° 8 Dr. Nicolás Díaz Sánchez,Avenida Nelsón Pereira 2411,06101,Rancagua,06,Libertador Gral. B. O'Higgins,Servicio de Salud Del Libertador B.O'Higgins,Municipal,-34.13686,-70.74091
201145,SAPU,SAPU  Maitencillo,Calle Padre Enrique del Rio.  Maitencillo 361,05105,Puchuncaví,05,Valparaíso,Servicio de Salud Viña del Mar Quillota,Municipal,-32.645939,-71.430647
201147,SAPU,SAPU Dr. Héctor Reyno Gutiérrez,Calle Naciones Unidas 3080,01107,Alto Hospicio,01,Tarapacá,Servicio de Salud Tarapacá,Municipal,-20.287114,-70.10386
201161,SAPU,SAPU Coñaripe,Calle Las Tepas,14108,Panguipulli,14,Los Ríos,Servicio de Salud Los Rios,Municipal,-39.568231,-72.008145
201169,SUR,SUR Catemu,Calle Prat,05702,Catemu,05,Valparaíso,Servicio de Salud Aconcagua,Municipal,-32.778537,-70.961801
201177,SUR,SUR Pan de Azúcar,Calle Ripamonti  ( Ruta D-43 Pan de Azúcar),04102,Coquimbo,04,Coquimbo,Servicio de Salud Coquimbo,Municipal,-30.055551,-71.25103
201178,SUR,SUR Tongoy,Calle Fundición norte 127,04102,Coquimbo,04,Coquimbo,Servicio de Salud Coquimbo,Municipal,-30.257939,-71.491396
201179,SUR,SUR Villa San Rafael,Calle Mario Ahumada 50 50,04201,Illapel,04,Coquimbo,Servicio de Salud Coquimbo,Municipal,-31.638634,-71.1915
201180,SUR,SUR El Palqui,"Calle Pedro León Gallo s/n, El Palqui",04303,Monte Patria,04,Coquimbo,Servicio de Salud Coquimbo,Municipal,-30.767159,-70.943783
201187,SUR,SUR Tucapel,Calle Comercio 430,08312,Tucapel,08,Biobío,Servicio de Salud Biobío,Municipal,-37.293458,-71.948428
201194,SUR,SUR Gultro,"Calle Orocoipo , Gultro 201",06111,Olivar,06,Libertador Gral. B. O'Higgins,Servicio de Salud Del Libertador B.O'Higgins,Municipal,-34.203288,-70.756844
201212,CESFAM,Centro de Salud Familiar Juan Pablo II de Lampa,Calle Cacique Colin 2049,13302,Lampa,13,Metropolitana de Santiago,Servicio de Salud Metropolitano Norte,Municipal,-33.28311,-70.75783
201215,SUR,SUR Dr. Jorge Ahumada Lemus,Calle Lautaro 720,05706,Santa Maria,05,Valparaíso,Servicio de Salud Aconcagua,Municipal,-32.750705,-70.657438
201233,CESFAM,Centro de Salud Familiar Dr. Virginio Gómez G. Valle La Piedra,Calle San Martín 3973,08103,Chiguayante,08,Biobío,Servicio de Salud Concepción,Municipal,-36.924206,-73.021435
201234,CECOSF,Centro Comunitario de Salud Familiar Mulato,Avenida Avenida Argentina 3663,14101,Valdivia,14,Los Ríos,Servicio de Salud Los Rios,Municipal,-39.82917,-73.20536
201260,COSAM,Centro Comunitario de Salud Mental  LITORAL,Avenida Barros Lucos 2370,05601,San Antonio,05,Valparaíso,Servicio de Salud Valparaíso San Antonio,Servicio de Salud,-33.602324,-71.613434
201273,PSR,Posta Rural Tomislav Oscoic,Calle Carolina de Michilla S/N,02102,Mejillones,02,Antofagasta,Servicio de Salud Antofagasta,Municipal,-22.71075,-70.27598
201274,SAR,SAR Cajón,Calle Gabriela Mistral 357,09119,Vilcún,09,La Araucanía,Servicio de Salud Araucanía Sur,Municipal,-38.679986,-72.502998
201277,CECOSF,Centro Comunitario de Salud Familiar Cien Águilas,Calle El Ingenio 356,05804,Villa Alemana,05,Valparaíso,Servicio de Salud Viña del Mar Quillota,Municipal,-33.05218,-71.35969
201287,CESFAM,Centro de Salud Familiar de Molina,Calle El Pinar 2070,07304,Molina,07,Maule,Servicio de Salud Del Maule,Municipal,-35.10736,-71.30023
201304,PSR,Posta de Salud Rural Quillalhue,Calle Quillalhue,14106,Mariquina,14,Los Ríos,Servicio de Salud Los Rios,Municipal,-39.556304,-73.25569
201307,CESFAM,APS 2,Avenida Bernardo Ohiggins 111,08205,Curanilahue,08,Biobío,Servicio de Salud Arauco,Municipal,-37.473468,-73.348429
201323,COSAM,CESAM Centro,Calle Balmaceda 817,04101,La Serena,04,Coquimbo,Servicio de Salud Coquimbo,Servicio de Salud,-29.90701,-71.250144
201324,COSAM,CESAM San Juan Punta Mira,Calle Luis Pardo Villalón  Punta Mira Norte 3030,04102,Coquimbo,04,Coquimbo,Servicio de Salud Coquimbo,Servicio de Salud,-29.992549,-71.321473
201325,COSAM,CESAM Limarí,Calle Esquina Diaguitas y 1 de mayo,04301,Ovalle,04,Coquimbo,Servicio de Salud Coquimbo,Servicio de Salud,-30.590691,-71.182616
201326,COSAM,COSAM Las Compañias,Calle Nicaragua S/N esquina Brasil. Las Compañias.,04101,La Serena,04,Coquimbo,Servicio de Salud Coquimbo,Servicio de Salud,-29.883248,-71.24179
201327,COSAM,CESAM Illapel,Calle Cruz 335,04201,Illapel,04,Coquimbo,Servicio de Salud Coquimbo,Servicio de Salud,-31.635116,-71.17453
201353,CECOSF,Centro Comunitario de Salud Familiar Unión y Esfuerzo Rural,Camino Los Portones 30043,13124,Pudahuel,13,Metropolitana de Santiago,Servicio de Salud Metropolitano Occidente,Municipal,-33.38556,-70.81815
201359,SUR,SUR LEBU NORTE,Calle IGNACIO CARRERA PINTO 1441,08201,Lebu,08,Biobío,Servicio de Salud Arauco,Municipal,-37.59832,-73.642175
201396,CGR,Consultorio General Rural del  Laja,Calle FRITZ 101,08304,Laja,08,Biobío,Servicio de Salud Biobío,Municipal,-37.278881,-72.713979
201412,CGU,Centro de Jovenes Valdivia,Calle Koening 611,14101,Valdivia,14,Los Ríos,Servicio de Salud Los Rios,Servicio de Salud,-39.830109,-73.224944
201438,SUR,Servicio de Urgencia Rural SUR Irene Frei Montalva,Calle Camino Noviciado Km 17,13124,Pudahuel,13,Metropolitana de Santiago,Servicio de Salud Metropolitano Occidente,Municipal,-33.402798,-70.854393
201442,SUR,SUR CARELMAPU,"Avenida Circunvalación, localidad de Carelmapu",10108,Maullín,10,Los Lagos,Servicio de Salud Del Reloncaví,Municipal,-41.741205,-73.701566
201443,SUR,SUR COCHAMO - RIO PUELO,Calle Santiago Bueras,10103,Cochamó,10,Los Lagos,Servicio de Salud Del Reloncaví,Municipal,-41.664237,-72.295777
201444,COSAM,COSAM Concepción,Calle Salas 199,08101,Concepción,08,Biobío,Servicio de Salud Concepción,Servicio de Salud,-36.832093,-73.054335
201445,COSAM,COSAM San Pedro de la Paz,Avenida Pedro Aguirre Cerda 879,08108,San Pedro de la Paz,08,Biobío,Servicio de Salud Concepción,Servicio de Salud,-36.838981,-73.093539
201449,SAPU,SAPU de Verano Mehuin,Otro Sector Caleta,14106,Mariquina,14,Los Ríos,Servicio de Salud Los Rios,Municipal,-39.441071,-73.212933
201462,CESFAM,CESFAM La Reina de Colina,Calle Fray Camilo Henriquez 710,13301,Colina,13,Metropolitana de Santiago,Servicio de Salud Metropolitano Norte,Municipal,-33.189035,-70.674966
201472,CECOSF,"CECOSF CABURGA ""KUME FELEN""","Otro Caburga Km. 17,5 17.5",09115,Pucón,09,La Araucanía,Servicio de Salud Araucanía Sur,Municipal,-39.234533,-71.824486
201483,CECOSF,CECOSF Las Cascadas,Calle Muñoz Gamero 595,10302,Puerto Octay,10,Los Lagos,Servicio de Salud Osorno,Municipal,-41.080106,-72.641119
201485,SUR,SUR Monseñor Valech,Otro Km. 10 Ruta S-20,09101,Temuco,09,La Araucanía,Servicio de Salud Araucanía Sur,Municipal,-38.660089,-72.713218
201486,SUR,SUR CABURGA,"Otro Caburga Km. 17,5",09115,Pucón,09,La Araucanía,Servicio de Salud Araucanía Sur,Municipal,-39.234574,-71.824522
201488,PSR,Posta de Salud Rural  HUALLEN MAPU,Otro sector Huallen Mapu,09205,Lonquimay,09,La Araucanía,Servicio de Salud Araucanía Norte,Municipal,-38.708478,-71.217513
201509,CESFAM,CESFAM QUINTERO,Calle Yungay 2950,05107,Quintero,05,Valparaíso,Servicio de Salud Viña del Mar Quillota,Municipal,-32.795272,-71.534721
201521,CGU,Centro Integral de Salud de la Persona Mayor (CISPEM),Calle O´Higgins 940,03101,Copiapó,03,Atacama,Servicio de Salud Atacama,Municipal,-27.369298,-70.329839
201527,SUR,SUR La Cruz,Avenida 21 de Mayo 5010,05504,La Cruz,05,Valparaíso,Servicio de Salud Viña del Mar Quillota,Municipal,-32.828776,-71.227984
201528,PSR,Posta Rural La Ñipa,Calle Bernardo O'Higgins 800,05404,Petorca,05,Valparaíso,Servicio de Salud Viña del Mar Quillota,Municipal,-32.284304,-70.972449
201553,CECOSF,Centro Comunitario de Salud Familiar Berta,Calle Luis Morales 1193,08102,Coronel,08,Biobío,Servicio de Salud Concepción,Municipal,-37.009706,-73.162508
201562,SUR,SUR La Tirana,"Avenida Oriente esquina Acceso s/n La Tirana, Ruta A665 156",01401,Pozo Almonte,01,Tarapacá,Servicio de Salud Tarapacá,Municipal,-20.334401,-69.659814
201564,PSR,Posta de Puquiñe,"Otro Ruta CH 203, Km 14, interior",14103,Lanco,14,Los Ríos,Servicio de Salud Los Rios,Municipal,-39.476195,-72.599101
201574,SAPU,SAPU Rodelillo,Pasaje Juan Gómez 4350 4350,05101,Valparaíso,05,Valparaíso,Servicio de Salud Valparaíso San Antonio,Municipal,-33.05878054,-71.57717452
201632,SAR,SAR Michelle Bachelet,Avenida Nueva San Martín 790,13119,Maipú,13,Metropolitana de Santiago,Servicio de Salud Metropolitano Central,Municipal,-33.52541998,-70.76765972
201662,PSR,Posta de Salud Rural El Rulo,Otro Callejon la Escuela s/n,06103,Coinco,06,Libertador Gral. B. O'Higgins,Servicio de Salud Del Libertador B.O'Higgins,Municipal,-34.307975,-71.019509
201666,SAPU,SAPU VITACURA,Calle Indiana 1195,13132,Vitacura,13,Metropolitana de Santiago,Servicio de Salud Metropolitano Oriente,Municipal,-33.3899067,-70.554986
201667,PSR,PSR Chan Chan Río Negro,Calle Chan ? Chan s/n,10305,Río Negro,10,Los Lagos,Servicio de Salud Osorno,Municipal,-40.813011,-72.991242
201674,CESFAM,CESFAM El Abrazo Dr. Salvador Allende Gossens,Calle Cristo Redentor 16975,13119,Maipú,13,Metropolitana de Santiago,Servicio de Salud Metropolitano Central,Municipal,-33.553127,-70.764203
201696,CECOSF,Centro Comunitario de Salud Familiar DECHER,Calle Estacion 60,10109,Puerto Varas,10,Los Lagos,Servicio de Salud Del Reloncaví,Municipal,-41.313291,-72.987584
201707,SAR,SAR Ultraestación,Calle Nicanor Parra 74,16101,Chillán,16,Ñuble,Servicio de Salud Ñuble,Municipal,-36.60285318,-72.12171668000001
117303,CESFAM,Centro de Salud Familiar Ultraestación Dr. Raúl San Martín González,Calle Nicanor Parra 74,16101,Chillán,16,Ñuble,Servicio de Salud Ñuble,Municipal,-36.60431,-72.12055
201712,SAR,SAR ELSA ROMO ARAVENA,Calle REAL AUDIENCIA 980,13501,Melipilla,13,Metropolitana de Santiago,Servicio de Salud Metropolitano Occidente,Municipal,-33.6918733,-71.2233852
201713,SUR,SUR LOS SAUCES,Calle ERCILLA 601,09206,Los Sauces,09,La Araucanía,Servicio de Salud Araucanía Norte,Municipal,-37.982093,-72.836875
201714,SAPU,SAPU ERCILLA,Avenida Ercilla 289,09204,Ercilla,09,La Araucanía,Servicio de Salud Araucanía Norte,Municipal,-38.06392079,-72.37442048
201715,SUR,SUR RENAICO,Calle CALLE PROGRESO,09209,Renaico,09,La Araucanía,Servicio de Salud Araucanía Norte,Municipal,-37.67281367,-72.58082259
201716,SUR,SUR MININCO,Otro Pueblo de Mininco S/N,09202,Collipulli,09,La Araucanía,Servicio de Salud Araucanía Norte,Municipal,-37.7956571,-72.47244353000001
201717,SUR,SUR ICALMA,Otro Sector Icalma S/N,09205,Lonquimay,09,La Araucanía,Servicio de Salud Araucanía Norte,Municipal,-38.81407626,-71.28117235000001
201718,SUR,SUR LUMACO,Calle Carlos Condell,09207,Lumaco,09,La Araucanía,Servicio de Salud Araucanía Norte,Municipal,-38.1671597,-72.90217021
201719,SUR,SUR LA VEGA,"Otro Alicahue, sector La Vega Alta",05402,Cabildo,05,Valparaíso,Servicio de Salud Viña del Mar Quillota,Municipal,-32.34915451,-70.78638905
201794,COSAM,Centro de Salud Mental Copiapó,Calle Los Carrera 2019,03101,Copiapó,03,Atacama,Servicio de Salud Atacama,Servicio de Salud,-27.37602316,-70.31614801000001
201810,COSAM,Centro de Salud Mental Comunitaria Belloto Sur,Calle El Alba 988,05801,Quilpué,05,Valparaíso,Servicio de Salud Viña del Mar Quillota,Servicio de Salud,-33.05900094,-71.40800859
201815,SUR,SUR Quinta de Tilcoco,Calle Jaime Barrientos 302,06114,Quinta de Tilcoco,06,Libertador Gral. B. O'Higgins,Servicio de Salud Del Libertador B.O'Higgins,Municipal,-34.35223519,-70.96485165
201841,CECOSF,CECOSF Selva Oscura,"Calle Ramírez 250, Selva Oscura 250",09211,Victoria,09,La Araucanía,Servicio de Salud Araucanía Norte,Municipal,-38.3675,-72.16669
201844,CECOSF,CECOSF Tijeral,Otro San Pedro S/N Tijeral,09209,Renaico,09,La Araucanía,Servicio de Salud Araucanía Norte,Municipal,-37.73292654,-72.61598223
201848,SAR,SAR LA REINA,Avenida Echeñique 8567,13113,La Reina,13,Metropolitana de Santiago,Servicio de Salud Metropolitano Oriente,Municipal,-33.44280113,-70.54280334000001
201849,SAR,SAR Michelle Chandía Alarcón,Calle Eleuterio Ramirez 1233,16302,Coihueco,16,Ñuble,Servicio de Salud Ñuble,Municipal,-36.62545361,-71.82811391
201850,SUR,SUR Antiquina,"Otro Lautaro Antiquina S/N, 29.5 km al sur, por ruta P-70",08203,Cañete,08,Biobío,Servicio de Salud Arauco,Municipal,-38.05700226,-73.39912967
201853,SAR,SAR Centro de Urgencia Ñuñoa,Avenida Grecia 3980 3980,13120,Ñuñoa,13,Metropolitana de Santiago,Servicio de Salud Metropolitano Oriente,Municipal,-33.4647652,-70.5895234
201855,SAPU,SAPU CORTO Matrona Rosa Vascope Zarzola,Calle Volcán Guallatire 1070,15101,Arica,15,Arica Parinacota,Servicio de Salud Arica y Parinacota,Municipal,-18.49955724,-70.30910669
202039,PSR,Posta de Salud Rural Itropulli,Otro Sector Itropulli Ruta T-695,14107,Paillaco,14,Los Ríos,Servicio de Salud Los Rios,Municipal,-40.1247169,-72.7709309
202040,PSR,Posta de Salud Rural El Llolly,Otro Sector El Llolly Ruta T-655,14107,Paillaco,14,Los Ríos,Servicio de Salud Los Rios,Municipal,-40.0689696,-72.6155083
202041,CECOSF,CECOSF Santa Teresa,Calle Paseo de la Plaza 3824,13110,La Florida,13,Metropolitana de Santiago,Servicio de Salud Metropolitano Sur Oriente,Municipal,-33.51806658,-70.55159192000001
202043,PSR,Posta de Salud Rural  Pucatrihue,Otro Pucatrihue s/n. (Caleta Pucatrihue),10306,San Juan de la Costa,10,Los Lagos,Servicio de Salud Osorno,Municipal,-40.5453231,-73.7186675
202044,SUR,SUR San Esteban,Calle Los Aromos 363,05304,San Esteban,05,Valparaíso,Servicio de Salud Aconcagua,Municipal,-32.796304,-70.580138
202045,SUR,SUR Rinconada,Calle PERFECTO DE LA FUENTE 31,05303,Rinconada,05,Valparaíso,Servicio de Salud Aconcagua,Municipal,-32.8334328,-70.6900075
202050,SUR,SUR LIQUIÑE,Camino INTERNACIONAL LIQUIÑE,14108,Panguipulli,14,Los Ríos,Servicio de Salud Los Rios,Municipal,-39.74693,-71.85428
202064,SUR,SUR PIREHUEICO,Otro PIREHUEICO S/N,14108,Panguipulli,14,Los Ríos,Servicio de Salud Los Rios,Municipal,-40.087675,-71.700596
202080,COSAM,COSAM Lo Errázuriz,Calle Manchester 698,13119,Maipú,13,Metropolitana de Santiago,Servicio de Salud Metropolitano Central,Servicio de Salud,-33.475774,-70.734579
202081,COSAM,COSAM Puerto Aysen,Calle Bernardo Ohiggins 571 571,11201,Aisén,11,Aysén del General Carlos Ibañez del Campo,Servicio de Salud Aysén,Servicio de Salud,-45.4059159,-72.6973216
202132,SUR,SERVICIO DE URGENCIA RURAL SANTA ROSA,Otro SECTOR SANTA ROSA S/N,14107,Paillaco,14,Los Ríos,Servicio de Salud Los Rios,Municipal,-40.16537,-72.592454
202194,CECOSF,CECOSF Graneros,Calle Santa Lucia 125,06106,Graneros,06,Libertador Gral. B. O'Higgins,Servicio de Salud Del Libertador B.O'Higgins,Municipal,-34.063548,-70.725686
202201,COSAM,Centro de Salud Mental Comunitario Frutillar,"Otro Las Piedras, S/N,",10105,Frutillar,10,Los Lagos,Servicio de Salud Del Reloncaví,Servicio de Salud,-41.1377091,-73.0319756
202204,CECOSF,Centro Comunitario de Salud Familiar IRMA ABARCA,Calle Eulogio Altamirano 1070 1070,13128,Renca,13,Metropolitana de Santiago,Servicio de Salud Metropolitano Occidente,Municipal,-33.4150971,-70.6868816
202205,CESFAM,CESFAM Cerro Colorado,Calle José Manuel Balmaceda 5266 5266,13128,Renca,13,Metropolitana de Santiago,Servicio de Salud Metropolitano Occidente,Municipal,-33.4021664,-70.7275645
202211,SAPU,SAPU Dalcahue,Calle Ramón Freire 315 315,10205,Dalcahue,10,Los Lagos,Servicio de Salud Chiloé,Servicio de Salud,-42.37922,-73.65206
202212,COSAM,Centro de Salud Mental Comunitaria de Cauquenes,Calle Manuel Montt,07201,Cauquenes,07,Maule,Servicio de Salud Del Maule,Servicio de Salud,-35.9632909,-72.324946
202213,CECOSF,Centro Comunitario de Salud Familiar (CECOSF) ORIENTE de Molina,Avenida Maipú 1846,07304,Molina,07,Maule,Servicio de Salud Del Maule,Municipal,-35.1141263,-71.2791207
202221,SAR,SAR Dr. Gustavo Molina,Calle Laguna Sur 8759,13124,Pudahuel,13,Metropolitana de Santiago,Servicio de Salud Metropolitano Occidente,Municipal,-33.458104,-70.761149
202223,PSR,Posta de Salud Rural Palma Rosa,Otro Lote 0 Hijuelas 2,07404,Parral,07,Maule,Servicio de Salud Del Maule,Municipal,-36.0901944,-71.8678889
202231,COSAM,Centro Comunitario de Salud Mental Alerce,Avenida Violeta Parra 5198,10101,Puerto Montt,10,Los Lagos,Servicio de Salud Del Reloncaví,Servicio de Salud,-41.3975664,-72.9036817
202232,SAR,SAR Santa Anselma,Calle Brisas del Maipo 515,13109,La Cisterna,13,Metropolitana de Santiago,Servicio de Salud Metropolitano Sur,Municipal,-33.5308039,-70.6699595
202233,CESFAM,CESFAM Erasmo Escala,Calle Erasmo Escala 2767,13101,Santiago,13,Metropolitana de Santiago,Servicio de Salud Metropolitano Central,Municipal,-33.4457182,-70.6732719
202235,COSAM,Dr. Mario Vidal Climent,Calle Calle Barros Luco 3215,13130,San Miguel,13,Metropolitana de Santiago,Servicio de Salud Metropolitano Sur,Servicio de Salud,-33.4833211,-70.6566904
202236,COSAM,COSAM Rinconada,"Carretera San Martín , lote 3 2144",05303,Rinconada,05,Valparaíso,Servicio de Salud Aconcagua,Servicio de Salud,-32.84529,-70.68723
202237,COSAM,COSAM San Esteban,Calle Arturo Prat 312,05304,San Esteban,05,Valparaíso,Servicio de Salud Aconcagua,Servicio de Salud,-32.80515,-70.57362
202248,COSAM,CENTRO COMUNITARIO DE SALUD MENTAL  (COSAM) QUELLÓN,Calle Dr. Ahues 305,10208,Quellón,10,Los Lagos,Servicio de Salud Chiloé,Servicio de Salud,-43.11509,-73.61706
202253,SAR,SAR FUTRONO,Calle German Riesco 305,14202,Futrono,14,Los Ríos,Servicio de Salud Los Rios,Municipal,-40.125493,-72.382859
202258,PSR,Posta de Salud Rural San Ramón,Otro San Ramón Parcelas N° 29 y 30 B S/N 29,07102,Constitución,07,Maule,Servicio de Salud Del Maule,Municipal,-35.4170766,-72.3395051
202294,COSAM,COSAM Ovalle,Calle Coquimbo 54,04301,Ovalle,04,Coquimbo,Servicio de Salud Coquimbo,Servicio de Salud,-30.5997597,-71.2006709
202299,CECOSF,Centro Comunitario de Salud Familiar Escuadrón Sur,"Calle Calle Volcán Lonquimay 3101, Sector Escuadrón Sur, Coronel",08102,Coronel,08,Biobío,Servicio de Salud Concepción,Municipal,-36.9803407088,-73.167529488100001
202306,SUR,SUR Juan Pablo II,Calle Cacique Colin 2049,13302,Lampa,13,Metropolitana de Santiago,Servicio de Salud Metropolitano Norte,Municipal,-33.2831813158,-70.757781125799994
